/*
SQLyog Ultimate v11.27 (32 bit)
MySQL - 5.7.17-log : Database - quickit
*********************************************************************
*/

/*!40101 SET NAMES utf8 */;

/*!40101 SET SQL_MODE=''*/;

/*!40014 SET @OLD_UNIQUE_CHECKS=@@UNIQUE_CHECKS, UNIQUE_CHECKS=0 */;
/*!40014 SET @OLD_FOREIGN_KEY_CHECKS=@@FOREIGN_KEY_CHECKS, FOREIGN_KEY_CHECKS=0 */;
/*!40101 SET @OLD_SQL_MODE=@@SQL_MODE, SQL_MODE='NO_AUTO_VALUE_ON_ZERO' */;
/*!40111 SET @OLD_SQL_NOTES=@@SQL_NOTES, SQL_NOTES=0 */;
CREATE DATABASE /*!32312 IF NOT EXISTS*/`quickit` /*!40100 DEFAULT CHARACTER SET utf8 */;

USE `quickit`;

/*Table structure for table `act_evt_log` */

DROP TABLE IF EXISTS `act_evt_log`;

CREATE TABLE `act_evt_log` (
  `LOG_NR_` bigint(20) NOT NULL AUTO_INCREMENT,
  `TYPE_` varchar(64) COLLATE utf8_bin DEFAULT NULL,
  `PROC_DEF_ID_` varchar(64) COLLATE utf8_bin DEFAULT NULL,
  `PROC_INST_ID_` varchar(64) COLLATE utf8_bin DEFAULT NULL,
  `EXECUTION_ID_` varchar(64) COLLATE utf8_bin DEFAULT NULL,
  `TASK_ID_` varchar(64) COLLATE utf8_bin DEFAULT NULL,
  `TIME_STAMP_` timestamp(3) NOT NULL DEFAULT CURRENT_TIMESTAMP(3) ON UPDATE CURRENT_TIMESTAMP(3),
  `USER_ID_` varchar(255) COLLATE utf8_bin DEFAULT NULL,
  `DATA_` longblob,
  `LOCK_OWNER_` varchar(255) COLLATE utf8_bin DEFAULT NULL,
  `LOCK_TIME_` timestamp(3) NULL DEFAULT NULL,
  `IS_PROCESSED_` tinyint(4) DEFAULT '0',
  PRIMARY KEY (`LOG_NR_`)
) ENGINE=InnoDB DEFAULT CHARSET=utf8 COLLATE=utf8_bin;

/*Data for the table `act_evt_log` */

/*Table structure for table `act_ge_bytearray` */

DROP TABLE IF EXISTS `act_ge_bytearray`;

CREATE TABLE `act_ge_bytearray` (
  `ID_` varchar(64) COLLATE utf8_bin NOT NULL,
  `REV_` int(11) DEFAULT NULL,
  `NAME_` varchar(255) COLLATE utf8_bin DEFAULT NULL,
  `DEPLOYMENT_ID_` varchar(64) COLLATE utf8_bin DEFAULT NULL,
  `BYTES_` longblob,
  `GENERATED_` tinyint(4) DEFAULT NULL,
  PRIMARY KEY (`ID_`),
  KEY `ACT_FK_BYTEARR_DEPL` (`DEPLOYMENT_ID_`),
  CONSTRAINT `ACT_FK_BYTEARR_DEPL` FOREIGN KEY (`DEPLOYMENT_ID_`) REFERENCES `act_re_deployment` (`ID_`)
) ENGINE=InnoDB DEFAULT CHARSET=utf8 COLLATE=utf8_bin;

/*Data for the table `act_ge_bytearray` */

insert  into `act_ge_bytearray`(`ID_`,`REV_`,`NAME_`,`DEPLOYMENT_ID_`,`BYTES_`,`GENERATED_`) values ('0972ad4c-c380-11e7-8db5-2c4d5453f651',1,'source-extra',NULL,'PNG\r\n\Z\n\0\0\0\rIHDR\0\0h\0\0\0\0\0/ke\0\0\0 cHRM\0\0z&\0\0\0\0\0\0\0\0\0u0\0\0`\0\0:\0\0pQ<\0\0\0gAMA\0\0|Q\0\0\0sRGB\0\0\0\0bKGD\0\0\0\0\0\0	pHYs\0\0\0\0+\0\0nIDATxpUsDǪU|uºvJwj%Hen;:g:m[wkKD(PhDg񵋈X(C1yܛFp<o̜9{?$\0\0\0\0\0\0\0\0\0\0\0\0\0\0\0\0\0\0\0\0\0\0\0\0\0\0\0\0\0\0\0\0\0\0\0\0\0\0\0\0\0\0\0\0\0\0\0\0\0\0\0\0\0\0\0\0\0\0\0\0\0\0\0\0\0\0\0\0\0\0\0\0\0\0\0\0\0\0\0\0\0\0\0\0\0\0\0\0\0\0\0\0\0\0\0\0\0\0\0\0\0\0\0\0\0\0\0\0\0\0\0\0\0\0\0\0\0\0\0\0\0\0\0\0\0\0\0\0\0\0\0\0\0\0\0\0\0\0\0\0\0\0\0\0\0\0\0\0\0\0\0\0\0\0\0\0\0\0\0\0\0\0\0\0\0\0\0\0\0\0\0\0\0\0\0\0\0\0\0\0\0\0\0\0\0\0\0\0\0\0\0\0\0\0\0\0\0\0\0\0\0\0\0\0\0\0\0\0\0\0\0\0\0\0\0\0\0\0\0\0\0\0\0\0\0\0\0\0\0\0\0\0\0\0\0\0\0\0\0\0\0\0\0\0\0\0\0\0\0\0\0\0\0\0\0\0\0\0\0\0\0\0\0\0\0\0\0\0\0\0\0\0\0\0\0\0\0\0\0\0\0\0\0\0\0\0\0\0\0\0\0\0\0\0\0\0\0\0\0\0\0\0\0\0\0\0\0\0\0\0\0\0\0\0\0\0\0\0\0\0\0\0\0\0\0\0\0\0\0\0\0\0\0\0\0\0\0\0\0\0\0\0\0\0\0\0\0\0\0\0\0\0\0&g˖-=pꯄuz4Jzെ{ǎG5\ZB@_o7?vhQQQ2pINNiPоIYYY}&^WW}kj\r8-[O<1u7n~JJJ;wy;5\Zhjᬼ:+5|p U\Z2dHݻ9cƌ̙Y\rѓk\rhfݺuݻ:`O<]a֕IIIUIN^aRokd%%%߸+8=8z\r@7WWW8~%uֆt뵇w_N2UUW&%>xok}M/UC\ZB@Yvt8^pnHj=W%\r\rksrssO_jչjVCh@TꟋRG\Z/TSYrƯzw\\\\]i5P[[;.Np$O}mgРAsrr.QC\ZB@Z8xx$_~q/!zZ\r!-444@tr=ЀԫpЧ</FB\rtǍNTN2TNFB\rt^$COH>wڥ\Z5\Z2u>q[C}]R8!Ѐ?<wxRO,_j\r\ZN`p\0@*v6~~X~UW$nx$|¸dة\'zk8h@[L鿓]k>6v2o$Ր\Z+NAJx,sԳ7	ٸ FTCj4-vжAߨ!ĿG\Z,`\Z\0\0\0 \0p$@/{ӦM3޽{`eee$//aaÆ\r2d]QQO_b\0cڴi\'ɩTj|::,Eanhh~Rnn+A3g=;wa}:/L>\'!%Iivu믿~5k&zu=ܫ:ԩS\'\rL\ns°~vrXOiؠ^?\ZdK^q%7oɨQw{iq>|xrg\'ӧOO>xtM?C9 @;	}t\\jhh>!<nBxkC`裏nР;woWXqIR_>MsaI\\%Kl57\rM28JBЦb/})9s#G&\rJ8p Hvؑ]6yג~ԩwǽi\ZY\'xg7ߜvizK.$93{49sf\'Z٤	,)ō\'6~R>}\Z?>9\Z˓z*d2.s=BZaiNm(Nٳ_jմoI\'qyje6	gqΡxa=kqqlqf\r7c׭[wM7ݔo*>߭+Ngjmcǜ8d֬YF|\\|!WݩZ;w|rҤI9m笥\'+,\0.Jn\Zs!)qYkį>7y\ZtﶚqX{?`Sۮsx99yHv~w4Ryy-MիW3f\rfv,..a&LZC74]ךGoҤI_aްd~o^yqj8P,ZhG\rMRTT)SəN_|GTj#FT*5P<C@&/7.\'lN4zѣGv;vlzժUI/oNrZxCDsέV![>auE+B\rUM:uYf\Z:tƬ7]C<3N</7ԙFϴ\\pA<sw7\\:ɫI>\\_ZZZli\Za]J&%!=ڲ[Ѹq,РGXv8!|6Ga$Wx:{EPCtx+C]9bĈ\rk(Mw:S8j:U@#8pOܝݑjjjb@>fuᦉ{E.S{0`D\rqx\\C!O>9PP[<0\r:Xmmmn<yGZfM\\AowdQS\Z]we).N^H֯_m5lm5Ƒ)7)FիW:ludH;s%K_g3ai n-wƌs:N?{\ZXı;w5TJ05ooi\Z՛4NJb`QQQ΂є-\\pVGvËpcgֹaog² +AtK-Z8&Æ\rk<Rq̙]P(	뜖567\':oπ=\Zt7Vжonx6tK{:һVjhEXZBPCG.O<0 9TGG64wy\'mnǎͯn:t6m4s3a]z_z~²<eC\rсrTC!=~4?~|{ͯ>\r-u***?1cFvCuF\"~mVsrr&5D3/ō7&{mjכf:,xky#-l^]]Nr{P5DP쯧N:,=䩧j?pŊMy^<	hd?F\Zտ=ysz3^gd~俍\Z\"k?rQW6k׮dٲe_C(=6-_=ϼy?xEZZ/ǽh{om!N_yy\ZYn[fo߾cʕg9?!@HM}QRRg?kuH,퐪_hd8ƠﾻOGSVV{֬Y\Z\Z\Zn[oimס?1\\lO[lIB<\\M6}|[gwZ@#-^xч~3g߮mܺu[n%SWWwx\0m_BZܓvm	ZN2{D~!5>y_;He6wʔ)wyN<yϷ>g=;%t&s.@RԠ8v,\Z5*7n\\r)4<u ~CYW_KCMMMSnF2+..^t+W\\wucƌYK/=?{?t\ZB\'kMvC_;;NoA-cb.i^cκ0e#.o_9r-CQXXw۷j֭zkd:_߷{\0:kCPpŰ<kƏ3H?6mڴ6o|owq`X⠇x:Ǻä\0__ZSO\\uh<sCO48uX{h@5	\0 \0 \0h\0\0h\0\0\Z\0\0\Z\0\0\0 \0 \0 \0h\0\0h\0\0\ZХRL}}2jVCh@TVVj. Jj\Z\ZB&Yo>??j5DO!4KJJ444hΕ.++\ZK=Ѐ&N!N{hγm۶2̎/x\Z\Zptvqpwm%%%_\ZG/W@6=ӧOuϞ=8wAA\r`}cƍ\'N|Q\rSk\r8ysUWm(++]Cvh*0j˖-On۶zE-SC\ZxwAr3srr~;zСۆ>5ܖuZ\'}e޽g_I]r%!\ZzGR	aBjlH>aIw̭\0\0\0\0\0\0\0\0\0\0\0\0\0\0\0\0\0\0\0\0\0\0\0\0\0\0\0\0\0\0\0\0\0\0\0\0\0\0\0\0\0\0\0\0\0\0\0\0\0\0\0\0\0\0\0\0\0\0\0\0\0\0\0\0\0\0\0\0\0\0\0\0\0\0\0\0\0\0\0\0\0\0\0\0\0\0\0\0\0\0\0\0\0\0\0\0\0\0\0\0\0\0\0\0\0\0\0\0\0\0\0\0\0\0\0\0\0]Xu\r*\0\0\0\0IENDB`',NULL),('102502',1,'92516.bpmn20.xml','102501','<?xml version=\"1.0\" encoding=\"UTF-8\"?>\n<definitions xmlns=\"http://www.omg.org/spec/BPMN/20100524/MODEL\" xmlns:xsi=\"http://www.w3.org/2001/XMLSchema-instance\" xmlns:xsd=\"http://www.w3.org/2001/XMLSchema\" xmlns:activiti=\"http://activiti.org/bpmn\" xmlns:bpmndi=\"http://www.omg.org/spec/BPMN/20100524/DI\" xmlns:omgdc=\"http://www.omg.org/spec/DD/20100524/DC\" xmlns:omgdi=\"http://www.omg.org/spec/DD/20100524/DI\" typeLanguage=\"http://www.w3.org/2001/XMLSchema\" expressionLanguage=\"http://www.w3.org/1999/XPath\" targetNamespace=\"http://www.activiti.org/processdef\">\n  <process id=\"leave\" name=\"cs011\" isExecutable=\"true\">\n    <startEvent id=\"sid-6D47EAC9-109F-46F2-B0EF-0D1953D8547D\"></startEvent>\n    <userTask id=\"sid-F5676A61-8CCE-4323-9201-1701E71CD81F\" name=\"cs01\"></userTask>\n    <sequenceFlow id=\"sid-45835F03-A74D-4955-8889-1F8D2D953846\" sourceRef=\"sid-6D47EAC9-109F-46F2-B0EF-0D1953D8547D\" targetRef=\"sid-F5676A61-8CCE-4323-9201-1701E71CD81F\"></sequenceFlow>\n    <userTask id=\"sid-7A12762F-A735-4BB5-BA28-7FF3F21F39D6\" name=\"cs02\"></userTask>\n    <sequenceFlow id=\"sid-A00980D9-9EF0-476B-BCB6-F2CA50966E3F\" sourceRef=\"sid-F5676A61-8CCE-4323-9201-1701E71CD81F\" targetRef=\"sid-7A12762F-A735-4BB5-BA28-7FF3F21F39D6\"></sequenceFlow>\n    <userTask id=\"sid-A30C477F-76F9-4C38-B057-CDA094A2B817\" name=\"cs03\"></userTask>\n    <sequenceFlow id=\"sid-E780DD27-4279-4555-B08E-C665279AF239\" sourceRef=\"sid-7A12762F-A735-4BB5-BA28-7FF3F21F39D6\" targetRef=\"sid-A30C477F-76F9-4C38-B057-CDA094A2B817\"></sequenceFlow>\n    <exclusiveGateway id=\"sid-CE95D884-6C8D-433A-B66C-13B9FF273AE1\"></exclusiveGateway>\n    <sequenceFlow id=\"sid-FBB884B5-A2E1-4D80-8A84-64F6BD186E84\" sourceRef=\"sid-A30C477F-76F9-4C38-B057-CDA094A2B817\" targetRef=\"sid-CE95D884-6C8D-433A-B66C-13B9FF273AE1\"></sequenceFlow>\n    <userTask id=\"sid-5A7B2442-8589-46C8-9FA7-DD5DACDA574C\" name=\"cs04\"></userTask>\n    <sequenceFlow id=\"sid-6AF427D8-4C86-46F4-B387-C71D9E9ADAFC\" sourceRef=\"sid-CE95D884-6C8D-433A-B66C-13B9FF273AE1\" targetRef=\"sid-5A7B2442-8589-46C8-9FA7-DD5DACDA574C\"></sequenceFlow>\n    <userTask id=\"sid-CE6842C8-B248-40D6-B25D-FCE5FAFD7B78\" name=\"cs05\"></userTask>\n    <sequenceFlow id=\"sid-AF8542E3-2579-4F4C-967B-A1F3A7344FF7\" sourceRef=\"sid-CE95D884-6C8D-433A-B66C-13B9FF273AE1\" targetRef=\"sid-CE6842C8-B248-40D6-B25D-FCE5FAFD7B78\"></sequenceFlow>\n    <endEvent id=\"sid-89C628F1-4139-4A09-A671-D66EF08FA979\"></endEvent>\n    <sequenceFlow id=\"sid-CEA47563-B6D7-4525-A5DC-5433B8900D29\" sourceRef=\"sid-CE6842C8-B248-40D6-B25D-FCE5FAFD7B78\" targetRef=\"sid-89C628F1-4139-4A09-A671-D66EF08FA979\"></sequenceFlow>\n    <sequenceFlow id=\"sid-40CF83A7-6DFB-46E1-9E78-061270F4EDC9\" sourceRef=\"sid-5A7B2442-8589-46C8-9FA7-DD5DACDA574C\" targetRef=\"sid-89C628F1-4139-4A09-A671-D66EF08FA979\"></sequenceFlow>\n  </process>\n  <bpmndi:BPMNDiagram id=\"BPMNDiagram_leave\">\n    <bpmndi:BPMNPlane bpmnElement=\"leave\" id=\"BPMNPlane_leave\">\n      <bpmndi:BPMNShape bpmnElement=\"sid-6D47EAC9-109F-46F2-B0EF-0D1953D8547D\" id=\"BPMNShape_sid-6D47EAC9-109F-46F2-B0EF-0D1953D8547D\">\n        <omgdc:Bounds height=\"30.0\" width=\"30.0\" x=\"45.0\" y=\"90.0\"></omgdc:Bounds>\n      </bpmndi:BPMNShape>\n      <bpmndi:BPMNShape bpmnElement=\"sid-F5676A61-8CCE-4323-9201-1701E71CD81F\" id=\"BPMNShape_sid-F5676A61-8CCE-4323-9201-1701E71CD81F\">\n        <omgdc:Bounds height=\"80.0\" width=\"100.0\" x=\"150.0\" y=\"105.0\"></omgdc:Bounds>\n      </bpmndi:BPMNShape>\n      <bpmndi:BPMNShape bpmnElement=\"sid-7A12762F-A735-4BB5-BA28-7FF3F21F39D6\" id=\"BPMNShape_sid-7A12762F-A735-4BB5-BA28-7FF3F21F39D6\">\n        <omgdc:Bounds height=\"80.0\" width=\"100.0\" x=\"300.0\" y=\"30.0\"></omgdc:Bounds>\n      </bpmndi:BPMNShape>\n      <bpmndi:BPMNShape bpmnElement=\"sid-A30C477F-76F9-4C38-B057-CDA094A2B817\" id=\"BPMNShape_sid-A30C477F-76F9-4C38-B057-CDA094A2B817\">\n        <omgdc:Bounds height=\"80.0\" width=\"100.0\" x=\"435.0\" y=\"120.0\"></omgdc:Bounds>\n      </bpmndi:BPMNShape>\n      <bpmndi:BPMNShape bpmnElement=\"sid-CE95D884-6C8D-433A-B66C-13B9FF273AE1\" id=\"BPMNShape_sid-CE95D884-6C8D-433A-B66C-13B9FF273AE1\">\n        <omgdc:Bounds height=\"40.0\" width=\"40.0\" x=\"270.0\" y=\"225.0\"></omgdc:Bounds>\n      </bpmndi:BPMNShape>\n      <bpmndi:BPMNShape bpmnElement=\"sid-5A7B2442-8589-46C8-9FA7-DD5DACDA574C\" id=\"BPMNShape_sid-5A7B2442-8589-46C8-9FA7-DD5DACDA574C\">\n        <omgdc:Bounds height=\"80.0\" width=\"100.0\" x=\"375.0\" y=\"300.0\"></omgdc:Bounds>\n      </bpmndi:BPMNShape>\n      <bpmndi:BPMNShape bpmnElement=\"sid-CE6842C8-B248-40D6-B25D-FCE5FAFD7B78\" id=\"BPMNShape_sid-CE6842C8-B248-40D6-B25D-FCE5FAFD7B78\">\n        <omgdc:Bounds height=\"80.0\" width=\"100.0\" x=\"105.0\" y=\"300.0\"></omgdc:Bounds>\n      </bpmndi:BPMNShape>\n      <bpmndi:BPMNShape bpmnElement=\"sid-89C628F1-4139-4A09-A671-D66EF08FA979\" id=\"BPMNShape_sid-89C628F1-4139-4A09-A671-D66EF08FA979\">\n        <omgdc:Bounds height=\"28.0\" width=\"28.0\" x=\"276.0\" y=\"405.0\"></omgdc:Bounds>\n      </bpmndi:BPMNShape>\n      <bpmndi:BPMNEdge bpmnElement=\"sid-CEA47563-B6D7-4525-A5DC-5433B8900D29\" id=\"BPMNEdge_sid-CEA47563-B6D7-4525-A5DC-5433B8900D29\">\n        <omgdi:waypoint x=\"205.0\" y=\"369.25925925925924\"></omgdi:waypoint>\n        <omgdi:waypoint x=\"277.9168457812088\" y=\"411.9291171608555\"></omgdi:waypoint>\n      </bpmndi:BPMNEdge>\n      <bpmndi:BPMNEdge bpmnElement=\"sid-AF8542E3-2579-4F4C-967B-A1F3A7344FF7\" id=\"BPMNEdge_sid-AF8542E3-2579-4F4C-967B-A1F3A7344FF7\">\n        <omgdi:waypoint x=\"278.2608695652174\" y=\"253.26086956521738\"></omgdi:waypoint>\n        <omgdi:waypoint x=\"205.0\" y=\"304.81481481481484\"></omgdi:waypoint>\n      </bpmndi:BPMNEdge>\n      <bpmndi:BPMNEdge bpmnElement=\"sid-E780DD27-4279-4555-B08E-C665279AF239\" id=\"BPMNEdge_sid-E780DD27-4279-4555-B08E-C665279AF239\">\n        <omgdi:waypoint x=\"400.0\" y=\"70.0\"></omgdi:waypoint>\n        <omgdi:waypoint x=\"485.0\" y=\"70.0\"></omgdi:waypoint>\n        <omgdi:waypoint x=\"485.0\" y=\"120.0\"></omgdi:waypoint>\n      </bpmndi:BPMNEdge>\n      <bpmndi:BPMNEdge bpmnElement=\"sid-45835F03-A74D-4955-8889-1F8D2D953846\" id=\"BPMNEdge_sid-45835F03-A74D-4955-8889-1F8D2D953846\">\n        <omgdi:waypoint x=\"74.42285921461234\" y=\"109.12081691846068\"></omgdi:waypoint>\n        <omgdi:waypoint x=\"150.0\" y=\"130.71428571428572\"></omgdi:waypoint>\n      </bpmndi:BPMNEdge>\n      <bpmndi:BPMNEdge bpmnElement=\"sid-A00980D9-9EF0-476B-BCB6-F2CA50966E3F\" id=\"BPMNEdge_sid-A00980D9-9EF0-476B-BCB6-F2CA50966E3F\">\n        <omgdi:waypoint x=\"200.0\" y=\"105.0\"></omgdi:waypoint>\n        <omgdi:waypoint x=\"200.0\" y=\"70.0\"></omgdi:waypoint>\n        <omgdi:waypoint x=\"300.0\" y=\"70.0\"></omgdi:waypoint>\n      </bpmndi:BPMNEdge>\n      <bpmndi:BPMNEdge bpmnElement=\"sid-FBB884B5-A2E1-4D80-8A84-64F6BD186E84\" id=\"BPMNEdge_sid-FBB884B5-A2E1-4D80-8A84-64F6BD186E84\">\n        <omgdi:waypoint x=\"435.0\" y=\"181.7948717948718\"></omgdi:waypoint>\n        <omgdi:waypoint x=\"303.92857142857144\" y=\"238.92857142857142\"></omgdi:waypoint>\n      </bpmndi:BPMNEdge>\n      <bpmndi:BPMNEdge bpmnElement=\"sid-40CF83A7-6DFB-46E1-9E78-061270F4EDC9\" id=\"BPMNEdge_sid-40CF83A7-6DFB-46E1-9E78-061270F4EDC9\">\n        <omgdi:waypoint x=\"375.0\" y=\"369.25925925925924\"></omgdi:waypoint>\n        <omgdi:waypoint x=\"302.0831542187912\" y=\"411.9291171608555\"></omgdi:waypoint>\n      </bpmndi:BPMNEdge>\n      <bpmndi:BPMNEdge bpmnElement=\"sid-6AF427D8-4C86-46F4-B387-C71D9E9ADAFC\" id=\"BPMNEdge_sid-6AF427D8-4C86-46F4-B387-C71D9E9ADAFC\">\n        <omgdi:waypoint x=\"309.9261992619926\" y=\"245.07380073800738\"></omgdi:waypoint>\n        <omgdi:waypoint x=\"425.0\" y=\"245.5\"></omgdi:waypoint>\n        <omgdi:waypoint x=\"425.0\" y=\"300.0\"></omgdi:waypoint>\n      </bpmndi:BPMNEdge>\n    </bpmndi:BPMNPlane>\n  </bpmndi:BPMNDiagram>\n</definitions>',0),('102503',1,'92516.leave.png','102501','PNG\r\n\Z\n\0\0\0\rIHDR\0\0!\0\0\0\0\0E?\0\0,IDATx\\u}7PDmRĚJP^kb_mm-iņn\Z)xҀD4h0ҠMmĈ@	\rF ے4@$gfo;<ݙd9gΌ\0\0\0\0\0\0\0\0\0\0\0\0\0\0\0\0\0\0\0\0\0\0\0\0\0\0\0\0\0\0\0\0\0\0\0\0\0\0\0\0\0\0\0\0\0\0\0\0\0\0\0\0\0\0\0\0\0\0\0\0\0\0\0\0V(ݴiӂիWt%K0OGGGaʕ?iF0RYjUa텽{;vVXt3\04D\"wɒ%\04tFZ	@CH$U	)X+PB*٧6m\05+!vv½\\ߤ}ʃ\05)!<_<(!\0P+t\0@MJ}KfW-!>A	\0%D	SBҳat\0@MJ;X%\0jRB\\Woe}ʃ\05)!i6=nS\0]	ٳk<%\0+>xsT%\0SزqYᇷ}j)O(!\00r(!\0PҗQ&\0P	h)2\0JQB\0@	QB\0@	1J\0(!J\0(!F	\0%D	\0%(!\0(!\0%\0%\0\0%\0%\0\0@rܒw)!J\0)SҤ2fߡ(!\00%bniψ\0@KHמ2(!\00,%rH:L(!\06fDF	Nf$/UB,-{k줦C)!@ P_(SBjUBN^>j	y\n\'ONXqǕ~%D\0\Z,|2gΜbx衇F9Sؽ{w>%D\0aV%dǎX`A}7pCa]{c9ܹs(!ӦM+u)!2(!Ό3%(]2&u?{,\ZoF%D\0%z>7o.\\r%]e$ziOHO{;RI}NL9@@	9pʇbnZth̛7Y+\ZsBRQ휐K?N{V.TBd PB1a\">.7s^}%=gǼﺽ{AQBd PB\\\'%(!2(!J2JQBd PBd @ (!@ (!F	9@@	QBd PB\"sBuW+xBz[[[G?MW^y1a!]>o\'?CPk-^Y|)$ݾ}{~!JJ>?>D (!F	9[ԧ\\tEł/{)\\|/̜9sC&y@PB\"sޏCoeg}vaѢE*vmӧ?oA	1Jduy|PxQh1cXRPB\"sQ\nH:c(}W.kJQBdI瀤C0C=\"ӦMEK[ %DPsM-|KK,qbC5=?i9眭{Au@pý޻bøt%t2`_ӧO\Z+q@@	1Ji`Rs-X9.JQBdNK.>뮇cXdȜ^n˖-ZBnݺ=V,}bҫ_n/Vݖ@@	1Jii$X9.]NӦMV^ҥKa5\Z\'={(\\\'1cJ0<̟\r~=!}\nȪU#7;v(X($g(!F	QBw>\'\'sB.Q@ꦈ썍ņ^jӺݱ^vJHùK7c16/1Xr>kc*!g?ٹy}\\.` d2QnlٲӖ/_Զm۞T@:::+c=񊩻l}1<\Zl6{u^QX	y-Mk/︼8tWB\rߤy֤;Q>ioP@p,J ƒCcncEXUV6+JȊxt̷s\\ڽ%d}_Zt[OyPB`cVBIT:묳2\\pa3ϯUtڎ%+\r1Y4ǟÔ:%\ZK	^SSӡR9sEմO^~v%vuosVk\rw\\Y%\ZdoH%$=ӧ?֤[?Ċp@W(̏I9d^%%t@lz:7d @kkk̙3KOJ?w#T:bTBJe\'o}G+!J\r7dsAFjH\nHx{m07JmVw2KHz6LSh֧o>;Uw~>i?\'~6˭/zCߜN|%d_ZB}ʃ\r\r{GŹ \'[\"sq|~̙3]\\d7EYNB9 CSWd}/;PLܖShmX{AFyF*#mmmۯwR~ѻbt`:::={[cÞ.D*?]-5tqt\Z6iiL散|JHMqPB]\'buP<b6W-]ڐyhXK?xL̒z|JȞ=w]sࡘ-ݧ<(!WջӋg׮reþrʟĴZ#ԩS_VBQU	Ij}\nȪU\n^p_bŊ]ֿq䫖={\n[6.+T- I>^%&Q@ꦈ\nrtWD	J`UVRi.\'_{U|3̛SB\"~W#s?|N~;KVS /@gRشӤmrB0Bs9tnI八w^(nsWP\'z|=-~?%D @/2zwWy}/;+t9Աtݑl6J	)J@z,!^[0URow\"@	90d!lHr/\0VBҳat9w	IOͽ#K:Q)!ꭄlUKHOV\Z(@̜\';[|فbt9(!F @2g(!69!sPB@eΞ=w]sࡘe#&sB2%ٳe>f#`Ps#&ӗ2%PGv#@d9#@d9#9F \"\n92@\0cdas=W<yr*N/	9F v̙S,=PW)w?~;)@@yvQ]Eb]p\rwwvݗ>>cϝ;wR?\02B3cƌbax\nk׮ݯLݻt_|J#s2}6o\\KH:Ӟ뮻N	cdS>uC0Eb޼yg͚_(ʸnTE sA T1aҐ>.7s^}%=gǔOLM>G QBdd9#@d9#@d9#@d9#@dNM&]q=^ {)L6xG]%D	3$S~\ZV㺽,Dz=yO6ӫ}×9#9#<;vzͪ4,/4K͜;wnE#-2%d3cƌbQx\nk׮=`FGW?%ZVx+\nv9(! s^PK.*#KO{B<u\n2`2g|(&<չ+?k֬DTTpNĉ{P?|%%dN{;&LU$fΜYKRgÔ1]2%d9#9F @\0#s@ 9F @\0#s@ 9F @\0#s@ 9F @\0#s@ 9F @\0#s@ vu?tR3#Y+ZZZ~kʔ)sO^xg+!0nʕ+l߾/cLgg\"6X++fϞ(,y<#--[˗?m۶BT@:::9ZKlQ:~:K9~b7)V5P@Z!ͰOZF(oQ<79J\0C&\nǟFV1d~*!J\0J[[ˢpc]a|qSB\0(-fQ+!J\0K>(lL&;J\0thSP.Pz`M%D	Mp\\㱘;1\0xf/ǿ=\0@!lvR%Q<:c>d(!\04SO=xccEi)_մ%c~?_	QB\0h0Q6bY1GPB\0\Z@i6}o{rrG{Ztxfz*)\0cx|2fk[|^+Wnپ}P^;x\0-\nۣpܘj\Zz-[v˟ڶmI\rFhqg(g2#{\rߤ|M:I0>ioP@\0(\Z1+ј1^j\0\0*of_*]|>\n\0P+D(<%SN\0L&(󣘻cm`\0\05el6UMrwY*\0@477O1;x|&\0ĉqf6A\r#}US\0`d2([bn7b\0\05emQ:楧f2\n\0P\"bQ:ΈYp̅mmmGY2\0@M_fEx$fe.쪦\0@D8!J?C.W\0!Q8NN\'N6c\0\051uWզƬMOMOd\0OKFИ\0Lz6tIҥՏT\0H/\ZcZG	y tƒ\0j\"ƯDtQD&sUS\0Vp^\r)1Dߖ\n\0P\"bQ6:˭H.6f\0\05.(cE$㪦\0@D8>JK\\\Zs\0Բ|y-Q:\\z\0oT)\\.73J1D	yqrLvT1>\nǕ骦va<\00YΘJo\'y(j\ZL=\00zHx=!;ꭈţ5JǚQ>^Q@vqtKc:,5UM`T; E|#f\'Ju^\0N9Xe27gϞ(G#(\"׿\0cß~~Q[[ˢH`El+&t\n\0^4՟\"GL!fw.{uOߜfy2_?2௏Bqvc777YmQP>o_`\'ٿ]Q*u+![+ܗf۳!\r\02TrG$[K<ssssxH\0`~Riƙ_wɪmmmGEXr<\0XdRE򸟿>̗QD}]WIdqkRl6\04VI,B?He)ϴz}`4_\0Uў\nEoEϟ?<^|߾\"EԦl6oc1cq2*\0rr?EOEOK\0#W6=XWݫ\0S@Z\0\rH\01X@z+\"?\ZD\0\"SL^D#\0cQp tn]3JƯ\0=	fqJ\06朐(!\04XϞjO1)\"\0E``UN:!J\0\r`{\"z!!=J\0^	E) J\08#&Wv_O;!%\0N:餫O=_CυȪ}*!\0?rܫc͘\roxT1m\\v{}\0Xywl,fWVyQ<3!%\0&Nxxǆ?S\0?d{S{!%\0~.˝1Y$\'IJ@qѱQX_|,j(!\0E\\ t̩8Z,ҥ]	%,6/	CO\\*\'r%eٷƬ\rע5t=\"\0)H\'r3k_t/\nJ@#qLwbP\\<R@PB\0\Z;*托˛6Ri(!\0\'aŘ͹\\]#-Q@	h0lwx(#GZ\"(!\0!N\'Fi8PB\0c#s%@e\"طۏg2Z\"(!\0)(_P(˽A	`8b6DʩJ\0vH6(|[bq\0PsLW#ƬA	_Gxo={K,\0jjԩ/X\"(!\0GX\\.w]&y%@M-ltiJ\0c:K%fޏYN>E	ק?,\0#OzK?gX\"(!\0Tz㏥kļA	UOc:b^k\0PsP:K%jiiyo+Z\"(!\0\\.{gC1d2#,\0jte1[bND@	w%r\\kxqN>ǢT:2k,)Ad2GFΏ/\no[\"(!W[	f,)A1_hkk{%]E^J\0 h\'c+K(!\'V+!QO\0 ;1tuw\"LDjܐ5\0th[N>=\rq.@ρyarTo][--}Yh/@/J{AvrK*rIq#&Nx*!8dKNxb:_XJ0߯!\0tz_k;{8q2і芩0\n¡6mZz.]ZXd(\\\'1%ƿTy*( o\"7F܀Q\'ɪU\n۷o/ݻ׌رbŊ#Xr\'ʎ\rSJF @lq}^Bk/rÔsZɨvEYxUJO%,Ll6;ڋ0iV2*c~*Lҳ`hp8az\rk%c:L}jKaӚ;./Nz?&\0>Lx[3F	AYKr~nK	aܐrj&AR/!7&L6qe0I	aܐrj&-]5L}B@ 7\0a\"L@n\r;aj&>! LrCn@Md_\Z&>! LrCn@Mu_v.ո-\'	rCn\rI|$&\0	rCn\r]Sx5R}B@ 7܀!teBc>W?&\r!7`$RٲqYᇷ}j\'}N\\ܐ009_1&\r!7&aҗbzF(ܐ00hG(ܐ001\0a\"L@n01\0a\"L@n01aarCn01aarCn01aarCn01ar0ar0a䆑 L	\r䆑 L	\r䆑a\"L@n\r&D 7rnݚ~7=\0a<sɓ\'\"M|߱u{y	ȍr<g}v\'xBn0y̙J?c	Hp7o0ٱcG!w\nǏsh̝;]_wwڵk+V(zc=Lf̘WG\ne\"ݻt_|}ŋYוw\nrcΝSQB¤2͛\\rIWT(Vu]Wht/(FXhQaڴioO|x{:7Dn.tFz+20͛W|֬Y8z8\'8\'CnǞh0Ia0a@H9sf}A477x{o}k01ʳcawq܀&r\r& 7ar\r&\r#7@r&\r#7@r&\r#7@r&\r#7&Fܐ L	\r#7&Fܐ L	\r#7&F 7\0a\"L@n\r&F 7\0a\"L@n\r&`s뭷\n^ZO*!yg\nguVaʔ)IIe6xZOwV	%d,S	Y)˝n\r^^[ZO*!0bnO2ㄴ1rC	%¤l61=S\ZpI[K_Z(7PB\Z,LN+!rLglMXsCzַiJ(!\r&ax{l3|>6k/C-WiY7\"LH<sm.{JQO֫~loPB@	i0d2GsZ鯴ޤtߧJn(!0l.]ꗸ~fwɾ~nD{ٓcIQ@֥\'Grqrʕ+l߾/rLgg\"L6p296&ۛZZZ^gͦ~ĺ2Yn4nn[li˗/j۶mdRttt<s vOeGG&Nx5>~Nܐ0bMzMڥ-a7U渘q6d\r\')i}(\rP\rϻc!-|͖HI{߉?\0æ\\PE&y29=qz~Z,\0Fj XLtcxzc\0P/wU|w-#=qYgK3{Ć}1[c)ɼRǘ-\\nFz|-\0Z[[Qձs+?=~qL[!#6d?eԿ8+=nD\0by46p7Z\"u<o-\0ƌSN9qTzjgL&KC<&J˧d\00&e7|+6z?-},&!|>K\0B%22E0˝l\0pҡthơ1uWĲ\0Th:2ΖW[[[D\0BssFrmrO\ZI/O5-_K\0(]ul\Z|>˱q\0OOhJ\\Qѥ`ї_<\\.NK|J/\"2\nX\"\00bÚy,|u\ZK+哷D\0`7^~X#/PZNZ\05ߜfoA~V\0n\'ņ1s\\#̙L^?[\0`L8 tH>Ϗyu}ϕ~yI=\0PZZZ^b#p\\Jθ^l6{n|?zuS9=\0PbC}Rld2ot}1{&m˅!\nS([KH.OIH[4fܾ4<<\0P|TUW,mԗ6~KscsG|~[_-}GtӿI?G\0FtElįyt{Yh _[?GO*\něgt(Kx\n\0qGlwPv\'SW~nKKKӟtaٲeG}3{Y;W]uUaԩ=)yӘ=j\00~vo{+IQ^,7xca텾عsgu+3*,#\0c@?= /u]tQ\"Қ{ٗN>|W˺T:T3gΜt}?}=i\0cAWią2KO]Uzʾ={@[@*H=\"/Jiv||qS\\~\00L9 =ۡsDdR\0;Q4TZ7tSՓaT O>dMJHzLg@+]YX>j)]G\\h@+L,_%$]Ь,Kr1RKWV(!Y\0%BfCޞ[QBv[\0%.!\0\0#RB\0H	\0`N\00\"S\rS[[[抩\0@\0T	9֯V*:\0PrI8i\\p{Ar	9.fG,\\ve.\"̙3<]\\K\0O6R>IGdfu0\0P]\"I\'gY0$s@D\0z,눤C5KjW_]83_e,U\0O9\"Or\002rFOH{?<\0te(#**WM/F^&]ݕP\0\0\0\0\0\0\0\0\0\0\0\0\0\0\0\0`X\0\0\0\0IENDB`',1),('102506',1,'92516.bpmn20.xml','102505','<?xml version=\"1.0\" encoding=\"UTF-8\"?>\n<definitions xmlns=\"http://www.omg.org/spec/BPMN/20100524/MODEL\" xmlns:xsi=\"http://www.w3.org/2001/XMLSchema-instance\" xmlns:xsd=\"http://www.w3.org/2001/XMLSchema\" xmlns:activiti=\"http://activiti.org/bpmn\" xmlns:bpmndi=\"http://www.omg.org/spec/BPMN/20100524/DI\" xmlns:omgdc=\"http://www.omg.org/spec/DD/20100524/DC\" xmlns:omgdi=\"http://www.omg.org/spec/DD/20100524/DI\" typeLanguage=\"http://www.w3.org/2001/XMLSchema\" expressionLanguage=\"http://www.w3.org/1999/XPath\" targetNamespace=\"http://www.activiti.org/processdef\">\n  <process id=\"leave\" name=\"cs011\" isExecutable=\"true\">\n    <startEvent id=\"sid-6D47EAC9-109F-46F2-B0EF-0D1953D8547D\"></startEvent>\n    <userTask id=\"sid-F5676A61-8CCE-4323-9201-1701E71CD81F\" name=\"cs01\"></userTask>\n    <sequenceFlow id=\"sid-45835F03-A74D-4955-8889-1F8D2D953846\" sourceRef=\"sid-6D47EAC9-109F-46F2-B0EF-0D1953D8547D\" targetRef=\"sid-F5676A61-8CCE-4323-9201-1701E71CD81F\"></sequenceFlow>\n    <userTask id=\"sid-7A12762F-A735-4BB5-BA28-7FF3F21F39D6\" name=\"cs02\"></userTask>\n    <sequenceFlow id=\"sid-A00980D9-9EF0-476B-BCB6-F2CA50966E3F\" sourceRef=\"sid-F5676A61-8CCE-4323-9201-1701E71CD81F\" targetRef=\"sid-7A12762F-A735-4BB5-BA28-7FF3F21F39D6\"></sequenceFlow>\n    <userTask id=\"sid-A30C477F-76F9-4C38-B057-CDA094A2B817\" name=\"cs03\"></userTask>\n    <sequenceFlow id=\"sid-E780DD27-4279-4555-B08E-C665279AF239\" sourceRef=\"sid-7A12762F-A735-4BB5-BA28-7FF3F21F39D6\" targetRef=\"sid-A30C477F-76F9-4C38-B057-CDA094A2B817\"></sequenceFlow>\n    <exclusiveGateway id=\"sid-CE95D884-6C8D-433A-B66C-13B9FF273AE1\"></exclusiveGateway>\n    <sequenceFlow id=\"sid-FBB884B5-A2E1-4D80-8A84-64F6BD186E84\" sourceRef=\"sid-A30C477F-76F9-4C38-B057-CDA094A2B817\" targetRef=\"sid-CE95D884-6C8D-433A-B66C-13B9FF273AE1\"></sequenceFlow>\n    <userTask id=\"sid-5A7B2442-8589-46C8-9FA7-DD5DACDA574C\" name=\"cs04\"></userTask>\n    <sequenceFlow id=\"sid-6AF427D8-4C86-46F4-B387-C71D9E9ADAFC\" sourceRef=\"sid-CE95D884-6C8D-433A-B66C-13B9FF273AE1\" targetRef=\"sid-5A7B2442-8589-46C8-9FA7-DD5DACDA574C\"></sequenceFlow>\n    <userTask id=\"sid-CE6842C8-B248-40D6-B25D-FCE5FAFD7B78\" name=\"cs05\"></userTask>\n    <sequenceFlow id=\"sid-AF8542E3-2579-4F4C-967B-A1F3A7344FF7\" sourceRef=\"sid-CE95D884-6C8D-433A-B66C-13B9FF273AE1\" targetRef=\"sid-CE6842C8-B248-40D6-B25D-FCE5FAFD7B78\"></sequenceFlow>\n    <endEvent id=\"sid-89C628F1-4139-4A09-A671-D66EF08FA979\"></endEvent>\n    <sequenceFlow id=\"sid-CEA47563-B6D7-4525-A5DC-5433B8900D29\" sourceRef=\"sid-CE6842C8-B248-40D6-B25D-FCE5FAFD7B78\" targetRef=\"sid-89C628F1-4139-4A09-A671-D66EF08FA979\"></sequenceFlow>\n    <sequenceFlow id=\"sid-40CF83A7-6DFB-46E1-9E78-061270F4EDC9\" sourceRef=\"sid-5A7B2442-8589-46C8-9FA7-DD5DACDA574C\" targetRef=\"sid-89C628F1-4139-4A09-A671-D66EF08FA979\"></sequenceFlow>\n  </process>\n  <bpmndi:BPMNDiagram id=\"BPMNDiagram_leave\">\n    <bpmndi:BPMNPlane bpmnElement=\"leave\" id=\"BPMNPlane_leave\">\n      <bpmndi:BPMNShape bpmnElement=\"sid-6D47EAC9-109F-46F2-B0EF-0D1953D8547D\" id=\"BPMNShape_sid-6D47EAC9-109F-46F2-B0EF-0D1953D8547D\">\n        <omgdc:Bounds height=\"30.0\" width=\"30.0\" x=\"45.0\" y=\"90.0\"></omgdc:Bounds>\n      </bpmndi:BPMNShape>\n      <bpmndi:BPMNShape bpmnElement=\"sid-F5676A61-8CCE-4323-9201-1701E71CD81F\" id=\"BPMNShape_sid-F5676A61-8CCE-4323-9201-1701E71CD81F\">\n        <omgdc:Bounds height=\"80.0\" width=\"100.0\" x=\"150.0\" y=\"105.0\"></omgdc:Bounds>\n      </bpmndi:BPMNShape>\n      <bpmndi:BPMNShape bpmnElement=\"sid-7A12762F-A735-4BB5-BA28-7FF3F21F39D6\" id=\"BPMNShape_sid-7A12762F-A735-4BB5-BA28-7FF3F21F39D6\">\n        <omgdc:Bounds height=\"80.0\" width=\"100.0\" x=\"300.0\" y=\"30.0\"></omgdc:Bounds>\n      </bpmndi:BPMNShape>\n      <bpmndi:BPMNShape bpmnElement=\"sid-A30C477F-76F9-4C38-B057-CDA094A2B817\" id=\"BPMNShape_sid-A30C477F-76F9-4C38-B057-CDA094A2B817\">\n        <omgdc:Bounds height=\"80.0\" width=\"100.0\" x=\"435.0\" y=\"120.0\"></omgdc:Bounds>\n      </bpmndi:BPMNShape>\n      <bpmndi:BPMNShape bpmnElement=\"sid-CE95D884-6C8D-433A-B66C-13B9FF273AE1\" id=\"BPMNShape_sid-CE95D884-6C8D-433A-B66C-13B9FF273AE1\">\n        <omgdc:Bounds height=\"40.0\" width=\"40.0\" x=\"270.0\" y=\"225.0\"></omgdc:Bounds>\n      </bpmndi:BPMNShape>\n      <bpmndi:BPMNShape bpmnElement=\"sid-5A7B2442-8589-46C8-9FA7-DD5DACDA574C\" id=\"BPMNShape_sid-5A7B2442-8589-46C8-9FA7-DD5DACDA574C\">\n        <omgdc:Bounds height=\"80.0\" width=\"100.0\" x=\"375.0\" y=\"300.0\"></omgdc:Bounds>\n      </bpmndi:BPMNShape>\n      <bpmndi:BPMNShape bpmnElement=\"sid-CE6842C8-B248-40D6-B25D-FCE5FAFD7B78\" id=\"BPMNShape_sid-CE6842C8-B248-40D6-B25D-FCE5FAFD7B78\">\n        <omgdc:Bounds height=\"80.0\" width=\"100.0\" x=\"105.0\" y=\"300.0\"></omgdc:Bounds>\n      </bpmndi:BPMNShape>\n      <bpmndi:BPMNShape bpmnElement=\"sid-89C628F1-4139-4A09-A671-D66EF08FA979\" id=\"BPMNShape_sid-89C628F1-4139-4A09-A671-D66EF08FA979\">\n        <omgdc:Bounds height=\"28.0\" width=\"28.0\" x=\"276.0\" y=\"405.0\"></omgdc:Bounds>\n      </bpmndi:BPMNShape>\n      <bpmndi:BPMNEdge bpmnElement=\"sid-CEA47563-B6D7-4525-A5DC-5433B8900D29\" id=\"BPMNEdge_sid-CEA47563-B6D7-4525-A5DC-5433B8900D29\">\n        <omgdi:waypoint x=\"205.0\" y=\"369.25925925925924\"></omgdi:waypoint>\n        <omgdi:waypoint x=\"277.9168457812088\" y=\"411.9291171608555\"></omgdi:waypoint>\n      </bpmndi:BPMNEdge>\n      <bpmndi:BPMNEdge bpmnElement=\"sid-AF8542E3-2579-4F4C-967B-A1F3A7344FF7\" id=\"BPMNEdge_sid-AF8542E3-2579-4F4C-967B-A1F3A7344FF7\">\n        <omgdi:waypoint x=\"278.2608695652174\" y=\"253.26086956521738\"></omgdi:waypoint>\n        <omgdi:waypoint x=\"205.0\" y=\"304.81481481481484\"></omgdi:waypoint>\n      </bpmndi:BPMNEdge>\n      <bpmndi:BPMNEdge bpmnElement=\"sid-E780DD27-4279-4555-B08E-C665279AF239\" id=\"BPMNEdge_sid-E780DD27-4279-4555-B08E-C665279AF239\">\n        <omgdi:waypoint x=\"400.0\" y=\"70.0\"></omgdi:waypoint>\n        <omgdi:waypoint x=\"485.0\" y=\"70.0\"></omgdi:waypoint>\n        <omgdi:waypoint x=\"485.0\" y=\"120.0\"></omgdi:waypoint>\n      </bpmndi:BPMNEdge>\n      <bpmndi:BPMNEdge bpmnElement=\"sid-45835F03-A74D-4955-8889-1F8D2D953846\" id=\"BPMNEdge_sid-45835F03-A74D-4955-8889-1F8D2D953846\">\n        <omgdi:waypoint x=\"74.42285921461234\" y=\"109.12081691846068\"></omgdi:waypoint>\n        <omgdi:waypoint x=\"150.0\" y=\"130.71428571428572\"></omgdi:waypoint>\n      </bpmndi:BPMNEdge>\n      <bpmndi:BPMNEdge bpmnElement=\"sid-A00980D9-9EF0-476B-BCB6-F2CA50966E3F\" id=\"BPMNEdge_sid-A00980D9-9EF0-476B-BCB6-F2CA50966E3F\">\n        <omgdi:waypoint x=\"200.0\" y=\"105.0\"></omgdi:waypoint>\n        <omgdi:waypoint x=\"200.0\" y=\"70.0\"></omgdi:waypoint>\n        <omgdi:waypoint x=\"300.0\" y=\"70.0\"></omgdi:waypoint>\n      </bpmndi:BPMNEdge>\n      <bpmndi:BPMNEdge bpmnElement=\"sid-FBB884B5-A2E1-4D80-8A84-64F6BD186E84\" id=\"BPMNEdge_sid-FBB884B5-A2E1-4D80-8A84-64F6BD186E84\">\n        <omgdi:waypoint x=\"435.0\" y=\"181.7948717948718\"></omgdi:waypoint>\n        <omgdi:waypoint x=\"303.92857142857144\" y=\"238.92857142857142\"></omgdi:waypoint>\n      </bpmndi:BPMNEdge>\n      <bpmndi:BPMNEdge bpmnElement=\"sid-40CF83A7-6DFB-46E1-9E78-061270F4EDC9\" id=\"BPMNEdge_sid-40CF83A7-6DFB-46E1-9E78-061270F4EDC9\">\n        <omgdi:waypoint x=\"375.0\" y=\"369.25925925925924\"></omgdi:waypoint>\n        <omgdi:waypoint x=\"302.0831542187912\" y=\"411.9291171608555\"></omgdi:waypoint>\n      </bpmndi:BPMNEdge>\n      <bpmndi:BPMNEdge bpmnElement=\"sid-6AF427D8-4C86-46F4-B387-C71D9E9ADAFC\" id=\"BPMNEdge_sid-6AF427D8-4C86-46F4-B387-C71D9E9ADAFC\">\n        <omgdi:waypoint x=\"309.9261992619926\" y=\"245.07380073800738\"></omgdi:waypoint>\n        <omgdi:waypoint x=\"425.0\" y=\"245.5\"></omgdi:waypoint>\n        <omgdi:waypoint x=\"425.0\" y=\"300.0\"></omgdi:waypoint>\n      </bpmndi:BPMNEdge>\n    </bpmndi:BPMNPlane>\n  </bpmndi:BPMNDiagram>\n</definitions>',0),('102507',1,'92516.leave.png','102505','PNG\r\n\Z\n\0\0\0\rIHDR\0\0!\0\0\0\0\0E?\0\0,IDATx\\u}7PDmRĚJP^kb_mm-iņn\Z)xҀD4h0ҠMmĈ@	\rF ے4@$gfo;<ݙd9gΌ\0\0\0\0\0\0\0\0\0\0\0\0\0\0\0\0\0\0\0\0\0\0\0\0\0\0\0\0\0\0\0\0\0\0\0\0\0\0\0\0\0\0\0\0\0\0\0\0\0\0\0\0\0\0\0\0\0\0\0\0\0\0\0\0V(ݴiӂիWt%K0OGGGaʕ?iF0RYjUa텽{;vVXt3\04D\"wɒ%\04tFZ	@CH$U	)X+PB*٧6m\05+!vv½\\ߤ}ʃ\05)!<_<(!\0P+t\0@MJ}KfW-!>A	\0%D	SBҳat\0@MJ;X%\0jRB\\Woe}ʃ\05)!i6=nS\0]	ٳk<%\0+>xsT%\0SزqYᇷ}j)O(!\00r(!\0PҗQ&\0P	h)2\0JQB\0@	QB\0@	1J\0(!J\0(!F	\0%D	\0%(!\0(!\0%\0%\0\0%\0%\0\0@rܒw)!J\0)SҤ2fߡ(!\00%bniψ\0@KHמ2(!\00,%rH:L(!\06fDF	Nf$/UB,-{k줦C)!@ P_(SBjUBN^>j	y\n\'ONXqǕ~%D\0\Z,|2gΜbx衇F9Sؽ{w>%D\0aV%dǎX`A}7pCa]{c9ܹs(!ӦM+u)!2(!Ό3%(]2&u?{,\ZoF%D\0%z>7o.\\r%]e$ziOHO{;RI}NL9@@	9pʇbnZth̛7Y+\ZsBRQ휐K?N{V.TBd PB1a\">.7s^}%=gǼﺽ{AQBd PB\\\'%(!2(!J2JQBd PBd @ (!@ (!F	9@@	QBd PB\"sBuW+xBz[[[G?MW^y1a!]>o\'?CPk-^Y|)$ݾ}{~!JJ>?>D (!F	9[ԧ\\tEł/{)\\|/̜9sC&y@PB\"sޏCoeg}vaѢE*vmӧ?oA	1Jduy|PxQh1cXRPB\"sQ\nH:c(}W.kJQBdI瀤C0C=\"ӦMEK[ %DPsM-|KK,qbC5=?i9眭{Au@pý޻bøt%t2`_ӧO\Z+q@@	1Ji`Rs-X9.JQBdNK.>뮇cXdȜ^n˖-ZBnݺ=V,}bҫ_n/Vݖ@@	1Jii$X9.]NӦMV^ҥKa5\Z\'={(\\\'1cJ0<̟\r~=!}\nȪU#7;v(X($g(!F	QBw>\'\'sB.Q@ꦈ썍ņ^jӺݱ^vJHùK7c16/1Xr>kc*!g?ٹy}\\.` d2QnlٲӖ/_Զm۞T@:::+c=񊩻l}1<\Zl6{u^QX	y-Mk/︼8tWB\rߤy֤;Q>ioP@p,J ƒCcncEXUV6+JȊxt̷s\\ڽ%d}_Zt[OyPB`cVBIT:묳2\\pa3ϯUtڎ%+\r1Y4ǟÔ:%\ZK	^SSӡR9sEմO^~v%vuosVk\rw\\Y%\ZdoH%$=ӧ?֤[?Ċp@W(̏I9d^%%t@lz:7d @kkk̙3KOJ?w#T:bTBJe\'o}G+!J\r7dsAFjH\nHx{m07JmVw2KHz6LSh֧o>;Uw~>i?\'~6˭/zCߜN|%d_ZB}ʃ\r\r{GŹ \'[\"sq|~̙3]\\d7EYNB9 CSWd}/;PLܖShmX{AFyF*#mmmۯwR~ѻbt`:::={[cÞ.D*?]-5tqt\Z6iiL散|JHMqPB]\'buP<b6W-]ڐyhXK?xL̒z|JȞ=w]sࡘ-ݧ<(!WջӋg׮reþrʟĴZ#ԩS_VBQU	Ij}\nȪU\n^p_bŊ]ֿq䫖={\n[6.+T- I>^%&Q@ꦈ\nrtWD	J`UVRi.\'_{U|3̛SB\"~W#s?|N~;KVS /@gRشӤmrB0Bs9tnI八w^(nsWP\'z|=-~?%D @/2zwWy}/;+t9Աtݑl6J	)J@z,!^[0URow\"@	90d!lHr/\0VBҳat9w	IOͽ#K:Q)!ꭄlUKHOV\Z(@̜\';[|فbt9(!F @2g(!69!sPB@eΞ=w]sࡘe#&sB2%ٳe>f#`Ps#&ӗ2%PGv#@d9#@d9#9F \"\n92@\0cdas=W<yr*N/	9F v̙S,=PW)w?~;)@@yvQ]Eb]p\rwwvݗ>>cϝ;wR?\02B3cƌbax\nk׮ݯLݻt_|J#s2}6o\\KH:Ӟ뮻N	cdS>uC0Eb޼yg͚_(ʸnTE sA T1aҐ>.7s^}%=gǔOLM>G QBdd9#@d9#@d9#@d9#@dNM&]q=^ {)L6xG]%D	3$S~\ZV㺽,Dz=yO6ӫ}×9#9#<;vzͪ4,/4K͜;wnE#-2%d3cƌbQx\nk׮=`FGW?%ZVx+\nv9(! s^PK.*#KO{B<u\n2`2g|(&<չ+?k֬DTTpNĉ{P?|%%dN{;&LU$fΜYKRgÔ1]2%d9#9F @\0#s@ 9F @\0#s@ 9F @\0#s@ 9F @\0#s@ 9F @\0#s@ vu?tR3#Y+ZZZ~kʔ)sO^xg+!0nʕ+l߾/cLgg\"6X++fϞ(,y<#--[˗?m۶BT@:::9ZKlQ:~:K9~b7)V5P@Z!ͰOZF(oQ<79J\0C&\nǟFV1d~*!J\0J[[ˢpc]a|qSB\0(-fQ+!J\0K>(lL&;J\0thSP.Pz`M%D	Mp\\㱘;1\0xf/ǿ=\0@!lvR%Q<:c>d(!\04SO=xccEi)_մ%c~?_	QB\0h0Q6bY1GPB\0\Z@i6}o{rrG{Ztxfz*)\0cx|2fk[|^+Wnپ}P^;x\0-\nۣpܘj\Zz-[v˟ڶmI\rFhqg(g2#{\rߤ|M:I0>ioP@\0(\Z1+ј1^j\0\0*of_*]|>\n\0P+D(<%SN\0L&(󣘻cm`\0\05el6UMrwY*\0@477O1;x|&\0ĉqf6A\r#}US\0`d2([bn7b\0\05emQ:楧f2\n\0P\"bQ:ΈYp̅mmmGY2\0@M_fEx$fe.쪦\0@D8!J?C.W\0!Q8NN\'N6c\0\051uWզƬMOMOd\0OKFИ\0Lz6tIҥՏT\0H/\ZcZG	y tƒ\0j\"ƯDtQD&sUS\0Vp^\r)1Dߖ\n\0P\"bQ6:˭H.6f\0\05.(cE$㪦\0@D8>JK\\\Zs\0Բ|y-Q:\\z\0oT)\\.73J1D	yqrLvT1>\nǕ骦va<\00YΘJo\'y(j\ZL=\00zHx=!;ꭈţ5JǚQ>^Q@vqtKc:,5UM`T; E|#f\'Ju^\0N9Xe27gϞ(G#(\"׿\0cß~~Q[[ˢH`El+&t\n\0^4՟\"GL!fw.{uOߜfy2_?2௏Bqvc777YmQP>o_`\'ٿ]Q*u+![+ܗf۳!\r\02TrG$[K<ssssxH\0`~Riƙ_wɪmmmGEXr<\0XdRE򸟿>̗QD}]WIdqkRl6\04VI,B?He)ϴz}`4_\0Uў\nEoEϟ?<^|߾\"EԦl6oc1cq2*\0rr?EOEOK\0#W6=XWݫ\0S@Z\0\rH\01X@z+\"?\ZD\0\"SL^D#\0cQp tn]3JƯ\0=	fqJ\06朐(!\04XϞjO1)\"\0E``UN:!J\0\r`{\"z!!=J\0^	E) J\08#&Wv_O;!%\0N:餫O=_CυȪ}*!\0?rܫc͘\roxT1m\\v{}\0Xywl,fWVyQ<3!%\0&Nxxǆ?S\0?d{S{!%\0~.˝1Y$\'IJ@qѱQX_|,j(!\0E\\ t̩8Z,ҥ]	%,6/	CO\\*\'r%eٷƬ\rע5t=\"\0)H\'r3k_t/\nJ@#qLwbP\\<R@PB\0\Z;*托˛6Ri(!\0\'aŘ͹\\]#-Q@	h0lwx(#GZ\"(!\0!N\'Fi8PB\0c#s%@e\"طۏg2Z\"(!\0)(_P(˽A	`8b6DʩJ\0vH6(|[bq\0PsLW#ƬA	_Gxo={K,\0jjԩ/X\"(!\0GX\\.w]&y%@M-ltiJ\0c:K%fޏYN>E	ק?,\0#OzK?gX\"(!\0Tz㏥kļA	UOc:b^k\0PsP:K%jiiyo+Z\"(!\0\\.{gC1d2#,\0jte1[bND@	w%r\\kxqN>ǢT:2k,)Ad2GFΏ/\no[\"(!W[	f,)A1_hkk{%]E^J\0 h\'c+K(!\'V+!QO\0 ;1tuw\"LDjܐ5\0th[N>=\rq.@ρyarTo][--}Yh/@/J{AvrK*rIq#&Nx*!8dKNxb:_XJ0߯!\0tz_k;{8q2і芩0\n¡6mZz.]ZXd(\\\'1%ƿTy*( o\"7F܀Q\'ɪU\n۷o/ݻ׌رbŊ#Xr\'ʎ\rSJF @lq}^Bk/rÔsZɨvEYxUJO%,Ll6;ڋ0iV2*c~*Lҳ`hp8az\rk%c:L}jKaӚ;./Nz?&\0>Lx[3F	AYKr~nK	aܐrj&AR/!7&L6qe0I	aܐrj&-]5L}B@ 7\0a\"L@n\r;aj&>! LrCn@Md_\Z&>! LrCn@Mu_v.ո-\'	rCn\rI|$&\0	rCn\r]Sx5R}B@ 7܀!teBc>W?&\r!7`$RٲqYᇷ}j\'}N\\ܐ009_1&\r!7&aҗbzF(ܐ00hG(ܐ001\0a\"L@n01\0a\"L@n01aarCn01aarCn01aarCn01ar0ar0a䆑 L	\r䆑 L	\r䆑a\"L@n\r&D 7rnݚ~7=\0a<sɓ\'\"M|߱u{y	ȍr<g}v\'xBn0y̙J?c	Hp7o0ٱcG!w\nǏsh̝;]_wwڵk+V(zc=Lf̘WG\ne\"ݻt_|}ŋYוw\nrcΝSQB¤2͛\\rIWT(Vu]Wht/(FXhQaڴioO|x{:7Dn.tFz+20͛W|֬Y8z8\'8\'CnǞh0Ia0a@H9sf}A477x{o}k01ʳcawq܀&r\r& 7ar\r&\r#7@r&\r#7@r&\r#7@r&\r#7&Fܐ L	\r#7&Fܐ L	\r#7&F 7\0a\"L@n\r&F 7\0a\"L@n\r&`s뭷\n^ZO*!yg\nguVaʔ)IIe6xZOwV	%d,S	Y)˝n\r^^[ZO*!0bnO2ㄴ1rC	%¤l61=S\ZpI[K_Z(7PB\Z,LN+!rLglMXsCzַiJ(!\r&ax{l3|>6k/C-WiY7\"LH<sm.{JQO֫~loPB@	i0d2GsZ鯴ޤtߧJn(!0l.]ꗸ~fwɾ~nD{ٓcIQ@֥\'Grqrʕ+l߾/rLgg\"L6p296&ۛZZZ^gͦ~ĺ2Yn4nn[li˗/j۶mdRttt<s vOeGG&Nx5>~Nܐ0bMzMڥ-a7U渘q6d\r\')i}(\rP\rϻc!-|͖HI{߉?\0æ\\PE&y29=qz~Z,\0Fj XLtcxzc\0P/wU|w-#=qYgK3{Ć}1[c)ɼRǘ-\\nFz|-\0Z[[Qձs+?=~qL[!#6d?eԿ8+=nD\0by46p7Z\"u<o-\0ƌSN9qTzjgL&KC<&J˧d\00&e7|+6z?-},&!|>K\0B%22E0˝l\0pҡthơ1uWĲ\0Th:2ΖW[[[D\0BssFrmrO\ZI/O5-_K\0(]ul\Z|>˱q\0OOhJ\\Qѥ`ї_<\\.NK|J/\"2\nX\"\00bÚy,|u\ZK+哷D\0`7^~X#/PZNZ\05ߜfoA~V\0n\'ņ1s\\#̙L^?[\0`L8 tH>Ϗyu}ϕ~yI=\0PZZZ^b#p\\Jθ^l6{n|?zuS9=\0PbC}Rld2ot}1{&m˅!\nS([KH.OIH[4fܾ4<<\0P|TUW,mԗ6~KscsG|~[_-}GtӿI?G\0FtElįyt{Yh _[?GO*\něgt(Kx\n\0qGlwPv\'SW~nKKKӟtaٲeG}3{Y;W]uUaԩ=)yӘ=j\00~vo{+IQ^,7xca텾عsgu+3*,#\0c@?= /u]tQ\"Қ{ٗN>|W˺T:T3gΜt}?}=i\0cAWią2KO]Uzʾ={@[@*H=\"/Jiv||qS\\~\00L9 =ۡsDdR\0;Q4TZ7tSՓaT O>dMJHzLg@+]YX>j)]G\\h@+L,_%$]Ь,Kr1RKWV(!Y\0%BfCޞ[QBv[\0%.!\0\0#RB\0H	\0`N\00\"S\rS[[[抩\0@\0T	9֯V*:\0PrI8i\\p{Ar	9.fG,\\ve.\"̙3<]\\K\0O6R>IGdfu0\0P]\"I\'gY0$s@D\0z,눤C5KjW_]83_e,U\0O9\"Or\002rFOH{?<\0te(#**WM/F^&]ݕP\0\0\0\0\0\0\0\0\0\0\0\0\0\0\0\0`X\0\0\0\0IENDB`',1),('105002',1,'92516.bpmn20.xml','105001','<?xml version=\"1.0\" encoding=\"UTF-8\"?>\n<definitions xmlns=\"http://www.omg.org/spec/BPMN/20100524/MODEL\" xmlns:xsi=\"http://www.w3.org/2001/XMLSchema-instance\" xmlns:xsd=\"http://www.w3.org/2001/XMLSchema\" xmlns:activiti=\"http://activiti.org/bpmn\" xmlns:bpmndi=\"http://www.omg.org/spec/BPMN/20100524/DI\" xmlns:omgdc=\"http://www.omg.org/spec/DD/20100524/DC\" xmlns:omgdi=\"http://www.omg.org/spec/DD/20100524/DI\" typeLanguage=\"http://www.w3.org/2001/XMLSchema\" expressionLanguage=\"http://www.w3.org/1999/XPath\" targetNamespace=\"http://www.activiti.org/processdef\">\n  <process id=\"leave\" name=\"cs011\" isExecutable=\"true\">\n    <startEvent id=\"sid-6D47EAC9-109F-46F2-B0EF-0D1953D8547D\"></startEvent>\n    <userTask id=\"sid-F5676A61-8CCE-4323-9201-1701E71CD81F\" name=\"cs01\"></userTask>\n    <sequenceFlow id=\"sid-45835F03-A74D-4955-8889-1F8D2D953846\" sourceRef=\"sid-6D47EAC9-109F-46F2-B0EF-0D1953D8547D\" targetRef=\"sid-F5676A61-8CCE-4323-9201-1701E71CD81F\"></sequenceFlow>\n    <userTask id=\"sid-7A12762F-A735-4BB5-BA28-7FF3F21F39D6\" name=\"cs02\"></userTask>\n    <sequenceFlow id=\"sid-A00980D9-9EF0-476B-BCB6-F2CA50966E3F\" sourceRef=\"sid-F5676A61-8CCE-4323-9201-1701E71CD81F\" targetRef=\"sid-7A12762F-A735-4BB5-BA28-7FF3F21F39D6\"></sequenceFlow>\n    <userTask id=\"sid-A30C477F-76F9-4C38-B057-CDA094A2B817\" name=\"cs03\"></userTask>\n    <sequenceFlow id=\"sid-E780DD27-4279-4555-B08E-C665279AF239\" sourceRef=\"sid-7A12762F-A735-4BB5-BA28-7FF3F21F39D6\" targetRef=\"sid-A30C477F-76F9-4C38-B057-CDA094A2B817\"></sequenceFlow>\n    <exclusiveGateway id=\"sid-CE95D884-6C8D-433A-B66C-13B9FF273AE1\"></exclusiveGateway>\n    <sequenceFlow id=\"sid-FBB884B5-A2E1-4D80-8A84-64F6BD186E84\" sourceRef=\"sid-A30C477F-76F9-4C38-B057-CDA094A2B817\" targetRef=\"sid-CE95D884-6C8D-433A-B66C-13B9FF273AE1\"></sequenceFlow>\n    <userTask id=\"sid-5A7B2442-8589-46C8-9FA7-DD5DACDA574C\" name=\"cs04\"></userTask>\n    <sequenceFlow id=\"sid-6AF427D8-4C86-46F4-B387-C71D9E9ADAFC\" sourceRef=\"sid-CE95D884-6C8D-433A-B66C-13B9FF273AE1\" targetRef=\"sid-5A7B2442-8589-46C8-9FA7-DD5DACDA574C\"></sequenceFlow>\n    <userTask id=\"sid-CE6842C8-B248-40D6-B25D-FCE5FAFD7B78\" name=\"cs05\"></userTask>\n    <sequenceFlow id=\"sid-AF8542E3-2579-4F4C-967B-A1F3A7344FF7\" sourceRef=\"sid-CE95D884-6C8D-433A-B66C-13B9FF273AE1\" targetRef=\"sid-CE6842C8-B248-40D6-B25D-FCE5FAFD7B78\"></sequenceFlow>\n    <endEvent id=\"sid-89C628F1-4139-4A09-A671-D66EF08FA979\"></endEvent>\n    <sequenceFlow id=\"sid-CEA47563-B6D7-4525-A5DC-5433B8900D29\" sourceRef=\"sid-CE6842C8-B248-40D6-B25D-FCE5FAFD7B78\" targetRef=\"sid-89C628F1-4139-4A09-A671-D66EF08FA979\"></sequenceFlow>\n    <sequenceFlow id=\"sid-40CF83A7-6DFB-46E1-9E78-061270F4EDC9\" sourceRef=\"sid-5A7B2442-8589-46C8-9FA7-DD5DACDA574C\" targetRef=\"sid-89C628F1-4139-4A09-A671-D66EF08FA979\"></sequenceFlow>\n  </process>\n  <bpmndi:BPMNDiagram id=\"BPMNDiagram_leave\">\n    <bpmndi:BPMNPlane bpmnElement=\"leave\" id=\"BPMNPlane_leave\">\n      <bpmndi:BPMNShape bpmnElement=\"sid-6D47EAC9-109F-46F2-B0EF-0D1953D8547D\" id=\"BPMNShape_sid-6D47EAC9-109F-46F2-B0EF-0D1953D8547D\">\n        <omgdc:Bounds height=\"30.0\" width=\"30.0\" x=\"45.0\" y=\"90.0\"></omgdc:Bounds>\n      </bpmndi:BPMNShape>\n      <bpmndi:BPMNShape bpmnElement=\"sid-F5676A61-8CCE-4323-9201-1701E71CD81F\" id=\"BPMNShape_sid-F5676A61-8CCE-4323-9201-1701E71CD81F\">\n        <omgdc:Bounds height=\"80.0\" width=\"100.0\" x=\"150.0\" y=\"105.0\"></omgdc:Bounds>\n      </bpmndi:BPMNShape>\n      <bpmndi:BPMNShape bpmnElement=\"sid-7A12762F-A735-4BB5-BA28-7FF3F21F39D6\" id=\"BPMNShape_sid-7A12762F-A735-4BB5-BA28-7FF3F21F39D6\">\n        <omgdc:Bounds height=\"80.0\" width=\"100.0\" x=\"300.0\" y=\"30.0\"></omgdc:Bounds>\n      </bpmndi:BPMNShape>\n      <bpmndi:BPMNShape bpmnElement=\"sid-A30C477F-76F9-4C38-B057-CDA094A2B817\" id=\"BPMNShape_sid-A30C477F-76F9-4C38-B057-CDA094A2B817\">\n        <omgdc:Bounds height=\"80.0\" width=\"100.0\" x=\"435.0\" y=\"120.0\"></omgdc:Bounds>\n      </bpmndi:BPMNShape>\n      <bpmndi:BPMNShape bpmnElement=\"sid-CE95D884-6C8D-433A-B66C-13B9FF273AE1\" id=\"BPMNShape_sid-CE95D884-6C8D-433A-B66C-13B9FF273AE1\">\n        <omgdc:Bounds height=\"40.0\" width=\"40.0\" x=\"270.0\" y=\"225.0\"></omgdc:Bounds>\n      </bpmndi:BPMNShape>\n      <bpmndi:BPMNShape bpmnElement=\"sid-5A7B2442-8589-46C8-9FA7-DD5DACDA574C\" id=\"BPMNShape_sid-5A7B2442-8589-46C8-9FA7-DD5DACDA574C\">\n        <omgdc:Bounds height=\"80.0\" width=\"100.0\" x=\"375.0\" y=\"300.0\"></omgdc:Bounds>\n      </bpmndi:BPMNShape>\n      <bpmndi:BPMNShape bpmnElement=\"sid-CE6842C8-B248-40D6-B25D-FCE5FAFD7B78\" id=\"BPMNShape_sid-CE6842C8-B248-40D6-B25D-FCE5FAFD7B78\">\n        <omgdc:Bounds height=\"80.0\" width=\"100.0\" x=\"105.0\" y=\"300.0\"></omgdc:Bounds>\n      </bpmndi:BPMNShape>\n      <bpmndi:BPMNShape bpmnElement=\"sid-89C628F1-4139-4A09-A671-D66EF08FA979\" id=\"BPMNShape_sid-89C628F1-4139-4A09-A671-D66EF08FA979\">\n        <omgdc:Bounds height=\"28.0\" width=\"28.0\" x=\"276.0\" y=\"405.0\"></omgdc:Bounds>\n      </bpmndi:BPMNShape>\n      <bpmndi:BPMNEdge bpmnElement=\"sid-CEA47563-B6D7-4525-A5DC-5433B8900D29\" id=\"BPMNEdge_sid-CEA47563-B6D7-4525-A5DC-5433B8900D29\">\n        <omgdi:waypoint x=\"205.0\" y=\"369.25925925925924\"></omgdi:waypoint>\n        <omgdi:waypoint x=\"277.9168457812088\" y=\"411.9291171608555\"></omgdi:waypoint>\n      </bpmndi:BPMNEdge>\n      <bpmndi:BPMNEdge bpmnElement=\"sid-AF8542E3-2579-4F4C-967B-A1F3A7344FF7\" id=\"BPMNEdge_sid-AF8542E3-2579-4F4C-967B-A1F3A7344FF7\">\n        <omgdi:waypoint x=\"278.2608695652174\" y=\"253.26086956521738\"></omgdi:waypoint>\n        <omgdi:waypoint x=\"205.0\" y=\"304.81481481481484\"></omgdi:waypoint>\n      </bpmndi:BPMNEdge>\n      <bpmndi:BPMNEdge bpmnElement=\"sid-E780DD27-4279-4555-B08E-C665279AF239\" id=\"BPMNEdge_sid-E780DD27-4279-4555-B08E-C665279AF239\">\n        <omgdi:waypoint x=\"400.0\" y=\"70.0\"></omgdi:waypoint>\n        <omgdi:waypoint x=\"485.0\" y=\"70.0\"></omgdi:waypoint>\n        <omgdi:waypoint x=\"485.0\" y=\"120.0\"></omgdi:waypoint>\n      </bpmndi:BPMNEdge>\n      <bpmndi:BPMNEdge bpmnElement=\"sid-45835F03-A74D-4955-8889-1F8D2D953846\" id=\"BPMNEdge_sid-45835F03-A74D-4955-8889-1F8D2D953846\">\n        <omgdi:waypoint x=\"74.42285921461234\" y=\"109.12081691846068\"></omgdi:waypoint>\n        <omgdi:waypoint x=\"150.0\" y=\"130.71428571428572\"></omgdi:waypoint>\n      </bpmndi:BPMNEdge>\n      <bpmndi:BPMNEdge bpmnElement=\"sid-A00980D9-9EF0-476B-BCB6-F2CA50966E3F\" id=\"BPMNEdge_sid-A00980D9-9EF0-476B-BCB6-F2CA50966E3F\">\n        <omgdi:waypoint x=\"200.0\" y=\"105.0\"></omgdi:waypoint>\n        <omgdi:waypoint x=\"200.0\" y=\"70.0\"></omgdi:waypoint>\n        <omgdi:waypoint x=\"300.0\" y=\"70.0\"></omgdi:waypoint>\n      </bpmndi:BPMNEdge>\n      <bpmndi:BPMNEdge bpmnElement=\"sid-FBB884B5-A2E1-4D80-8A84-64F6BD186E84\" id=\"BPMNEdge_sid-FBB884B5-A2E1-4D80-8A84-64F6BD186E84\">\n        <omgdi:waypoint x=\"435.0\" y=\"181.7948717948718\"></omgdi:waypoint>\n        <omgdi:waypoint x=\"303.92857142857144\" y=\"238.92857142857142\"></omgdi:waypoint>\n      </bpmndi:BPMNEdge>\n      <bpmndi:BPMNEdge bpmnElement=\"sid-40CF83A7-6DFB-46E1-9E78-061270F4EDC9\" id=\"BPMNEdge_sid-40CF83A7-6DFB-46E1-9E78-061270F4EDC9\">\n        <omgdi:waypoint x=\"375.0\" y=\"369.25925925925924\"></omgdi:waypoint>\n        <omgdi:waypoint x=\"302.0831542187912\" y=\"411.9291171608555\"></omgdi:waypoint>\n      </bpmndi:BPMNEdge>\n      <bpmndi:BPMNEdge bpmnElement=\"sid-6AF427D8-4C86-46F4-B387-C71D9E9ADAFC\" id=\"BPMNEdge_sid-6AF427D8-4C86-46F4-B387-C71D9E9ADAFC\">\n        <omgdi:waypoint x=\"309.9261992619926\" y=\"245.07380073800738\"></omgdi:waypoint>\n        <omgdi:waypoint x=\"425.0\" y=\"245.5\"></omgdi:waypoint>\n        <omgdi:waypoint x=\"425.0\" y=\"300.0\"></omgdi:waypoint>\n      </bpmndi:BPMNEdge>\n    </bpmndi:BPMNPlane>\n  </bpmndi:BPMNDiagram>\n</definitions>',0),('105003',1,'92516.leave.png','105001','PNG\r\n\Z\n\0\0\0\rIHDR\0\0!\0\0\0\0\0E?\0\0,IDATx\\u}7PDmRĚJP^kb_mm-iņn\Z)xҀD4h0ҠMmĈ@	\rF ے4@$gfo;<ݙd9gΌ\0\0\0\0\0\0\0\0\0\0\0\0\0\0\0\0\0\0\0\0\0\0\0\0\0\0\0\0\0\0\0\0\0\0\0\0\0\0\0\0\0\0\0\0\0\0\0\0\0\0\0\0\0\0\0\0\0\0\0\0\0\0\0\0V(ݴiӂիWt%K0OGGGaʕ?iF0RYjUa텽{;vVXt3\04D\"wɒ%\04tFZ	@CH$U	)X+PB*٧6m\05+!vv½\\ߤ}ʃ\05)!<_<(!\0P+t\0@MJ}KfW-!>A	\0%D	SBҳat\0@MJ;X%\0jRB\\Woe}ʃ\05)!i6=nS\0]	ٳk<%\0+>xsT%\0SزqYᇷ}j)O(!\00r(!\0PҗQ&\0P	h)2\0JQB\0@	QB\0@	1J\0(!J\0(!F	\0%D	\0%(!\0(!\0%\0%\0\0%\0%\0\0@rܒw)!J\0)SҤ2fߡ(!\00%bniψ\0@KHמ2(!\00,%rH:L(!\06fDF	Nf$/UB,-{k줦C)!@ P_(SBjUBN^>j	y\n\'ONXqǕ~%D\0\Z,|2gΜbx衇F9Sؽ{w>%D\0aV%dǎX`A}7pCa]{c9ܹs(!ӦM+u)!2(!Ό3%(]2&u?{,\ZoF%D\0%z>7o.\\r%]e$ziOHO{;RI}NL9@@	9pʇbnZth̛7Y+\ZsBRQ휐K?N{V.TBd PB1a\">.7s^}%=gǼﺽ{AQBd PB\\\'%(!2(!J2JQBd PBd @ (!@ (!F	9@@	QBd PB\"sBuW+xBz[[[G?MW^y1a!]>o\'?CPk-^Y|)$ݾ}{~!JJ>?>D (!F	9[ԧ\\tEł/{)\\|/̜9sC&y@PB\"sޏCoeg}vaѢE*vmӧ?oA	1Jduy|PxQh1cXRPB\"sQ\nH:c(}W.kJQBdI瀤C0C=\"ӦMEK[ %DPsM-|KK,qbC5=?i9眭{Au@pý޻bøt%t2`_ӧO\Z+q@@	1Ji`Rs-X9.JQBdNK.>뮇cXdȜ^n˖-ZBnݺ=V,}bҫ_n/Vݖ@@	1Jii$X9.]NӦMV^ҥKa5\Z\'={(\\\'1cJ0<̟\r~=!}\nȪU#7;v(X($g(!F	QBw>\'\'sB.Q@ꦈ썍ņ^jӺݱ^vJHùK7c16/1Xr>kc*!g?ٹy}\\.` d2QnlٲӖ/_Զm۞T@:::+c=񊩻l}1<\Zl6{u^QX	y-Mk/︼8tWB\rߤy֤;Q>ioP@p,J ƒCcncEXUV6+JȊxt̷s\\ڽ%d}_Zt[OyPB`cVBIT:묳2\\pa3ϯUtڎ%+\r1Y4ǟÔ:%\ZK	^SSӡR9sEմO^~v%vuosVk\rw\\Y%\ZdoH%$=ӧ?֤[?Ċp@W(̏I9d^%%t@lz:7d @kkk̙3KOJ?w#T:bTBJe\'o}G+!J\r7dsAFjH\nHx{m07JmVw2KHz6LSh֧o>;Uw~>i?\'~6˭/zCߜN|%d_ZB}ʃ\r\r{GŹ \'[\"sq|~̙3]\\d7EYNB9 CSWd}/;PLܖShmX{AFyF*#mmmۯwR~ѻbt`:::={[cÞ.D*?]-5tqt\Z6iiL散|JHMqPB]\'buP<b6W-]ڐyhXK?xL̒z|JȞ=w]sࡘ-ݧ<(!WջӋg׮reþrʟĴZ#ԩS_VBQU	Ij}\nȪU\n^p_bŊ]ֿq䫖={\n[6.+T- I>^%&Q@ꦈ\nrtWD	J`UVRi.\'_{U|3̛SB\"~W#s?|N~;KVS /@gRشӤmrB0Bs9tnI八w^(nsWP\'z|=-~?%D @/2zwWy}/;+t9Աtݑl6J	)J@z,!^[0URow\"@	90d!lHr/\0VBҳat9w	IOͽ#K:Q)!ꭄlUKHOV\Z(@̜\';[|فbt9(!F @2g(!69!sPB@eΞ=w]sࡘe#&sB2%ٳe>f#`Ps#&ӗ2%PGv#@d9#@d9#9F \"\n92@\0cdas=W<yr*N/	9F v̙S,=PW)w?~;)@@yvQ]Eb]p\rwwvݗ>>cϝ;wR?\02B3cƌbax\nk׮ݯLݻt_|J#s2}6o\\KH:Ӟ뮻N	cdS>uC0Eb޼yg͚_(ʸnTE sA T1aҐ>.7s^}%=gǔOLM>G QBdd9#@d9#@d9#@d9#@dNM&]q=^ {)L6xG]%D	3$S~\ZV㺽,Dz=yO6ӫ}×9#9#<;vzͪ4,/4K͜;wnE#-2%d3cƌbQx\nk׮=`FGW?%ZVx+\nv9(! s^PK.*#KO{B<u\n2`2g|(&<չ+?k֬DTTpNĉ{P?|%%dN{;&LU$fΜYKRgÔ1]2%d9#9F @\0#s@ 9F @\0#s@ 9F @\0#s@ 9F @\0#s@ 9F @\0#s@ vu?tR3#Y+ZZZ~kʔ)sO^xg+!0nʕ+l߾/cLgg\"6X++fϞ(,y<#--[˗?m۶BT@:::9ZKlQ:~:K9~b7)V5P@Z!ͰOZF(oQ<79J\0C&\nǟFV1d~*!J\0J[[ˢpc]a|qSB\0(-fQ+!J\0K>(lL&;J\0thSP.Pz`M%D	Mp\\㱘;1\0xf/ǿ=\0@!lvR%Q<:c>d(!\04SO=xccEi)_մ%c~?_	QB\0h0Q6bY1GPB\0\Z@i6}o{rrG{Ztxfz*)\0cx|2fk[|^+Wnپ}P^;x\0-\nۣpܘj\Zz-[v˟ڶmI\rFhqg(g2#{\rߤ|M:I0>ioP@\0(\Z1+ј1^j\0\0*of_*]|>\n\0P+D(<%SN\0L&(󣘻cm`\0\05el6UMrwY*\0@477O1;x|&\0ĉqf6A\r#}US\0`d2([bn7b\0\05emQ:楧f2\n\0P\"bQ:ΈYp̅mmmGY2\0@M_fEx$fe.쪦\0@D8!J?C.W\0!Q8NN\'N6c\0\051uWզƬMOMOd\0OKFИ\0Lz6tIҥՏT\0H/\ZcZG	y tƒ\0j\"ƯDtQD&sUS\0Vp^\r)1Dߖ\n\0P\"bQ6:˭H.6f\0\05.(cE$㪦\0@D8>JK\\\Zs\0Բ|y-Q:\\z\0oT)\\.73J1D	yqrLvT1>\nǕ骦va<\00YΘJo\'y(j\ZL=\00zHx=!;ꭈţ5JǚQ>^Q@vqtKc:,5UM`T; E|#f\'Ju^\0N9Xe27gϞ(G#(\"׿\0cß~~Q[[ˢH`El+&t\n\0^4՟\"GL!fw.{uOߜfy2_?2௏Bqvc777YmQP>o_`\'ٿ]Q*u+![+ܗf۳!\r\02TrG$[K<ssssxH\0`~Riƙ_wɪmmmGEXr<\0XdRE򸟿>̗QD}]WIdqkRl6\04VI,B?He)ϴz}`4_\0Uў\nEoEϟ?<^|߾\"EԦl6oc1cq2*\0rr?EOEOK\0#W6=XWݫ\0S@Z\0\rH\01X@z+\"?\ZD\0\"SL^D#\0cQp tn]3JƯ\0=	fqJ\06朐(!\04XϞjO1)\"\0E``UN:!J\0\r`{\"z!!=J\0^	E) J\08#&Wv_O;!%\0N:餫O=_CυȪ}*!\0?rܫc͘\roxT1m\\v{}\0Xywl,fWVyQ<3!%\0&Nxxǆ?S\0?d{S{!%\0~.˝1Y$\'IJ@qѱQX_|,j(!\0E\\ t̩8Z,ҥ]	%,6/	CO\\*\'r%eٷƬ\rע5t=\"\0)H\'r3k_t/\nJ@#qLwbP\\<R@PB\0\Z;*托˛6Ri(!\0\'aŘ͹\\]#-Q@	h0lwx(#GZ\"(!\0!N\'Fi8PB\0c#s%@e\"طۏg2Z\"(!\0)(_P(˽A	`8b6DʩJ\0vH6(|[bq\0PsLW#ƬA	_Gxo={K,\0jjԩ/X\"(!\0GX\\.w]&y%@M-ltiJ\0c:K%fޏYN>E	ק?,\0#OzK?gX\"(!\0Tz㏥kļA	UOc:b^k\0PsP:K%jiiyo+Z\"(!\0\\.{gC1d2#,\0jte1[bND@	w%r\\kxqN>ǢT:2k,)Ad2GFΏ/\no[\"(!W[	f,)A1_hkk{%]E^J\0 h\'c+K(!\'V+!QO\0 ;1tuw\"LDjܐ5\0th[N>=\rq.@ρyarTo][--}Yh/@/J{AvrK*rIq#&Nx*!8dKNxb:_XJ0߯!\0tz_k;{8q2і芩0\n¡6mZz.]ZXd(\\\'1%ƿTy*( o\"7F܀Q\'ɪU\n۷o/ݻ׌رbŊ#Xr\'ʎ\rSJF @lq}^Bk/rÔsZɨvEYxUJO%,Ll6;ڋ0iV2*c~*Lҳ`hp8az\rk%c:L}jKaӚ;./Nz?&\0>Lx[3F	AYKr~nK	aܐrj&AR/!7&L6qe0I	aܐrj&-]5L}B@ 7\0a\"L@n\r;aj&>! LrCn@Md_\Z&>! LrCn@Mu_v.ո-\'	rCn\rI|$&\0	rCn\r]Sx5R}B@ 7܀!teBc>W?&\r!7`$RٲqYᇷ}j\'}N\\ܐ009_1&\r!7&aҗbzF(ܐ00hG(ܐ001\0a\"L@n01\0a\"L@n01aarCn01aarCn01aarCn01ar0ar0a䆑 L	\r䆑 L	\r䆑a\"L@n\r&D 7rnݚ~7=\0a<sɓ\'\"M|߱u{y	ȍr<g}v\'xBn0y̙J?c	Hp7o0ٱcG!w\nǏsh̝;]_wwڵk+V(zc=Lf̘WG\ne\"ݻt_|}ŋYוw\nrcΝSQB¤2͛\\rIWT(Vu]Wht/(FXhQaڴioO|x{:7Dn.tFz+20͛W|֬Y8z8\'8\'CnǞh0Ia0a@H9sf}A477x{o}k01ʳcawq܀&r\r& 7ar\r&\r#7@r&\r#7@r&\r#7@r&\r#7&Fܐ L	\r#7&Fܐ L	\r#7&F 7\0a\"L@n\r&F 7\0a\"L@n\r&`s뭷\n^ZO*!yg\nguVaʔ)IIe6xZOwV	%d,S	Y)˝n\r^^[ZO*!0bnO2ㄴ1rC	%¤l61=S\ZpI[K_Z(7PB\Z,LN+!rLglMXsCzַiJ(!\r&ax{l3|>6k/C-WiY7\"LH<sm.{JQO֫~loPB@	i0d2GsZ鯴ޤtߧJn(!0l.]ꗸ~fwɾ~nD{ٓcIQ@֥\'Grqrʕ+l߾/rLgg\"L6p296&ۛZZZ^gͦ~ĺ2Yn4nn[li˗/j۶mdRttt<s vOeGG&Nx5>~Nܐ0bMzMڥ-a7U渘q6d\r\')i}(\rP\rϻc!-|͖HI{߉?\0æ\\PE&y29=qz~Z,\0Fj XLtcxzc\0P/wU|w-#=qYgK3{Ć}1[c)ɼRǘ-\\nFz|-\0Z[[Qձs+?=~qL[!#6d?eԿ8+=nD\0by46p7Z\"u<o-\0ƌSN9qTzjgL&KC<&J˧d\00&e7|+6z?-},&!|>K\0B%22E0˝l\0pҡthơ1uWĲ\0Th:2ΖW[[[D\0BssFrmrO\ZI/O5-_K\0(]ul\Z|>˱q\0OOhJ\\Qѥ`ї_<\\.NK|J/\"2\nX\"\00bÚy,|u\ZK+哷D\0`7^~X#/PZNZ\05ߜfoA~V\0n\'ņ1s\\#̙L^?[\0`L8 tH>Ϗyu}ϕ~yI=\0PZZZ^b#p\\Jθ^l6{n|?zuS9=\0PbC}Rld2ot}1{&m˅!\nS([KH.OIH[4fܾ4<<\0P|TUW,mԗ6~KscsG|~[_-}GtӿI?G\0FtElįyt{Yh _[?GO*\něgt(Kx\n\0qGlwPv\'SW~nKKKӟtaٲeG}3{Y;W]uUaԩ=)yӘ=j\00~vo{+IQ^,7xca텾عsgu+3*,#\0c@?= /u]tQ\"Қ{ٗN>|W˺T:T3gΜt}?}=i\0cAWią2KO]Uzʾ={@[@*H=\"/Jiv||qS\\~\00L9 =ۡsDdR\0;Q4TZ7tSՓaT O>dMJHzLg@+]YX>j)]G\\h@+L,_%$]Ь,Kr1RKWV(!Y\0%BfCޞ[QBv[\0%.!\0\0#RB\0H	\0`N\00\"S\rS[[[抩\0@\0T	9֯V*:\0PrI8i\\p{Ar	9.fG,\\ve.\"̙3<]\\K\0O6R>IGdfu0\0P]\"I\'gY0$s@D\0z,눤C5KjW_]83_e,U\0O9\"Or\002rFOH{?<\0te(#**WM/F^&]ݕP\0\0\0\0\0\0\0\0\0\0\0\0\0\0\0\0`X\0\0\0\0IENDB`',1),('105006',1,'92516.bpmn20.xml','105005','<?xml version=\"1.0\" encoding=\"UTF-8\"?>\n<definitions xmlns=\"http://www.omg.org/spec/BPMN/20100524/MODEL\" xmlns:xsi=\"http://www.w3.org/2001/XMLSchema-instance\" xmlns:xsd=\"http://www.w3.org/2001/XMLSchema\" xmlns:activiti=\"http://activiti.org/bpmn\" xmlns:bpmndi=\"http://www.omg.org/spec/BPMN/20100524/DI\" xmlns:omgdc=\"http://www.omg.org/spec/DD/20100524/DC\" xmlns:omgdi=\"http://www.omg.org/spec/DD/20100524/DI\" typeLanguage=\"http://www.w3.org/2001/XMLSchema\" expressionLanguage=\"http://www.w3.org/1999/XPath\" targetNamespace=\"http://www.activiti.org/processdef\">\n  <process id=\"leave\" name=\"cs011\" isExecutable=\"true\">\n    <startEvent id=\"sid-6D47EAC9-109F-46F2-B0EF-0D1953D8547D\"></startEvent>\n    <userTask id=\"sid-F5676A61-8CCE-4323-9201-1701E71CD81F\" name=\"cs01\"></userTask>\n    <sequenceFlow id=\"sid-45835F03-A74D-4955-8889-1F8D2D953846\" sourceRef=\"sid-6D47EAC9-109F-46F2-B0EF-0D1953D8547D\" targetRef=\"sid-F5676A61-8CCE-4323-9201-1701E71CD81F\"></sequenceFlow>\n    <userTask id=\"sid-7A12762F-A735-4BB5-BA28-7FF3F21F39D6\" name=\"cs02\"></userTask>\n    <userTask id=\"sid-A30C477F-76F9-4C38-B057-CDA094A2B817\" name=\"cs03\"></userTask>\n    <exclusiveGateway id=\"sid-CE95D884-6C8D-433A-B66C-13B9FF273AE1\" name=\"pd\"></exclusiveGateway>\n    <userTask id=\"sid-5A7B2442-8589-46C8-9FA7-DD5DACDA574C\" name=\"cs04\"></userTask>\n    <sequenceFlow id=\"sid-6AF427D8-4C86-46F4-B387-C71D9E9ADAFC\" sourceRef=\"sid-CE95D884-6C8D-433A-B66C-13B9FF273AE1\" targetRef=\"sid-5A7B2442-8589-46C8-9FA7-DD5DACDA574C\"></sequenceFlow>\n    <userTask id=\"sid-CE6842C8-B248-40D6-B25D-FCE5FAFD7B78\" name=\"cs05\"></userTask>\n    <sequenceFlow id=\"sid-AF8542E3-2579-4F4C-967B-A1F3A7344FF7\" sourceRef=\"sid-CE95D884-6C8D-433A-B66C-13B9FF273AE1\" targetRef=\"sid-CE6842C8-B248-40D6-B25D-FCE5FAFD7B78\"></sequenceFlow>\n    <endEvent id=\"sid-89C628F1-4139-4A09-A671-D66EF08FA979\"></endEvent>\n    <sequenceFlow id=\"sid-CEA47563-B6D7-4525-A5DC-5433B8900D29\" sourceRef=\"sid-CE6842C8-B248-40D6-B25D-FCE5FAFD7B78\" targetRef=\"sid-89C628F1-4139-4A09-A671-D66EF08FA979\"></sequenceFlow>\n    <sequenceFlow id=\"sid-40CF83A7-6DFB-46E1-9E78-061270F4EDC9\" sourceRef=\"sid-5A7B2442-8589-46C8-9FA7-DD5DACDA574C\" targetRef=\"sid-89C628F1-4139-4A09-A671-D66EF08FA979\"></sequenceFlow>\n    <sequenceFlow id=\"sid-E780DD27-4279-4555-B08E-C665279AF239\" sourceRef=\"sid-7A12762F-A735-4BB5-BA28-7FF3F21F39D6\" targetRef=\"sid-A30C477F-76F9-4C38-B057-CDA094A2B817\"></sequenceFlow>\n    <sequenceFlow id=\"sid-FBB884B5-A2E1-4D80-8A84-64F6BD186E84\" sourceRef=\"sid-A30C477F-76F9-4C38-B057-CDA094A2B817\" targetRef=\"sid-CE95D884-6C8D-433A-B66C-13B9FF273AE1\"></sequenceFlow>\n    <sequenceFlow id=\"sid-A00980D9-9EF0-476B-BCB6-F2CA50966E3F\" name=\"tj\" sourceRef=\"sid-F5676A61-8CCE-4323-9201-1701E71CD81F\" targetRef=\"sid-7A12762F-A735-4BB5-BA28-7FF3F21F39D6\"></sequenceFlow>\n  </process>\n  <bpmndi:BPMNDiagram id=\"BPMNDiagram_leave\">\n    <bpmndi:BPMNPlane bpmnElement=\"leave\" id=\"BPMNPlane_leave\">\n      <bpmndi:BPMNShape bpmnElement=\"sid-6D47EAC9-109F-46F2-B0EF-0D1953D8547D\" id=\"BPMNShape_sid-6D47EAC9-109F-46F2-B0EF-0D1953D8547D\">\n        <omgdc:Bounds height=\"30.0\" width=\"30.0\" x=\"45.0\" y=\"90.0\"></omgdc:Bounds>\n      </bpmndi:BPMNShape>\n      <bpmndi:BPMNShape bpmnElement=\"sid-F5676A61-8CCE-4323-9201-1701E71CD81F\" id=\"BPMNShape_sid-F5676A61-8CCE-4323-9201-1701E71CD81F\">\n        <omgdc:Bounds height=\"80.0\" width=\"100.0\" x=\"150.0\" y=\"105.0\"></omgdc:Bounds>\n      </bpmndi:BPMNShape>\n      <bpmndi:BPMNShape bpmnElement=\"sid-7A12762F-A735-4BB5-BA28-7FF3F21F39D6\" id=\"BPMNShape_sid-7A12762F-A735-4BB5-BA28-7FF3F21F39D6\">\n        <omgdc:Bounds height=\"80.0\" width=\"100.0\" x=\"285.0\" y=\"30.0\"></omgdc:Bounds>\n      </bpmndi:BPMNShape>\n      <bpmndi:BPMNShape bpmnElement=\"sid-A30C477F-76F9-4C38-B057-CDA094A2B817\" id=\"BPMNShape_sid-A30C477F-76F9-4C38-B057-CDA094A2B817\">\n        <omgdc:Bounds height=\"80.0\" width=\"100.0\" x=\"435.0\" y=\"120.0\"></omgdc:Bounds>\n      </bpmndi:BPMNShape>\n      <bpmndi:BPMNShape bpmnElement=\"sid-CE95D884-6C8D-433A-B66C-13B9FF273AE1\" id=\"BPMNShape_sid-CE95D884-6C8D-433A-B66C-13B9FF273AE1\">\n        <omgdc:Bounds height=\"40.0\" width=\"40.0\" x=\"270.0\" y=\"225.0\"></omgdc:Bounds>\n      </bpmndi:BPMNShape>\n      <bpmndi:BPMNShape bpmnElement=\"sid-5A7B2442-8589-46C8-9FA7-DD5DACDA574C\" id=\"BPMNShape_sid-5A7B2442-8589-46C8-9FA7-DD5DACDA574C\">\n        <omgdc:Bounds height=\"80.0\" width=\"100.0\" x=\"375.0\" y=\"300.0\"></omgdc:Bounds>\n      </bpmndi:BPMNShape>\n      <bpmndi:BPMNShape bpmnElement=\"sid-CE6842C8-B248-40D6-B25D-FCE5FAFD7B78\" id=\"BPMNShape_sid-CE6842C8-B248-40D6-B25D-FCE5FAFD7B78\">\n        <omgdc:Bounds height=\"80.0\" width=\"100.0\" x=\"105.0\" y=\"300.0\"></omgdc:Bounds>\n      </bpmndi:BPMNShape>\n      <bpmndi:BPMNShape bpmnElement=\"sid-89C628F1-4139-4A09-A671-D66EF08FA979\" id=\"BPMNShape_sid-89C628F1-4139-4A09-A671-D66EF08FA979\">\n        <omgdc:Bounds height=\"28.0\" width=\"28.0\" x=\"276.0\" y=\"405.0\"></omgdc:Bounds>\n      </bpmndi:BPMNShape>\n      <bpmndi:BPMNEdge bpmnElement=\"sid-CEA47563-B6D7-4525-A5DC-5433B8900D29\" id=\"BPMNEdge_sid-CEA47563-B6D7-4525-A5DC-5433B8900D29\">\n        <omgdi:waypoint x=\"205.0\" y=\"369.25925925925924\"></omgdi:waypoint>\n        <omgdi:waypoint x=\"277.9168457812088\" y=\"411.9291171608555\"></omgdi:waypoint>\n      </bpmndi:BPMNEdge>\n      <bpmndi:BPMNEdge bpmnElement=\"sid-AF8542E3-2579-4F4C-967B-A1F3A7344FF7\" id=\"BPMNEdge_sid-AF8542E3-2579-4F4C-967B-A1F3A7344FF7\">\n        <omgdi:waypoint x=\"278.2608695652174\" y=\"253.26086956521738\"></omgdi:waypoint>\n        <omgdi:waypoint x=\"205.0\" y=\"304.81481481481484\"></omgdi:waypoint>\n      </bpmndi:BPMNEdge>\n      <bpmndi:BPMNEdge bpmnElement=\"sid-E780DD27-4279-4555-B08E-C665279AF239\" id=\"BPMNEdge_sid-E780DD27-4279-4555-B08E-C665279AF239\">\n        <omgdi:waypoint x=\"385.0\" y=\"70.0\"></omgdi:waypoint>\n        <omgdi:waypoint x=\"485.0\" y=\"70.0\"></omgdi:waypoint>\n        <omgdi:waypoint x=\"485.0\" y=\"120.0\"></omgdi:waypoint>\n      </bpmndi:BPMNEdge>\n      <bpmndi:BPMNEdge bpmnElement=\"sid-45835F03-A74D-4955-8889-1F8D2D953846\" id=\"BPMNEdge_sid-45835F03-A74D-4955-8889-1F8D2D953846\">\n        <omgdi:waypoint x=\"74.42285921461234\" y=\"109.12081691846068\"></omgdi:waypoint>\n        <omgdi:waypoint x=\"150.0\" y=\"130.71428571428572\"></omgdi:waypoint>\n      </bpmndi:BPMNEdge>\n      <bpmndi:BPMNEdge bpmnElement=\"sid-A00980D9-9EF0-476B-BCB6-F2CA50966E3F\" id=\"BPMNEdge_sid-A00980D9-9EF0-476B-BCB6-F2CA50966E3F\">\n        <omgdi:waypoint x=\"200.0\" y=\"105.0\"></omgdi:waypoint>\n        <omgdi:waypoint x=\"200.0\" y=\"70.0\"></omgdi:waypoint>\n        <omgdi:waypoint x=\"285.0\" y=\"70.0\"></omgdi:waypoint>\n      </bpmndi:BPMNEdge>\n      <bpmndi:BPMNEdge bpmnElement=\"sid-FBB884B5-A2E1-4D80-8A84-64F6BD186E84\" id=\"BPMNEdge_sid-FBB884B5-A2E1-4D80-8A84-64F6BD186E84\">\n        <omgdi:waypoint x=\"435.0\" y=\"181.7948717948718\"></omgdi:waypoint>\n        <omgdi:waypoint x=\"303.92857142857144\" y=\"238.92857142857142\"></omgdi:waypoint>\n      </bpmndi:BPMNEdge>\n      <bpmndi:BPMNEdge bpmnElement=\"sid-40CF83A7-6DFB-46E1-9E78-061270F4EDC9\" id=\"BPMNEdge_sid-40CF83A7-6DFB-46E1-9E78-061270F4EDC9\">\n        <omgdi:waypoint x=\"375.0\" y=\"369.25925925925924\"></omgdi:waypoint>\n        <omgdi:waypoint x=\"302.0831542187912\" y=\"411.9291171608555\"></omgdi:waypoint>\n      </bpmndi:BPMNEdge>\n      <bpmndi:BPMNEdge bpmnElement=\"sid-6AF427D8-4C86-46F4-B387-C71D9E9ADAFC\" id=\"BPMNEdge_sid-6AF427D8-4C86-46F4-B387-C71D9E9ADAFC\">\n        <omgdi:waypoint x=\"309.9261992619926\" y=\"245.07380073800738\"></omgdi:waypoint>\n        <omgdi:waypoint x=\"425.0\" y=\"245.5\"></omgdi:waypoint>\n        <omgdi:waypoint x=\"425.0\" y=\"300.0\"></omgdi:waypoint>\n      </bpmndi:BPMNEdge>\n    </bpmndi:BPMNPlane>\n  </bpmndi:BPMNDiagram>\n</definitions>',0),('105007',1,'92516.leave.png','105005','PNG\r\n\Z\n\0\0\0\rIHDR\0\0!\0\0\0\0\0E?\0\0,IDATx\\u}7PDmRĚJP^kb_mm-iņ݄ٓ5\rR¥h*x)}i#`AڈdrL	A\"	%7i\0I8?l\'fwvy߳3sΜ7\0\0\0\0\0\0\0\0\0\0\0\0\0\0\0\0\0\0\0\0\0\0\0\0\0\0\0\0\0\0\0\0\0\0\0\0\0\0\0\0\0\0\0\0\0\0\0\0\0\0\0\0\0\0\0\0\0\0\0\0\0\0\0\0J⡛6mZz.]Z\\dikk+\\\'1H\0ƌT@VZUܾ}{q޽ffǎ+V<k%\0cBMٻdɒ\rJ\0ƄtFZ	IRVTͳOm)nZs}q}I%\0jVBvl/w{ohI%\0jRB[\nHe_HyPB\06%dWv[B}ʃ\05)!-m	I)J\0(!J\0\r]	I)J\0Ԥlݖt\0@MJȓ-C1q[OyPB\0&%$PBm\0+!{7úbt\0tEB焤\\5U	+!{l\\Vm鶀T&}N\\{E\0P	9{E\0I	ޏ(J\0TFPB\0_%(!\0(!\0%\0%\0\0\0b\0PB\0PB\0J\0JQB\0PB\0J\0JQB\0g|~I̻%\0Ԕ)SiRɲJ\0CZB֮(!J\0Ժt.#J\0CRB4JlXMG	NH^X\n.lk,ph<%Ğd j]B+JBJh-!=\\qi=)MBq߯ s\0Pe垏^B̙S*=PG٨ܗ?sw.}ݧ s\00굄رc,n(?s=wq1ǔޟ;w%dڴi:%%1cF$<ŵkP&Ҥ=\Z.~Ǘޟ?~E#t7ި s\0t_&:͛\\rIGI^ގTjmw}S9@PBʡ[&.\Z+?k֬F圐TTu:\'dҥӞd vL0H+͜9r_uAIφill1;n\\Pd 	A\0A	1J̱\0(!@ (!F	9@@	QB9@PB\"s\0 s\0%D\0%D	A\0A	1Jaŗ[nWW\\q{?яn+o\rK(!\\>o\'?CPk-^^z$ݾ}{~1JJ>?:D (!J2>1SԞ.T0^xbos=ŋ/3gnro4J̡7{?曗}E|tvmO\"%D	Ap|:>`q0<(4Ϙ1o,a`)(!J2.= s<SZ[[wfKY (!I`kHW{DM3	@@	QB9g\\~{9 t-<=K\\ (!J.\\Y0?Ov9luXF (!J{Au@p½޻ sNFSqj[c8(!J2gKb;wnq(]uUq/PBd^&]}(u]ʱ(!J2gK/Fe˖!-![n+c@@	QB9cXz5ʋ\rʱ(!J2g?H{r6mZz.]Z\n81{[[[qʕ?+!JJȈvgl<[	T@VZUٱcGqŊOG!9C	1J 89!O<ď{iR7Edolh6˺y\\fvǺOb)!^q|6ώ͆fʕ[SAE	>۷X(cp.\r]vϲeN[|S۶m{c3|{@Rikk{աx8WL%dS6јgYvu[ZZ^Q_	y-Mk/o4t>I=I{hFꉿ#|rߠ{XJAf%U?k~7ƊojjmVo縴{KȮnx-7tC%Ę}=cw%U:\\o,\nk{zݖbE\nsCLzk0%yl( y|\"A	PDn|PKN͜9sݢEj@\'i/HVCRx:߈9+J̆;춄%ސ.KH!{%TqӧOIYnl~N{Qߙ(%?s\Z(˽t,%ȶsC24777͜9P(<aJ#V?L%\\F~Mvjw(!0fs.4u`I{@R\Zx-FaCF{	Iφ鮄%ƊpJss7ɪ;?_ĴN`mll?חOp!oL\'/v[B}ʃchsANDF.\nҙ3gn]v}ŋo&:s@g)?\0LO	NO\r-%u_vࡘ-ݧ<(!0ƶasCl+}}KEҋѥׂikkٳo\r{٪t1ԌEkؤǧrWf(!6A	1:SG(A]9\nnyw<GƢ|_gb{UB)nm>A	ފ/Mޝ^<3vŕ+W$\Z9FL:iH]N`%$];9!>WMUBRYjUы#vWX{rݖ={[6.+t[@*>\'}\"JLMՙӉ\"l}-!a]gڠ]N>r7fGO{Eb+!罯FPr9t!v/֫@o_l\0-!>i\"IarܒwWDU\"JH:{xm!_Cr/>\0VB[n>~9ԛ..\'WJ@z+!2:;eٞnJHeVBc	2z\0J́Atu&fC4~>I/\r]	I\nC};bU{=%D @w~21F PfΓ-C1q[OV#fyt9(!F @2gϞƻ9PL2eJP9hzLbnSܲqY^@3}N\\{EdJ09{EdJPޏb+s[@*#;dJ sd\02 sd\02#s~A 120+N<9R&}\\}_җ#s;s)zT;cK sA t=;v(\n\"`n;;s;Ks1Ν_	ܟʈ@\0cd˙1cF0<ŵkW&*c|]/?|%d9Mu<7o.^r%e$zjOu]12зٺuki!\"1o޼fگhT	IEe\\sB9F 1aҐ>7s^}%=gTNLM>G QBdd9#@d9#@d9#@d9#@dNM&]q]^ {)N6tG]%D	3(Sy\ZV:,Dz=yO6ӫ}×9#9<;vxͪ4,/4;K͜;wnE#-2%d3cƌRQxk׮=`FGW?%ZVx+v9(! s/]%\\QFҡ\\wu]	yed0OPL:y4Ms͛Wz֬Y9!✐\'J(!JȜvL0H+͜9r_uAIφrųc;e(!J#sF  sA \02G@ sA \02G@ sA \02G@ sA \02G@ sA \02G@0,n62~nҥ~gvG V2\Z555֔)SN>}WB`ܸ+Wnپ}_:E lV2Z̞=%Q<NY\ZxG-Z]	[li˗/j۶m= =sQ㗲,`Ǭ·}+!MqM:VH3䓖.oC\'M;:\0Q8c{r_s%\0eQ8Ί.0}Q>8)!J\0K̉(%\0P(A|,ˮroϿ(!\0pP\r\r\rF1{1gTB\0ִiWKx<sG5?VB\08@ߌ1PB\08$˲IQ8DhX.;V\00Ɲzꩿ(c+HS媦(!\0QB\rQ:>\'1_á%1&FC7W5\"fp|Jje{pܓ<S^>ҥKm3kWM`4771[\\r:3\00`Q8tUӘ/lٲӖ/_Զm۞WoH* mmmxn\0-]4Gc;c6G8?Ysl&_kҡtNI}@DxUY1,yORK\0UxKe_*_B\n\0P+D(<%SN\0\\.(󣘻cm`\0\05e,>W|>.K\0	Q:#fGr_T\08qQ8̲Q>6UMQ,˽&\'xlP(E|%\0DE阗be?F\rK\0t(gĬy8,\0&\n/gYvQGbVɮj\n\0LtS:%[*\0@tid1\0PSN}EzZmzzmt[K\0BtAtaoY*\0@ͤKgYKg\0\05^4.\nǴ(ߏ@90%\0D_qYDۣL窦\0@DSlc-\0&EĢlu>_..o6]l̒\0j\"]>=\nQ<6|7HUMq|/|5DK\0e[tlXK\0߈|SN9|~fc^W5bc|+UM(\"\'y`d1WNQ8-]4sܯ{`JH{Bv[imm=,Gs51fYvnWz\0`t>hҘ(!K_sUS\0N>HѨ?,dY;Q:+?x7=d\00z\n\nƀ455.˽?{D8=J1E8U.\0l\\pKZZZ^EbU(\ZG}8fS]1YCCá*\0}dR?nW_H*1Ř|]}NPxseW<x\0@G8\\@*,nv̶((\0tP߉R(:-kb˲l]=+\0/ ,nDxkziRcnnll	\0~O*M8s\\߯8Y() |>\02H|y_}(\"}]GIdqkw2Y\0c$gDETfZC=o{۾}Rzh\0`Ѯ\nEOEϟ?<^|߾P(EԆ,͔|,fv5NF]@NC誈Tqxw\0`xʦ+\"}* {]\0`h\nHo@wE%, u=\0`ȏP@\0\0#@<tUDR@:\0(tT,\\5\'G^>m׌+@W{Bǡ=!}=!@w]jsNHsB\0X˞ճcRD<;F	`]WV8q(!\0YT	!PB\0#+T?D	GqUt9\0@I\'t_Ӻ(}Yw_iJ\0|>`|3ox;n=@Lv^%QV@ǳ,̓}ݎҡq(!\00qã|>6666I2XEąȔ\0\\.@ܓeٿSz!%\0~.ϟ1X$\'IJ@iѱQX_B,j(!\0F| ̩:z[,ҥ]	%`,kiiyYl_Í<\\0N\nJe[cņkQF\Z=\"\0)H\'3k_t.\nJX|P(]x\\\0\'b.ohh8ttHqᢄ\0=\\/l\Zo(JeDXaQFDPB\0C\"?N>\"dq\0PsF/38K%˲-\\J\05u)<Ǘ\"DPB\0 \rQ>rꩧ%@eE%r\Z4fekJ\05e_Gxo={K,\0jjԩ/X\"(!\0EX|>].{%@M-Y]N>9A	`(z|;^g\0PsY{?f9%K{D0_(\noDPB\0@?/1	c\0PS\"?K%+\nOW=iy%@CC,\0j\"|WMk\0Ps|\\厰DPB\0ɧl9%`(\nȯGs{\ZK9]8qYcIP.;2u~}Q@~A	)JHe,)1_hiiy%EJ\Z\Z\Z\0!h\'c+K(!\'vWBn	Ceo ]c,趈tun\Z{A\0:ISW4)T[\'gAK8rTo][--}Yh/@{AvrK*Iq#&Nx}*!:dKٝNxb_XJ߯ҹ!\0tz_k;8qrі芩0̊⡛6mZz.]Z\\dikk+\\\'1͕%ƿtT=Q@dEnȍι#N\nUVo^ܻwٱcGqŊOGO8ȕWYs:7H/AR77%^Ņ^䆩䆵)J\\?x+=|2g,bEn4QBY+ұEu&Y0Dx4sQ8Jg0=况Q&>im&n\0&Q<Z\r Lbvl/w{ohI0An\r5	 	aܐrj&0I	aܐrj&-m0An\rDܐ0z$]0An\r5	w~0I	aܐrj&O+޷wm>! LrCn@M$&6 LrCn@dϞƻ9pjܖ!7z+>x=sCaܐr/L/-xG\rʤIaܐr&+_7!7$LzWLOaܐr&\raܐr&Fܐ L	\r#7&Fܐ L	\r#7&F 7\0a\"L@n\r&F 7\0a\"L@n\r&F 7\0a\"L@n\r&F 7@arCn0& 7@arCn0& 7@a0r0!7@a0r0!7@a0ra\"L	\rDF]֭[f L{8yRXIW;c;n0SnT.O\r&]Ϝ9s:Z\\4s=! 7zio<܀&;v(\n@X`A}7pCq{]sPBnarXvmqŊ[ot=#7`Ɍ3:H!йLٽ{_n?Kϟ?[xqi7kʮWarعsgTnCaR\ngK.#TOht.(FXhQqڴiśoO|t{:7Dn(.tFz+:0͛Wz֬Yʱ88\'8\'EnTƞCa`	>7s_;&nill,[.Marc\\7ώIe*\'qrF{N\r#7&Fܐ L	\r#7&F 7\0a\"L@n\r&F 7\0a\"L@n\r&F 7\0a\"L@n\r&F 7@arCn0& 7@arCn0& 7@a0r0!7@a0r0!7@ͭ*L{i=2g)uY)S\\2k\'&Y}<v{2f,ٔOR/X^/-~_PBFiDi}1\'XSqBZK2¤,>=泧z/Zc*i}siKaZJSJliq!\\j萴-fnZJ0=6\nsWPx֫~ŬNPB@	&J}ol$6ϿZ@(֧NUZMn(!0rGsZ髴ޤ|ߧJn(!0d.]ꗸ~fwɾ>nD{ٓaIQ@֥\'Grcԍ+Wnپ}_:ElerlL7555ΚMwd1vsݲeN[|S۶m{/%푘3kب|\"6.;b>2qíT!cvZ_܀a+hk.tla$60G̏,d\r\')i}(\rP\rϻc!-B͖ؓXsZ,\0Lkka񹠼\\.JKeKsz%X*\0F5A!汘%2zEhxG=^6P1\nZ\"Gz<\Z&=Ζ\0ug/\rbS.{2r/=1[Z*\0Ե/c-lW&{zOKbCvGl~IqJWzg\00-y46p7Z\"u<o-\0FSN9qTzjg\\.KC<&ʏ˧d\00*eYƘoFGv%28\\(`\006bbO\'[\"\09P@:4PИ:u+bYqH\0ʪN|4jdgc-\0G\\CGirMnze\rLPX_p8\0裪KKFO%t(q\0+/vw>%ҽ|/\"2\nX\"\00bZy,|u\ZK+SD\0`7姘^zX^Oˡ<>\0jP(9˲[b!6 ~?O?ZiyX+\0`h7ēbC9n,̹\\^?[\0`L8 |H>Ϗyuϕ~yI=\0P^b#p畯qa|Yς>\'?sݔ~N6\0ԡP{cr[+?w_IJaHBbv!RV;\r],/M?Occ.\0Թ(/-tի#%\r~1Rszܘ|;>C._oQ$kkc(\\Zz(ևլn3:~z<\0ظ#6軻(	)BΎ?Olٲ⣏>Z|gs=Wloo/yū8uԮ<i5\0b?\nȤ(/To}boܹ:U{h\\Qɟٕ= /u]tQ\"Ҝ{ٗN^|W:W:T3gΜt}?=i\0cAWyą2O]U~ʾ={@Z@H=\"/iv||qS\\y\00\n\\9 =ӡsDdR\0;Q4TZ7tS\'\0cPr/T<5)!Y3{\0cXʪb|XK:\"U%BK\0ưkkZBͪJ\"K\0v	X)}BjgʪU%1K\0v	鸐`=-Vݖ>\0QBg.!\0\0RB\0K	\0`N\00,S\rS抩\0@\0W	9֯[(~V*͖:\0PJI8i\\p{A\Z\Z\ZJ	9.fG,\\ve.\"̙3<]|K\0OeS*\'VLN{@\0esDɪ-}L:	4Qp.t=\"1;KD*#:\"fi/GPM:䒮.DvW<|YK\0tHSw9\0Q.#R>ς\0,]Y5ȇʯ59\nnpӋѥׂIbw%T\0\0\0\0\0\0\0\0\0\0\0\0\0\0\0\0\0~jRS\0\0\0\0IENDB`',1),('105010',1,'92516.bpmn20.xml','105009','<?xml version=\"1.0\" encoding=\"UTF-8\"?>\n<definitions xmlns=\"http://www.omg.org/spec/BPMN/20100524/MODEL\" xmlns:xsi=\"http://www.w3.org/2001/XMLSchema-instance\" xmlns:xsd=\"http://www.w3.org/2001/XMLSchema\" xmlns:activiti=\"http://activiti.org/bpmn\" xmlns:bpmndi=\"http://www.omg.org/spec/BPMN/20100524/DI\" xmlns:omgdc=\"http://www.omg.org/spec/DD/20100524/DC\" xmlns:omgdi=\"http://www.omg.org/spec/DD/20100524/DI\" typeLanguage=\"http://www.w3.org/2001/XMLSchema\" expressionLanguage=\"http://www.w3.org/1999/XPath\" targetNamespace=\"http://www.activiti.org/processdef\">\n  <process id=\"leave\" name=\"cs011\" isExecutable=\"true\">\n    <startEvent id=\"sid-6D47EAC9-109F-46F2-B0EF-0D1953D8547D\"></startEvent>\n    <userTask id=\"sid-F5676A61-8CCE-4323-9201-1701E71CD81F\" name=\"cs01\"></userTask>\n    <sequenceFlow id=\"sid-45835F03-A74D-4955-8889-1F8D2D953846\" sourceRef=\"sid-6D47EAC9-109F-46F2-B0EF-0D1953D8547D\" targetRef=\"sid-F5676A61-8CCE-4323-9201-1701E71CD81F\"></sequenceFlow>\n    <userTask id=\"sid-7A12762F-A735-4BB5-BA28-7FF3F21F39D6\" name=\"cs02\"></userTask>\n    <userTask id=\"sid-A30C477F-76F9-4C38-B057-CDA094A2B817\" name=\"cs03\"></userTask>\n    <exclusiveGateway id=\"sid-CE95D884-6C8D-433A-B66C-13B9FF273AE1\" name=\"pd\"></exclusiveGateway>\n    <userTask id=\"sid-5A7B2442-8589-46C8-9FA7-DD5DACDA574C\" name=\"cs04\"></userTask>\n    <sequenceFlow id=\"sid-6AF427D8-4C86-46F4-B387-C71D9E9ADAFC\" sourceRef=\"sid-CE95D884-6C8D-433A-B66C-13B9FF273AE1\" targetRef=\"sid-5A7B2442-8589-46C8-9FA7-DD5DACDA574C\">\n      <conditionExpression xsi:type=\"tFormalExpression\"><![CDATA[${day<4}]]></conditionExpression>\n    </sequenceFlow>\n    <userTask id=\"sid-CE6842C8-B248-40D6-B25D-FCE5FAFD7B78\" name=\"cs05\"></userTask>\n    <sequenceFlow id=\"sid-AF8542E3-2579-4F4C-967B-A1F3A7344FF7\" sourceRef=\"sid-CE95D884-6C8D-433A-B66C-13B9FF273AE1\" targetRef=\"sid-CE6842C8-B248-40D6-B25D-FCE5FAFD7B78\">\n      <conditionExpression xsi:type=\"tFormalExpression\"><![CDATA[${day>4}]]></conditionExpression>\n    </sequenceFlow>\n    <endEvent id=\"sid-89C628F1-4139-4A09-A671-D66EF08FA979\"></endEvent>\n    <sequenceFlow id=\"sid-CEA47563-B6D7-4525-A5DC-5433B8900D29\" sourceRef=\"sid-CE6842C8-B248-40D6-B25D-FCE5FAFD7B78\" targetRef=\"sid-89C628F1-4139-4A09-A671-D66EF08FA979\"></sequenceFlow>\n    <sequenceFlow id=\"sid-40CF83A7-6DFB-46E1-9E78-061270F4EDC9\" sourceRef=\"sid-5A7B2442-8589-46C8-9FA7-DD5DACDA574C\" targetRef=\"sid-89C628F1-4139-4A09-A671-D66EF08FA979\"></sequenceFlow>\n    <sequenceFlow id=\"sid-E780DD27-4279-4555-B08E-C665279AF239\" sourceRef=\"sid-7A12762F-A735-4BB5-BA28-7FF3F21F39D6\" targetRef=\"sid-A30C477F-76F9-4C38-B057-CDA094A2B817\"></sequenceFlow>\n    <sequenceFlow id=\"sid-FBB884B5-A2E1-4D80-8A84-64F6BD186E84\" sourceRef=\"sid-A30C477F-76F9-4C38-B057-CDA094A2B817\" targetRef=\"sid-CE95D884-6C8D-433A-B66C-13B9FF273AE1\"></sequenceFlow>\n    <sequenceFlow id=\"sid-A00980D9-9EF0-476B-BCB6-F2CA50966E3F\" name=\"tj\" sourceRef=\"sid-F5676A61-8CCE-4323-9201-1701E71CD81F\" targetRef=\"sid-7A12762F-A735-4BB5-BA28-7FF3F21F39D6\"></sequenceFlow>\n  </process>\n  <bpmndi:BPMNDiagram id=\"BPMNDiagram_leave\">\n    <bpmndi:BPMNPlane bpmnElement=\"leave\" id=\"BPMNPlane_leave\">\n      <bpmndi:BPMNShape bpmnElement=\"sid-6D47EAC9-109F-46F2-B0EF-0D1953D8547D\" id=\"BPMNShape_sid-6D47EAC9-109F-46F2-B0EF-0D1953D8547D\">\n        <omgdc:Bounds height=\"30.0\" width=\"30.0\" x=\"45.0\" y=\"90.0\"></omgdc:Bounds>\n      </bpmndi:BPMNShape>\n      <bpmndi:BPMNShape bpmnElement=\"sid-F5676A61-8CCE-4323-9201-1701E71CD81F\" id=\"BPMNShape_sid-F5676A61-8CCE-4323-9201-1701E71CD81F\">\n        <omgdc:Bounds height=\"80.0\" width=\"100.0\" x=\"150.0\" y=\"105.0\"></omgdc:Bounds>\n      </bpmndi:BPMNShape>\n      <bpmndi:BPMNShape bpmnElement=\"sid-7A12762F-A735-4BB5-BA28-7FF3F21F39D6\" id=\"BPMNShape_sid-7A12762F-A735-4BB5-BA28-7FF3F21F39D6\">\n        <omgdc:Bounds height=\"80.0\" width=\"100.0\" x=\"285.0\" y=\"30.0\"></omgdc:Bounds>\n      </bpmndi:BPMNShape>\n      <bpmndi:BPMNShape bpmnElement=\"sid-A30C477F-76F9-4C38-B057-CDA094A2B817\" id=\"BPMNShape_sid-A30C477F-76F9-4C38-B057-CDA094A2B817\">\n        <omgdc:Bounds height=\"80.0\" width=\"100.0\" x=\"435.0\" y=\"120.0\"></omgdc:Bounds>\n      </bpmndi:BPMNShape>\n      <bpmndi:BPMNShape bpmnElement=\"sid-CE95D884-6C8D-433A-B66C-13B9FF273AE1\" id=\"BPMNShape_sid-CE95D884-6C8D-433A-B66C-13B9FF273AE1\">\n        <omgdc:Bounds height=\"40.0\" width=\"40.0\" x=\"270.0\" y=\"225.0\"></omgdc:Bounds>\n      </bpmndi:BPMNShape>\n      <bpmndi:BPMNShape bpmnElement=\"sid-5A7B2442-8589-46C8-9FA7-DD5DACDA574C\" id=\"BPMNShape_sid-5A7B2442-8589-46C8-9FA7-DD5DACDA574C\">\n        <omgdc:Bounds height=\"80.0\" width=\"100.0\" x=\"375.0\" y=\"300.0\"></omgdc:Bounds>\n      </bpmndi:BPMNShape>\n      <bpmndi:BPMNShape bpmnElement=\"sid-CE6842C8-B248-40D6-B25D-FCE5FAFD7B78\" id=\"BPMNShape_sid-CE6842C8-B248-40D6-B25D-FCE5FAFD7B78\">\n        <omgdc:Bounds height=\"80.0\" width=\"100.0\" x=\"105.0\" y=\"300.0\"></omgdc:Bounds>\n      </bpmndi:BPMNShape>\n      <bpmndi:BPMNShape bpmnElement=\"sid-89C628F1-4139-4A09-A671-D66EF08FA979\" id=\"BPMNShape_sid-89C628F1-4139-4A09-A671-D66EF08FA979\">\n        <omgdc:Bounds height=\"28.0\" width=\"28.0\" x=\"276.0\" y=\"405.0\"></omgdc:Bounds>\n      </bpmndi:BPMNShape>\n      <bpmndi:BPMNEdge bpmnElement=\"sid-CEA47563-B6D7-4525-A5DC-5433B8900D29\" id=\"BPMNEdge_sid-CEA47563-B6D7-4525-A5DC-5433B8900D29\">\n        <omgdi:waypoint x=\"205.0\" y=\"369.25925925925924\"></omgdi:waypoint>\n        <omgdi:waypoint x=\"277.9168457812088\" y=\"411.9291171608555\"></omgdi:waypoint>\n      </bpmndi:BPMNEdge>\n      <bpmndi:BPMNEdge bpmnElement=\"sid-AF8542E3-2579-4F4C-967B-A1F3A7344FF7\" id=\"BPMNEdge_sid-AF8542E3-2579-4F4C-967B-A1F3A7344FF7\">\n        <omgdi:waypoint x=\"278.2608695652174\" y=\"253.26086956521738\"></omgdi:waypoint>\n        <omgdi:waypoint x=\"205.0\" y=\"304.81481481481484\"></omgdi:waypoint>\n      </bpmndi:BPMNEdge>\n      <bpmndi:BPMNEdge bpmnElement=\"sid-E780DD27-4279-4555-B08E-C665279AF239\" id=\"BPMNEdge_sid-E780DD27-4279-4555-B08E-C665279AF239\">\n        <omgdi:waypoint x=\"385.0\" y=\"70.0\"></omgdi:waypoint>\n        <omgdi:waypoint x=\"485.0\" y=\"70.0\"></omgdi:waypoint>\n        <omgdi:waypoint x=\"485.0\" y=\"120.0\"></omgdi:waypoint>\n      </bpmndi:BPMNEdge>\n      <bpmndi:BPMNEdge bpmnElement=\"sid-45835F03-A74D-4955-8889-1F8D2D953846\" id=\"BPMNEdge_sid-45835F03-A74D-4955-8889-1F8D2D953846\">\n        <omgdi:waypoint x=\"74.42285921461234\" y=\"109.12081691846068\"></omgdi:waypoint>\n        <omgdi:waypoint x=\"150.0\" y=\"130.71428571428572\"></omgdi:waypoint>\n      </bpmndi:BPMNEdge>\n      <bpmndi:BPMNEdge bpmnElement=\"sid-A00980D9-9EF0-476B-BCB6-F2CA50966E3F\" id=\"BPMNEdge_sid-A00980D9-9EF0-476B-BCB6-F2CA50966E3F\">\n        <omgdi:waypoint x=\"200.0\" y=\"105.0\"></omgdi:waypoint>\n        <omgdi:waypoint x=\"200.0\" y=\"70.0\"></omgdi:waypoint>\n        <omgdi:waypoint x=\"285.0\" y=\"70.0\"></omgdi:waypoint>\n      </bpmndi:BPMNEdge>\n      <bpmndi:BPMNEdge bpmnElement=\"sid-FBB884B5-A2E1-4D80-8A84-64F6BD186E84\" id=\"BPMNEdge_sid-FBB884B5-A2E1-4D80-8A84-64F6BD186E84\">\n        <omgdi:waypoint x=\"435.0\" y=\"181.7948717948718\"></omgdi:waypoint>\n        <omgdi:waypoint x=\"303.92857142857144\" y=\"238.92857142857142\"></omgdi:waypoint>\n      </bpmndi:BPMNEdge>\n      <bpmndi:BPMNEdge bpmnElement=\"sid-40CF83A7-6DFB-46E1-9E78-061270F4EDC9\" id=\"BPMNEdge_sid-40CF83A7-6DFB-46E1-9E78-061270F4EDC9\">\n        <omgdi:waypoint x=\"375.0\" y=\"369.25925925925924\"></omgdi:waypoint>\n        <omgdi:waypoint x=\"302.0831542187912\" y=\"411.9291171608555\"></omgdi:waypoint>\n      </bpmndi:BPMNEdge>\n      <bpmndi:BPMNEdge bpmnElement=\"sid-6AF427D8-4C86-46F4-B387-C71D9E9ADAFC\" id=\"BPMNEdge_sid-6AF427D8-4C86-46F4-B387-C71D9E9ADAFC\">\n        <omgdi:waypoint x=\"309.9261992619926\" y=\"245.07380073800738\"></omgdi:waypoint>\n        <omgdi:waypoint x=\"425.0\" y=\"245.5\"></omgdi:waypoint>\n        <omgdi:waypoint x=\"425.0\" y=\"300.0\"></omgdi:waypoint>\n      </bpmndi:BPMNEdge>\n    </bpmndi:BPMNPlane>\n  </bpmndi:BPMNDiagram>\n</definitions>',0),('105011',1,'92516.leave.png','105009','PNG\r\n\Z\n\0\0\0\rIHDR\0\0!\0\0\0\0\0E?\0\0,IDATx\\u}7PDmRĚJP^kb_mm-iņ݄ٓ5\rR¥h*x)}i#`AڈdrL	A\"	%7i\0I8?l\'fwvy߳3sΜ7\0\0\0\0\0\0\0\0\0\0\0\0\0\0\0\0\0\0\0\0\0\0\0\0\0\0\0\0\0\0\0\0\0\0\0\0\0\0\0\0\0\0\0\0\0\0\0\0\0\0\0\0\0\0\0\0\0\0\0\0\0\0\0\0J⡛6mZz.]Z\\dikk+\\\'1H\0ƌT@VZUܾ}{q޽ffǎ+V<k%\0cBMٻdɒ\rJ\0ƄtFZ	IRVTͳOm)nZs}q}I%\0jVBvl/w{ohI%\0jRB[\nHe_HyPB\06%dWv[B}ʃ\05)!-m	I)J\0(!J\0\r]	I)J\0Ԥlݖt\0@MJȓ-C1q[OyPB\0&%$PBm\0+!{7úbt\0tEB焤\\5U	+!{l\\Vm鶀T&}N\\{E\0P	9{E\0I	ޏ(J\0TFPB\0_%(!\0(!\0%\0%\0\0\0b\0PB\0PB\0J\0JQB\0PB\0J\0JQB\0g|~I̻%\0Ԕ)SiRɲJ\0CZB֮(!J\0Ժt.#J\0CRB4JlXMG	NH^X\n.lk,ph<%Ğd j]B+JBJh-!=\\qi=)MBq߯ s\0Pe垏^B̙S*=PG٨ܗ?sw.}ݧ s\00굄رc,n(?s=wq1ǔޟ;w%dڴi:%%1cF$<ŵkP&Ҥ=\Z.~Ǘޟ?~E#t7ި s\0t_&:͛\\rIGI^ގTjmw}S9@PBʡ[&.\Z+?k֬F圐TTu:\'dҥӞd vL0H+͜9r_uAIφill1;n\\Pd 	A\0A	1J̱\0(!@ (!F	9@@	QB9@PB\"s\0 s\0%D\0%D	A\0A	1Jaŗ[nWW\\q{?яn+o\rK(!\\>o\'?CPk-^^z$ݾ}{~1JJ>?:D (!J2>1SԞ.T0^xbos=ŋ/3gnro4J̡7{?曗}E|tvmO\"%D	Ap|:>`q0<(4Ϙ1o,a`)(!J2.= s<SZ[[wfKY (!I`kHW{DM3	@@	QB9g\\~{9 t-<=K\\ (!J.\\Y0?Ov9luXF (!J{Au@p½޻ sNFSqj[c8(!J2gKb;wnq(]uUq/PBd^&]}(u]ʱ(!J2gK/Fe˖!-![n+c@@	QB9cXz5ʋ\rʱ(!J2g?H{r6mZz.]Z\n81{[[[qʕ?+!JJȈvgl<[	T@VZUٱcGqŊOG!9C	1J 89!O<ď{iR7Edolh6˺y\\fvǺOb)!^q|6ώ͆fʕ[SAE	>۷X(cp.\r]vϲeN[|S۶m{c3|{@Rikk{աx8WL%dS6јgYvu[ZZ^Q_	y-Mk/o4t>I=I{hFꉿ#|rߠ{XJAf%U?k~7ƊojjmVo縴{KȮnx-7tC%Ę}=cw%U:\\o,\nk{zݖbE\nsCLzk0%yl( y|\"A	PDn|PKN͜9sݢEj@\'i/HVCRx:߈9+J̆;춄%ސ.KH!{%TqӧOIYnl~N{Qߙ(%?s\Z(˽t,%ȶsC24777͜9P(<aJ#V?L%\\F~Mvjw(!0fs.4u`I{@R\Zx-FaCF{	Iφ鮄%ƊpJss7ɪ;?_ĴN`mll?חOp!oL\'/v[B}ʃchsANDF.\nҙ3gn]v}ŋo&:s@g)?\0LO	NO\r-%u_vࡘ-ݧ<(!0ƶasCl+}}KEҋѥׂikkٳo\r{٪t1ԌEkؤǧrWf(!6A	1:SG(A]9\nnyw<GƢ|_gb{UB)nm>A	ފ/Mޝ^<3vŕ+W$\Z9FL:iH]N`%$];9!>WMUBRYjUы#vWX{rݖ={[6.+t[@*>\'}\"JLMՙӉ\"l}-!a]gڠ]N>r7fGO{Eb+!罯FPr9t!v/֫@o_l\0-!>i\"IarܒwWDU\"JH:{xm!_Cr/>\0VB[n>~9ԛ..\'WJ@z+!2:;eٞnJHeVBc	2z\0J́Atu&fC4~>I/\r]	I\nC};bU{=%D @w~21F PfΓ-C1q[OV#fyt9(!F @2gϞƻ9PL2eJP9hzLbnSܲqY^@3}N\\{EdJ09{EdJPޏb+s[@*#;dJ sd\02 sd\02#s~A 120+N<9R&}\\}_җ#s;s)zT;cK sA t=;v(\n\"`n;;s;Ks1Ν_	ܟʈ@\0cd˙1cF0<ŵkW&*c|]/?|%d9Mu<7o.^r%e$zjOu]12зٺuki!\"1o޼fگhT	IEe\\sB9F 1aҐ>7s^}%=gTNLM>G QBdd9#@d9#@d9#@d9#@dNM&]q]^ {)N6tG]%D	3(Sy\ZV:,Dz=yO6ӫ}×9#9<;vxͪ4,/4;K͜;wnE#-2%d3cƌRQxk׮=`FGW?%ZVx+v9(! s/]%\\QFҡ\\wu]	yed0OPL:y4Ms͛Wz֬Y9!✐\'J(!JȜvL0H+͜9r_uAIφrųc;e(!J#sF  sA \02G@ sA \02G@ sA \02G@ sA \02G@ sA \02G@0,n62~nҥ~gvG V2\Z555֔)SN>}WB`ܸ+Wnپ}_:E lV2Z̞=%Q<NY\ZxG-Z]	[li˗/j۶m= =sQ㗲,`Ǭ·}+!MqM:VH3䓖.oC\'M;:\0Q8c{r_s%\0eQ8Ί.0}Q>8)!J\0K̉(%\0P(A|,ˮroϿ(!\0pP\r\r\rF1{1gTB\0ִiWKx<sG5?VB\08@ߌ1PB\08$˲IQ8DhX.;V\00Ɲzꩿ(c+HS媦(!\0QB\rQ:>\'1_á%1&FC7W5\"fp|Jje{pܓ<S^>ҥKm3kWM`4771[\\r:3\00`Q8tUӘ/lٲӖ/_Զm۞WoH* mmmxn\0-]4Gc;c6G8?Ysl&_kҡtNI}@DxUY1,yORK\0UxKe_*_B\n\0P+D(<%SN\0\\.(󣘻cm`\0\05e,>W|>.K\0	Q:#fGr_T\08qQ8̲Q>6UMQ,˽&\'xlP(E|%\0DE阗be?F\rK\0t(gĬy8,\0&\n/gYvQGbVɮj\n\0LtS:%[*\0@tid1\0PSN}EzZmzzmt[K\0BtAtaoY*\0@ͤKgYKg\0\05^4.\nǴ(ߏ@90%\0D_qYDۣL窦\0@DSlc-\0&EĢlu>_..o6]l̒\0j\"]>=\nQ<6|7HUMq|/|5DK\0e[tlXK\0߈|SN9|~fc^W5bc|+UM(\"\'y`d1WNQ8-]4sܯ{`JH{Bv[imm=,Gs51fYvnWz\0`t>hҘ(!K_sUS\0N>HѨ?,dY;Q:+?x7=d\00z\n\nƀ455.˽?{D8=J1E8U.\0l\\pKZZZ^EbU(\ZG}8fS]1YCCá*\0}dR?nW_H*1Ř|]}NPxseW<x\0@G8\\@*,nv̶((\0tP߉R(:-kb˲l]=+\0/ ,nDxkziRcnnll	\0~O*M8s\\߯8Y() |>\02H|y_}(\"}]GIdqkw2Y\0c$gDETfZC=o{۾}Rzh\0`Ѯ\nEOEϟ?<^|߾P(EԆ,͔|,fv5NF]@NC誈Tqxw\0`xʦ+\"}* {]\0`h\nHo@wE%, u=\0`ȏP@\0\0#@<tUDR@:\0(tT,\\5\'G^>m׌+@W{Bǡ=!}=!@w]jsNHsB\0X˞ճcRD<;F	`]WV8q(!\0YT	!PB\0#+T?D	GqUt9\0@I\'t_Ӻ(}Yw_iJ\0|>`|3ox;n=@Lv^%QV@ǳ,̓}ݎҡq(!\00qã|>6666I2XEąȔ\0\\.@ܓeٿSz!%\0~.ϟ1X$\'IJ@iѱQX_B,j(!\0F| ̩:z[,ҥ]	%`,kiiyYl_Í<\\0N\nJe[cņkQF\Z=\"\0)H\'3k_t.\nJX|P(]x\\\0\'b.ohh8ttHqᢄ\0=\\/l\Zo(JeDXaQFDPB\0C\"?N>\"dq\0PsF/38K%˲-\\J\05u)<Ǘ\"DPB\0 \rQ>rꩧ%@eE%r\Z4fekJ\05e_Gxo={K,\0jjԩ/X\"(!\0EX|>].{%@M-Y]N>9A	`(z|;^g\0PsY{?f9%K{D0_(\noDPB\0@?/1	c\0PS\"?K%+\nOW=iy%@CC,\0j\"|WMk\0Ps|\\厰DPB\0ɧl9%`(\nȯGs{\ZK9]8qYcIP.;2u~}Q@~A	)JHe,)1_hiiy%EJ\Z\Z\Z\0!h\'c+K(!\'vWBn	Ceo ]c,趈tun\Z{A\0:ISW4)T[\'gAK8rTo][--}Yh/@{AvrK*Iq#&Nx}*!:dKٝNxb_XJ߯ҹ!\0tz_k;8qrі芩0̊⡛6mZz.]Z\\dikk+\\\'1͕%ƿtT=Q@dEnȍι#N\nUVo^ܻwٱcGqŊOGO8ȕWYs:7H/AR77%^Ņ^䆩䆵)J\\?x+=|2g,bEn4QBY+ұEu&Y0Dx4sQ8Jg0=况Q&>im&n\0&Q<Z\r Lbvl/w{ohI0An\r5	 	aܐrj&0I	aܐrj&-m0An\rDܐ0z$]0An\r5	w~0I	aܐrj&O+޷wm>! LrCn@M$&6 LrCn@dϞƻ9pjܖ!7z+>x=sCaܐr/L/-xG\rʤIaܐr&+_7!7$LzWLOaܐr&\raܐr&Fܐ L	\r#7&Fܐ L	\r#7&F 7\0a\"L@n\r&F 7\0a\"L@n\r&F 7\0a\"L@n\r&F 7@arCn0& 7@arCn0& 7@a0r0!7@a0r0!7@a0ra\"L	\rDF]֭[f L{8yRXIW;c;n0SnT.O\r&]Ϝ9s:Z\\4s=! 7zio<܀&;v(\n@X`A}7pCq{]sPBnarXvmqŊ[ot=#7`Ɍ3:H!йLٽ{_n?Kϟ?[xqi7kʮWarعsgTnCaR\ngK.#TOht.(FXhQqڴiśoO|t{:7Dn(.tFz+:0͛Wz֬Yʱ88\'8\'EnTƞCa`	>7s_;&nill,[.Marc\\7ώIe*\'qrF{N\r#7&Fܐ L	\r#7&F 7\0a\"L@n\r&F 7\0a\"L@n\r&F 7\0a\"L@n\r&F 7@arCn0& 7@arCn0& 7@a0r0!7@a0r0!7@ͭ*L{i=2g)uY)S\\2k\'&Y}<v{2f,ٔOR/X^/-~_PBFiDi}1\'XSqBZK2¤,>=泧z/Zc*i}siKaZJSJliq!\\j萴-fnZJ0=6\nsWPx֫~ŬNPB@	&J}ol$6ϿZ@(֧NUZMn(!0rGsZ髴ޤ|ߧJn(!0d.]ꗸ~fwɾ>nD{ٓaIQ@֥\'Grcԍ+Wnپ}_:ElerlL7555ΚMwd1vsݲeN[|S۶m{/%푘3kب|\"6.;b>2qíT!cvZ_܀a+hk.tla$60G̏,d\r\')i}(\rP\rϻc!-B͖ؓXsZ,\0Lkka񹠼\\.JKeKsz%X*\0F5A!汘%2zEhxG=^6P1\nZ\"Gz<\Z&=Ζ\0ug/\rbS.{2r/=1[Z*\0Ե/c-lW&{zOKbCvGl~IqJWzg\00-y46p7Z\"u<o-\0FSN9qTzjg\\.KC<&ʏ˧d\00*eYƘoFGv%28\\(`\006bbO\'[\"\09P@:4PИ:u+bYqH\0ʪN|4jdgc-\0G\\CGirMnze\rLPX_p8\0裪KKFO%t(q\0+/vw>%ҽ|/\"2\nX\"\00bZy,|u\ZK+SD\0`7姘^zX^Oˡ<>\0jP(9˲[b!6 ~?O?ZiyX+\0`h7ēbC9n,̹\\^?[\0`L8 |H>Ϗyuϕ~yI=\0P^b#p畯qa|Yς>\'?sݔ~N6\0ԡP{cr[+?w_IJaHBbv!RV;\r],/M?Occ.\0Թ(/-tի#%\r~1Rszܘ|;>C._oQ$kkc(\\Zz(ևլn3:~z<\0ظ#6軻(	)BΎ?Olٲ⣏>Z|gs=Wloo/yū8uԮ<i5\0b?\nȤ(/To}boܹ:U{h\\Qɟٕ= /u]tQ\"Ҝ{ٗN^|W:W:T3gΜt}?=i\0cAWyą2O]U~ʾ={@Z@H=\"/iv||qS\\y\00\n\\9 =ӡsDdR\0;Q4TZ7tS\'\0cPr/T<5)!Y3{\0cXʪb|XK:\"U%BK\0ưkkZBͪJ\"K\0v	X)}BjgʪU%1K\0v	鸐`=-Vݖ>\0QBg.!\0\0RB\0K	\0`N\00,S\rS抩\0@\0W	9֯[(~V*͖:\0PJI8i\\p{A\Z\Z\ZJ	9.fG,\\ve.\"̙3<]|K\0OeS*\'VLN{@\0esDɪ-}L:	4Qp.t=\"1;KD*#:\"fi/GPM:䒮.DvW<|YK\0tHSw9\0Q.#R>ς\0,]Y5ȇʯ59\nnpӋѥׂIbw%T\0\0\0\0\0\0\0\0\0\0\0\0\0\0\0\0\0~jRS\0\0\0\0IENDB`',1),('107514',1,'92516.bpmn20.xml','107513','<?xml version=\"1.0\" encoding=\"UTF-8\"?>\n<definitions xmlns=\"http://www.omg.org/spec/BPMN/20100524/MODEL\" xmlns:xsi=\"http://www.w3.org/2001/XMLSchema-instance\" xmlns:xsd=\"http://www.w3.org/2001/XMLSchema\" xmlns:activiti=\"http://activiti.org/bpmn\" xmlns:bpmndi=\"http://www.omg.org/spec/BPMN/20100524/DI\" xmlns:omgdc=\"http://www.omg.org/spec/DD/20100524/DC\" xmlns:omgdi=\"http://www.omg.org/spec/DD/20100524/DI\" typeLanguage=\"http://www.w3.org/2001/XMLSchema\" expressionLanguage=\"http://www.w3.org/1999/XPath\" targetNamespace=\"http://www.activiti.org/processdef\">\n  <process id=\"leave\" name=\"cs011\" isExecutable=\"true\">\n    <startEvent id=\"sid-6D47EAC9-109F-46F2-B0EF-0D1953D8547D\"></startEvent>\n    <userTask id=\"sid-F5676A61-8CCE-4323-9201-1701E71CD81F\" name=\"cs01\"></userTask>\n    <sequenceFlow id=\"sid-45835F03-A74D-4955-8889-1F8D2D953846\" sourceRef=\"sid-6D47EAC9-109F-46F2-B0EF-0D1953D8547D\" targetRef=\"sid-F5676A61-8CCE-4323-9201-1701E71CD81F\"></sequenceFlow>\n    <userTask id=\"sid-7A12762F-A735-4BB5-BA28-7FF3F21F39D6\" name=\"cs02\"></userTask>\n    <userTask id=\"sid-A30C477F-76F9-4C38-B057-CDA094A2B817\" name=\"cs03\"></userTask>\n    <exclusiveGateway id=\"sid-CE95D884-6C8D-433A-B66C-13B9FF273AE1\" name=\"pd\"></exclusiveGateway>\n    <userTask id=\"sid-5A7B2442-8589-46C8-9FA7-DD5DACDA574C\" name=\"cs04\"></userTask>\n    <sequenceFlow id=\"sid-6AF427D8-4C86-46F4-B387-C71D9E9ADAFC\" sourceRef=\"sid-CE95D884-6C8D-433A-B66C-13B9FF273AE1\" targetRef=\"sid-5A7B2442-8589-46C8-9FA7-DD5DACDA574C\">\n      <conditionExpression xsi:type=\"tFormalExpression\"><![CDATA[${day<4}]]></conditionExpression>\n    </sequenceFlow>\n    <userTask id=\"sid-CE6842C8-B248-40D6-B25D-FCE5FAFD7B78\" name=\"cs05\"></userTask>\n    <sequenceFlow id=\"sid-AF8542E3-2579-4F4C-967B-A1F3A7344FF7\" sourceRef=\"sid-CE95D884-6C8D-433A-B66C-13B9FF273AE1\" targetRef=\"sid-CE6842C8-B248-40D6-B25D-FCE5FAFD7B78\">\n      <conditionExpression xsi:type=\"tFormalExpression\"><![CDATA[${day>4}]]></conditionExpression>\n    </sequenceFlow>\n    <endEvent id=\"sid-89C628F1-4139-4A09-A671-D66EF08FA979\"></endEvent>\n    <sequenceFlow id=\"sid-CEA47563-B6D7-4525-A5DC-5433B8900D29\" sourceRef=\"sid-CE6842C8-B248-40D6-B25D-FCE5FAFD7B78\" targetRef=\"sid-89C628F1-4139-4A09-A671-D66EF08FA979\"></sequenceFlow>\n    <sequenceFlow id=\"sid-40CF83A7-6DFB-46E1-9E78-061270F4EDC9\" sourceRef=\"sid-5A7B2442-8589-46C8-9FA7-DD5DACDA574C\" targetRef=\"sid-89C628F1-4139-4A09-A671-D66EF08FA979\"></sequenceFlow>\n    <sequenceFlow id=\"sid-E780DD27-4279-4555-B08E-C665279AF239\" sourceRef=\"sid-7A12762F-A735-4BB5-BA28-7FF3F21F39D6\" targetRef=\"sid-A30C477F-76F9-4C38-B057-CDA094A2B817\"></sequenceFlow>\n    <sequenceFlow id=\"sid-FBB884B5-A2E1-4D80-8A84-64F6BD186E84\" sourceRef=\"sid-A30C477F-76F9-4C38-B057-CDA094A2B817\" targetRef=\"sid-CE95D884-6C8D-433A-B66C-13B9FF273AE1\"></sequenceFlow>\n    <sequenceFlow id=\"sid-A00980D9-9EF0-476B-BCB6-F2CA50966E3F\" name=\"tj\" sourceRef=\"sid-F5676A61-8CCE-4323-9201-1701E71CD81F\" targetRef=\"sid-7A12762F-A735-4BB5-BA28-7FF3F21F39D6\"></sequenceFlow>\n  </process>\n  <bpmndi:BPMNDiagram id=\"BPMNDiagram_leave\">\n    <bpmndi:BPMNPlane bpmnElement=\"leave\" id=\"BPMNPlane_leave\">\n      <bpmndi:BPMNShape bpmnElement=\"sid-6D47EAC9-109F-46F2-B0EF-0D1953D8547D\" id=\"BPMNShape_sid-6D47EAC9-109F-46F2-B0EF-0D1953D8547D\">\n        <omgdc:Bounds height=\"30.0\" width=\"30.0\" x=\"45.0\" y=\"90.0\"></omgdc:Bounds>\n      </bpmndi:BPMNShape>\n      <bpmndi:BPMNShape bpmnElement=\"sid-F5676A61-8CCE-4323-9201-1701E71CD81F\" id=\"BPMNShape_sid-F5676A61-8CCE-4323-9201-1701E71CD81F\">\n        <omgdc:Bounds height=\"80.0\" width=\"100.0\" x=\"150.0\" y=\"105.0\"></omgdc:Bounds>\n      </bpmndi:BPMNShape>\n      <bpmndi:BPMNShape bpmnElement=\"sid-7A12762F-A735-4BB5-BA28-7FF3F21F39D6\" id=\"BPMNShape_sid-7A12762F-A735-4BB5-BA28-7FF3F21F39D6\">\n        <omgdc:Bounds height=\"80.0\" width=\"100.0\" x=\"285.0\" y=\"30.0\"></omgdc:Bounds>\n      </bpmndi:BPMNShape>\n      <bpmndi:BPMNShape bpmnElement=\"sid-A30C477F-76F9-4C38-B057-CDA094A2B817\" id=\"BPMNShape_sid-A30C477F-76F9-4C38-B057-CDA094A2B817\">\n        <omgdc:Bounds height=\"80.0\" width=\"100.0\" x=\"435.0\" y=\"120.0\"></omgdc:Bounds>\n      </bpmndi:BPMNShape>\n      <bpmndi:BPMNShape bpmnElement=\"sid-CE95D884-6C8D-433A-B66C-13B9FF273AE1\" id=\"BPMNShape_sid-CE95D884-6C8D-433A-B66C-13B9FF273AE1\">\n        <omgdc:Bounds height=\"40.0\" width=\"40.0\" x=\"270.0\" y=\"225.0\"></omgdc:Bounds>\n      </bpmndi:BPMNShape>\n      <bpmndi:BPMNShape bpmnElement=\"sid-5A7B2442-8589-46C8-9FA7-DD5DACDA574C\" id=\"BPMNShape_sid-5A7B2442-8589-46C8-9FA7-DD5DACDA574C\">\n        <omgdc:Bounds height=\"80.0\" width=\"100.0\" x=\"375.0\" y=\"300.0\"></omgdc:Bounds>\n      </bpmndi:BPMNShape>\n      <bpmndi:BPMNShape bpmnElement=\"sid-CE6842C8-B248-40D6-B25D-FCE5FAFD7B78\" id=\"BPMNShape_sid-CE6842C8-B248-40D6-B25D-FCE5FAFD7B78\">\n        <omgdc:Bounds height=\"80.0\" width=\"100.0\" x=\"105.0\" y=\"300.0\"></omgdc:Bounds>\n      </bpmndi:BPMNShape>\n      <bpmndi:BPMNShape bpmnElement=\"sid-89C628F1-4139-4A09-A671-D66EF08FA979\" id=\"BPMNShape_sid-89C628F1-4139-4A09-A671-D66EF08FA979\">\n        <omgdc:Bounds height=\"28.0\" width=\"28.0\" x=\"276.0\" y=\"405.0\"></omgdc:Bounds>\n      </bpmndi:BPMNShape>\n      <bpmndi:BPMNEdge bpmnElement=\"sid-CEA47563-B6D7-4525-A5DC-5433B8900D29\" id=\"BPMNEdge_sid-CEA47563-B6D7-4525-A5DC-5433B8900D29\">\n        <omgdi:waypoint x=\"205.0\" y=\"369.25925925925924\"></omgdi:waypoint>\n        <omgdi:waypoint x=\"277.9168457812088\" y=\"411.9291171608555\"></omgdi:waypoint>\n      </bpmndi:BPMNEdge>\n      <bpmndi:BPMNEdge bpmnElement=\"sid-AF8542E3-2579-4F4C-967B-A1F3A7344FF7\" id=\"BPMNEdge_sid-AF8542E3-2579-4F4C-967B-A1F3A7344FF7\">\n        <omgdi:waypoint x=\"278.2608695652174\" y=\"253.26086956521738\"></omgdi:waypoint>\n        <omgdi:waypoint x=\"205.0\" y=\"304.81481481481484\"></omgdi:waypoint>\n      </bpmndi:BPMNEdge>\n      <bpmndi:BPMNEdge bpmnElement=\"sid-E780DD27-4279-4555-B08E-C665279AF239\" id=\"BPMNEdge_sid-E780DD27-4279-4555-B08E-C665279AF239\">\n        <omgdi:waypoint x=\"385.0\" y=\"70.0\"></omgdi:waypoint>\n        <omgdi:waypoint x=\"485.0\" y=\"70.0\"></omgdi:waypoint>\n        <omgdi:waypoint x=\"485.0\" y=\"120.0\"></omgdi:waypoint>\n      </bpmndi:BPMNEdge>\n      <bpmndi:BPMNEdge bpmnElement=\"sid-45835F03-A74D-4955-8889-1F8D2D953846\" id=\"BPMNEdge_sid-45835F03-A74D-4955-8889-1F8D2D953846\">\n        <omgdi:waypoint x=\"74.42285921461234\" y=\"109.12081691846068\"></omgdi:waypoint>\n        <omgdi:waypoint x=\"150.0\" y=\"130.71428571428572\"></omgdi:waypoint>\n      </bpmndi:BPMNEdge>\n      <bpmndi:BPMNEdge bpmnElement=\"sid-A00980D9-9EF0-476B-BCB6-F2CA50966E3F\" id=\"BPMNEdge_sid-A00980D9-9EF0-476B-BCB6-F2CA50966E3F\">\n        <omgdi:waypoint x=\"200.0\" y=\"105.0\"></omgdi:waypoint>\n        <omgdi:waypoint x=\"200.0\" y=\"70.0\"></omgdi:waypoint>\n        <omgdi:waypoint x=\"285.0\" y=\"70.0\"></omgdi:waypoint>\n      </bpmndi:BPMNEdge>\n      <bpmndi:BPMNEdge bpmnElement=\"sid-FBB884B5-A2E1-4D80-8A84-64F6BD186E84\" id=\"BPMNEdge_sid-FBB884B5-A2E1-4D80-8A84-64F6BD186E84\">\n        <omgdi:waypoint x=\"435.0\" y=\"181.7948717948718\"></omgdi:waypoint>\n        <omgdi:waypoint x=\"303.92857142857144\" y=\"238.92857142857142\"></omgdi:waypoint>\n      </bpmndi:BPMNEdge>\n      <bpmndi:BPMNEdge bpmnElement=\"sid-40CF83A7-6DFB-46E1-9E78-061270F4EDC9\" id=\"BPMNEdge_sid-40CF83A7-6DFB-46E1-9E78-061270F4EDC9\">\n        <omgdi:waypoint x=\"375.0\" y=\"369.25925925925924\"></omgdi:waypoint>\n        <omgdi:waypoint x=\"302.0831542187912\" y=\"411.9291171608555\"></omgdi:waypoint>\n      </bpmndi:BPMNEdge>\n      <bpmndi:BPMNEdge bpmnElement=\"sid-6AF427D8-4C86-46F4-B387-C71D9E9ADAFC\" id=\"BPMNEdge_sid-6AF427D8-4C86-46F4-B387-C71D9E9ADAFC\">\n        <omgdi:waypoint x=\"309.9261992619926\" y=\"245.07380073800738\"></omgdi:waypoint>\n        <omgdi:waypoint x=\"425.0\" y=\"245.5\"></omgdi:waypoint>\n        <omgdi:waypoint x=\"425.0\" y=\"300.0\"></omgdi:waypoint>\n      </bpmndi:BPMNEdge>\n    </bpmndi:BPMNPlane>\n  </bpmndi:BPMNDiagram>\n</definitions>',0),('107515',1,'92516.leave.png','107513','PNG\r\n\Z\n\0\0\0\rIHDR\0\0!\0\0\0\0\0E?\0\0,IDATx\\u}7PDmRĚJP^kb_mm-iņ݄ٓ5\rR¥h*x)}i#`AڈdrL	A\"	%7i\0I8?l\'fwvy߳3sΜ7\0\0\0\0\0\0\0\0\0\0\0\0\0\0\0\0\0\0\0\0\0\0\0\0\0\0\0\0\0\0\0\0\0\0\0\0\0\0\0\0\0\0\0\0\0\0\0\0\0\0\0\0\0\0\0\0\0\0\0\0\0\0\0\0J⡛6mZz.]Z\\dikk+\\\'1H\0ƌT@VZUܾ}{q޽ffǎ+V<k%\0cBMٻdɒ\rJ\0ƄtFZ	IRVTͳOm)nZs}q}I%\0jVBvl/w{ohI%\0jRB[\nHe_HyPB\06%dWv[B}ʃ\05)!-m	I)J\0(!J\0\r]	I)J\0Ԥlݖt\0@MJȓ-C1q[OyPB\0&%$PBm\0+!{7úbt\0tEB焤\\5U	+!{l\\Vm鶀T&}N\\{E\0P	9{E\0I	ޏ(J\0TFPB\0_%(!\0(!\0%\0%\0\0\0b\0PB\0PB\0J\0JQB\0PB\0J\0JQB\0g|~I̻%\0Ԕ)SiRɲJ\0CZB֮(!J\0Ժt.#J\0CRB4JlXMG	NH^X\n.lk,ph<%Ğd j]B+JBJh-!=\\qi=)MBq߯ s\0Pe垏^B̙S*=PG٨ܗ?sw.}ݧ s\00굄رc,n(?s=wq1ǔޟ;w%dڴi:%%1cF$<ŵkP&Ҥ=\Z.~Ǘޟ?~E#t7ި s\0t_&:͛\\rIGI^ގTjmw}S9@PBʡ[&.\Z+?k֬F圐TTu:\'dҥӞd vL0H+͜9r_uAIφill1;n\\Pd 	A\0A	1J̱\0(!@ (!F	9@@	QB9@PB\"s\0 s\0%D\0%D	A\0A	1Jaŗ[nWW\\q{?яn+o\rK(!\\>o\'?CPk-^^z$ݾ}{~1JJ>?:D (!J2>1SԞ.T0^xbos=ŋ/3gnro4J̡7{?曗}E|tvmO\"%D	Ap|:>`q0<(4Ϙ1o,a`)(!J2.= s<SZ[[wfKY (!I`kHW{DM3	@@	QB9g\\~{9 t-<=K\\ (!J.\\Y0?Ov9luXF (!J{Au@p½޻ sNFSqj[c8(!J2gKb;wnq(]uUq/PBd^&]}(u]ʱ(!J2gK/Fe˖!-![n+c@@	QB9cXz5ʋ\rʱ(!J2g?H{r6mZz.]Z\n81{[[[qʕ?+!JJȈvgl<[	T@VZUٱcGqŊOG!9C	1J 89!O<ď{iR7Edolh6˺y\\fvǺOb)!^q|6ώ͆fʕ[SAE	>۷X(cp.\r]vϲeN[|S۶m{c3|{@Rikk{աx8WL%dS6јgYvu[ZZ^Q_	y-Mk/o4t>I=I{hFꉿ#|rߠ{XJAf%U?k~7ƊojjmVo縴{KȮnx-7tC%Ę}=cw%U:\\o,\nk{zݖbE\nsCLzk0%yl( y|\"A	PDn|PKN͜9sݢEj@\'i/HVCRx:߈9+J̆;춄%ސ.KH!{%TqӧOIYnl~N{Qߙ(%?s\Z(˽t,%ȶsC24777͜9P(<aJ#V?L%\\F~Mvjw(!0fs.4u`I{@R\Zx-FaCF{	Iφ鮄%ƊpJss7ɪ;?_ĴN`mll?חOp!oL\'/v[B}ʃchsANDF.\nҙ3gn]v}ŋo&:s@g)?\0LO	NO\r-%u_vࡘ-ݧ<(!0ƶasCl+}}KEҋѥׂikkٳo\r{٪t1ԌEkؤǧrWf(!6A	1:SG(A]9\nnyw<GƢ|_gb{UB)nm>A	ފ/Mޝ^<3vŕ+W$\Z9FL:iH]N`%$];9!>WMUBRYjUы#vWX{rݖ={[6.+t[@*>\'}\"JLMՙӉ\"l}-!a]gڠ]N>r7fGO{Eb+!罯FPr9t!v/֫@o_l\0-!>i\"IarܒwWDU\"JH:{xm!_Cr/>\0VB[n>~9ԛ..\'WJ@z+!2:;eٞnJHeVBc	2z\0J́Atu&fC4~>I/\r]	I\nC};bU{=%D @w~21F PfΓ-C1q[OV#fyt9(!F @2gϞƻ9PL2eJP9hzLbnSܲqY^@3}N\\{EdJ09{EdJPޏb+s[@*#;dJ sd\02 sd\02#s~A 120+N<9R&}\\}_җ#s;s)zT;cK sA t=;v(\n\"`n;;s;Ks1Ν_	ܟʈ@\0cd˙1cF0<ŵkW&*c|]/?|%d9Mu<7o.^r%e$zjOu]12зٺuki!\"1o޼fگhT	IEe\\sB9F 1aҐ>7s^}%=gTNLM>G QBdd9#@d9#@d9#@d9#@dNM&]q]^ {)N6tG]%D	3(Sy\ZV:,Dz=yO6ӫ}×9#9<;vxͪ4,/4;K͜;wnE#-2%d3cƌRQxk׮=`FGW?%ZVx+v9(! s/]%\\QFҡ\\wu]	yed0OPL:y4Ms͛Wz֬Y9!✐\'J(!JȜvL0H+͜9r_uAIφrųc;e(!J#sF  sA \02G@ sA \02G@ sA \02G@ sA \02G@ sA \02G@0,n62~nҥ~gvG V2\Z555֔)SN>}WB`ܸ+Wnپ}_:E lV2Z̞=%Q<NY\ZxG-Z]	[li˗/j۶m= =sQ㗲,`Ǭ·}+!MqM:VH3䓖.oC\'M;:\0Q8c{r_s%\0eQ8Ί.0}Q>8)!J\0K̉(%\0P(A|,ˮroϿ(!\0pP\r\r\rF1{1gTB\0ִiWKx<sG5?VB\08@ߌ1PB\08$˲IQ8DhX.;V\00Ɲzꩿ(c+HS媦(!\0QB\rQ:>\'1_á%1&FC7W5\"fp|Jje{pܓ<S^>ҥKm3kWM`4771[\\r:3\00`Q8tUӘ/lٲӖ/_Զm۞WoH* mmmxn\0-]4Gc;c6G8?Ysl&_kҡtNI}@DxUY1,yORK\0UxKe_*_B\n\0P+D(<%SN\0\\.(󣘻cm`\0\05e,>W|>.K\0	Q:#fGr_T\08qQ8̲Q>6UMQ,˽&\'xlP(E|%\0DE阗be?F\rK\0t(gĬy8,\0&\n/gYvQGbVɮj\n\0LtS:%[*\0@tid1\0PSN}EzZmzzmt[K\0BtAtaoY*\0@ͤKgYKg\0\05^4.\nǴ(ߏ@90%\0D_qYDۣL窦\0@DSlc-\0&EĢlu>_..o6]l̒\0j\"]>=\nQ<6|7HUMq|/|5DK\0e[tlXK\0߈|SN9|~fc^W5bc|+UM(\"\'y`d1WNQ8-]4sܯ{`JH{Bv[imm=,Gs51fYvnWz\0`t>hҘ(!K_sUS\0N>HѨ?,dY;Q:+?x7=d\00z\n\nƀ455.˽?{D8=J1E8U.\0l\\pKZZZ^EbU(\ZG}8fS]1YCCá*\0}dR?nW_H*1Ř|]}NPxseW<x\0@G8\\@*,nv̶((\0tP߉R(:-kb˲l]=+\0/ ,nDxkziRcnnll	\0~O*M8s\\߯8Y() |>\02H|y_}(\"}]GIdqkw2Y\0c$gDETfZC=o{۾}Rzh\0`Ѯ\nEOEϟ?<^|߾P(EԆ,͔|,fv5NF]@NC誈Tqxw\0`xʦ+\"}* {]\0`h\nHo@wE%, u=\0`ȏP@\0\0#@<tUDR@:\0(tT,\\5\'G^>m׌+@W{Bǡ=!}=!@w]jsNHsB\0X˞ճcRD<;F	`]WV8q(!\0YT	!PB\0#+T?D	GqUt9\0@I\'t_Ӻ(}Yw_iJ\0|>`|3ox;n=@Lv^%QV@ǳ,̓}ݎҡq(!\00qã|>6666I2XEąȔ\0\\.@ܓeٿSz!%\0~.ϟ1X$\'IJ@iѱQX_B,j(!\0F| ̩:z[,ҥ]	%`,kiiyYl_Í<\\0N\nJe[cņkQF\Z=\"\0)H\'3k_t.\nJX|P(]x\\\0\'b.ohh8ttHqᢄ\0=\\/l\Zo(JeDXaQFDPB\0C\"?N>\"dq\0PsF/38K%˲-\\J\05u)<Ǘ\"DPB\0 \rQ>rꩧ%@eE%r\Z4fekJ\05e_Gxo={K,\0jjԩ/X\"(!\0EX|>].{%@M-Y]N>9A	`(z|;^g\0PsY{?f9%K{D0_(\noDPB\0@?/1	c\0PS\"?K%+\nOW=iy%@CC,\0j\"|WMk\0Ps|\\厰DPB\0ɧl9%`(\nȯGs{\ZK9]8qYcIP.;2u~}Q@~A	)JHe,)1_hiiy%EJ\Z\Z\Z\0!h\'c+K(!\'vWBn	Ceo ]c,趈tun\Z{A\0:ISW4)T[\'gAK8rTo][--}Yh/@{AvrK*Iq#&Nx}*!:dKٝNxb_XJ߯ҹ!\0tz_k;8qrі芩0̊⡛6mZz.]Z\\dikk+\\\'1͕%ƿtT=Q@dEnȍι#N\nUVo^ܻwٱcGqŊOGO8ȕWYs:7H/AR77%^Ņ^䆩䆵)J\\?x+=|2g,bEn4QBY+ұEu&Y0Dx4sQ8Jg0=况Q&>im&n\0&Q<Z\r Lbvl/w{ohI0An\r5	 	aܐrj&0I	aܐrj&-m0An\rDܐ0z$]0An\r5	w~0I	aܐrj&O+޷wm>! LrCn@M$&6 LrCn@dϞƻ9pjܖ!7z+>x=sCaܐr/L/-xG\rʤIaܐr&+_7!7$LzWLOaܐr&\raܐr&Fܐ L	\r#7&Fܐ L	\r#7&F 7\0a\"L@n\r&F 7\0a\"L@n\r&F 7\0a\"L@n\r&F 7@arCn0& 7@arCn0& 7@a0r0!7@a0r0!7@a0ra\"L	\rDF]֭[f L{8yRXIW;c;n0SnT.O\r&]Ϝ9s:Z\\4s=! 7zio<܀&;v(\n@X`A}7pCq{]sPBnarXvmqŊ[ot=#7`Ɍ3:H!йLٽ{_n?Kϟ?[xqi7kʮWarعsgTnCaR\ngK.#TOht.(FXhQqڴiśoO|t{:7Dn(.tFz+:0͛Wz֬Yʱ88\'8\'EnTƞCa`	>7s_;&nill,[.Marc\\7ώIe*\'qrF{N\r#7&Fܐ L	\r#7&F 7\0a\"L@n\r&F 7\0a\"L@n\r&F 7\0a\"L@n\r&F 7@arCn0& 7@arCn0& 7@a0r0!7@a0r0!7@ͭ*L{i=2g)uY)S\\2k\'&Y}<v{2f,ٔOR/X^/-~_PBFiDi}1\'XSqBZK2¤,>=泧z/Zc*i}siKaZJSJliq!\\j萴-fnZJ0=6\nsWPx֫~ŬNPB@	&J}ol$6ϿZ@(֧NUZMn(!0rGsZ髴ޤ|ߧJn(!0d.]ꗸ~fwɾ>nD{ٓaIQ@֥\'Grcԍ+Wnپ}_:ElerlL7555ΚMwd1vsݲeN[|S۶m{/%푘3kب|\"6.;b>2qíT!cvZ_܀a+hk.tla$60G̏,d\r\')i}(\rP\rϻc!-B͖ؓXsZ,\0Lkka񹠼\\.JKeKsz%X*\0F5A!汘%2zEhxG=^6P1\nZ\"Gz<\Z&=Ζ\0ug/\rbS.{2r/=1[Z*\0Ե/c-lW&{zOKbCvGl~IqJWzg\00-y46p7Z\"u<o-\0FSN9qTzjg\\.KC<&ʏ˧d\00*eYƘoFGv%28\\(`\006bbO\'[\"\09P@:4PИ:u+bYqH\0ʪN|4jdgc-\0G\\CGirMnze\rLPX_p8\0裪KKFO%t(q\0+/vw>%ҽ|/\"2\nX\"\00bZy,|u\ZK+SD\0`7姘^zX^Oˡ<>\0jP(9˲[b!6 ~?O?ZiyX+\0`h7ēbC9n,̹\\^?[\0`L8 |H>Ϗyuϕ~yI=\0P^b#p畯qa|Yς>\'?sݔ~N6\0ԡP{cr[+?w_IJaHBbv!RV;\r],/M?Occ.\0Թ(/-tի#%\r~1Rszܘ|;>C._oQ$kkc(\\Zz(ևլn3:~z<\0ظ#6軻(	)BΎ?Olٲ⣏>Z|gs=Wloo/yū8uԮ<i5\0b?\nȤ(/To}boܹ:U{h\\Qɟٕ= /u]tQ\"Ҝ{ٗN^|W:W:T3gΜt}?=i\0cAWyą2O]U~ʾ={@Z@H=\"/iv||qS\\y\00\n\\9 =ӡsDdR\0;Q4TZ7tS\'\0cPr/T<5)!Y3{\0cXʪb|XK:\"U%BK\0ưkkZBͪJ\"K\0v	X)}BjgʪU%1K\0v	鸐`=-Vݖ>\0QBg.!\0\0RB\0K	\0`N\00,S\rS抩\0@\0W	9֯[(~V*͖:\0PJI8i\\p{A\Z\Z\ZJ	9.fG,\\ve.\"̙3<]|K\0OeS*\'VLN{@\0esDɪ-}L:	4Qp.t=\"1;KD*#:\"fi/GPM:䒮.DvW<|YK\0tHSw9\0Q.#R>ς\0,]Y5ȇʯ59\nnpӋѥׂIbw%T\0\0\0\0\0\0\0\0\0\0\0\0\0\0\0\0\0~jRS\0\0\0\0IENDB`',1),('1ed2f163-9119-11e7-b720-005056c00001',20,'source',NULL,'{\"bounds\":{\"lowerRight\":{\"x\":1485.0,\"y\":700.0},\"upperLeft\":{\"x\":0.0,\"y\":0.0}},\"resourceId\":\"canvas\",\"stencil\":{\"id\":\"BPMNDiagram\"},\"stencilset\":{\"namespace\":\"http://b3mn.org/stencilset/bpmn2.0#\",\"url\":\"../editor/stencilsets/bpmn2.0/bpmn2.0.json\"},\"properties\":{\"process_id\":\"leave\",\"name\":\"请假demo\",\"process_namespace\":\"http://www.activiti.org/processdef\",\"messages\":[],\"executionlisteners\":{\"executionListeners\":[]},\"eventlisteners\":{\"eventListeners\":[]},\"signaldefinitions\":[],\"messagedefinitions\":[]},\"childShapes\":[{\"bounds\":{\"lowerRight\":{\"x\":84.25,\"y\":400.0},\"upperLeft\":{\"x\":54.25,\"y\":370.0}},\"resourceId\":\"sid-3FB28E77-7DD7-4781-8F8B-2CFFEF5591F8\",\"childShapes\":[],\"stencil\":{\"id\":\"StartNoneEvent\"},\"properties\":{\"overrideid\":\"sid-3FB28E77-7DD7-4781-8F8B-2CFFEF5591F8\"},\"outgoing\":[{\"resourceId\":\"sid-B5E24F7D-6B4B-41DB-8D4E-37D1A82C02FE\"}]},{\"bounds\":{\"lowerRight\":{\"x\":229.25,\"y\":425.0},\"upperLeft\":{\"x\":129.25,\"y\":345.0}},\"resourceId\":\"sid-10687E45-2376-4709-9E4A-782EA48196A2\",\"childShapes\":[],\"stencil\":{\"id\":\"UserTask\"},\"properties\":{\"overrideid\":\"sid-10687E45-2376-4709-9E4A-782EA48196A2\",\"name\":\"拟稿\",\"asynchronousdefinition\":false,\"exclusivedefinition\":false,\"tasklisteners\":{\"taskListeners\":[]},\"executionlisteners\":{\"executionListeners\":[]}},\"outgoing\":[{\"resourceId\":\"sid-80397446-D2F0-4B46-98F0-6440C1633198\"}]},{\"bounds\":{\"lowerRight\":{\"x\":172.0,\"y\":212.0},\"upperLeft\":{\"x\":128.0,\"y\":212.0}},\"resourceId\":\"sid-B5E24F7D-6B4B-41DB-8D4E-37D1A82C02FE\",\"childShapes\":[],\"stencil\":{\"id\":\"SequenceFlow\"},\"dockers\":[{\"x\":15.0,\"y\":15.0},{\"x\":50.0,\"y\":40.0}],\"outgoing\":[{\"resourceId\":\"sid-10687E45-2376-4709-9E4A-782EA48196A2\"}],\"target\":{\"resourceId\":\"sid-10687E45-2376-4709-9E4A-782EA48196A2\"},\"properties\":{\"overrideid\":\"sid-B5E24F7D-6B4B-41DB-8D4E-37D1A82C02FE\"}},{\"bounds\":{\"lowerRight\":{\"x\":374.25,\"y\":425.0},\"upperLeft\":{\"x\":274.25,\"y\":345.0}},\"resourceId\":\"sid-9386E495-F7E3-4D58-B943-CBB4A1A34D7B\",\"childShapes\":[],\"stencil\":{\"id\":\"UserTask\"},\"properties\":{\"overrideid\":\"sid-9386E495-F7E3-4D58-B943-CBB4A1A34D7B\",\"name\":\"会签\",\"asynchronousdefinition\":false,\"exclusivedefinition\":false,\"tasklisteners\":{\"taskListeners\":[]},\"executionlisteners\":{\"executionListeners\":[]}},\"outgoing\":[{\"resourceId\":\"sid-22994FA6-56B4-4175-A82F-66D23E9AF477\"}]},{\"bounds\":{\"lowerRight\":{\"x\":172.0,\"y\":212.0},\"upperLeft\":{\"x\":128.0,\"y\":212.0}},\"resourceId\":\"sid-80397446-D2F0-4B46-98F0-6440C1633198\",\"childShapes\":[],\"stencil\":{\"id\":\"SequenceFlow\"},\"dockers\":[{\"x\":50.0,\"y\":40.0},{\"x\":50.0,\"y\":40.0}],\"outgoing\":[{\"resourceId\":\"sid-9386E495-F7E3-4D58-B943-CBB4A1A34D7B\"}],\"target\":{\"resourceId\":\"sid-9386E495-F7E3-4D58-B943-CBB4A1A34D7B\"},\"properties\":{\"overrideid\":\"sid-80397446-D2F0-4B46-98F0-6440C1633198\"}},{\"bounds\":{\"lowerRight\":{\"x\":519.25,\"y\":425.0},\"upperLeft\":{\"x\":419.25,\"y\":345.0}},\"resourceId\":\"sid-7D994D6E-7B22-4548-9FD2-AF6877A6CB90\",\"childShapes\":[],\"stencil\":{\"id\":\"UserTask\"},\"properties\":{\"overrideid\":\"sid-7D994D6E-7B22-4548-9FD2-AF6877A6CB90\",\"name\":\"直接上级\",\"asynchronousdefinition\":false,\"exclusivedefinition\":false,\"tasklisteners\":{\"taskListeners\":[]},\"executionlisteners\":{\"executionListeners\":[]}},\"outgoing\":[{\"resourceId\":\"sid-57C83DFF-8061-4C6C-BFD1-BECC44AB5B6E\"}]},{\"bounds\":{\"lowerRight\":{\"x\":172.0,\"y\":212.0},\"upperLeft\":{\"x\":128.0,\"y\":212.0}},\"resourceId\":\"sid-22994FA6-56B4-4175-A82F-66D23E9AF477\",\"childShapes\":[],\"stencil\":{\"id\":\"SequenceFlow\"},\"dockers\":[{\"x\":50.0,\"y\":40.0},{\"x\":50.0,\"y\":40.0}],\"outgoing\":[{\"resourceId\":\"sid-7D994D6E-7B22-4548-9FD2-AF6877A6CB90\"}],\"target\":{\"resourceId\":\"sid-7D994D6E-7B22-4548-9FD2-AF6877A6CB90\"},\"properties\":{\"overrideid\":\"sid-22994FA6-56B4-4175-A82F-66D23E9AF477\"}},{\"bounds\":{\"lowerRight\":{\"x\":604.25,\"y\":405.0},\"upperLeft\":{\"x\":564.25,\"y\":365.0}},\"resourceId\":\"sid-25B22FF9-69FD-45DE-9C94-64BAA35C8F34\",\"childShapes\":[],\"stencil\":{\"id\":\"ExclusiveGateway\"},\"properties\":{\"overrideid\":\"sid-25B22FF9-69FD-45DE-9C94-64BAA35C8F34\"},\"outgoing\":[{\"resourceId\":\"sid-5FCEA01A-5210-449F-82AA-28AEEE3478EF\"},{\"resourceId\":\"sid-58BC8202-1E1A-4A19-B71B-2DD134D64DA4\"}]},{\"bounds\":{\"lowerRight\":{\"x\":172.0,\"y\":212.0},\"upperLeft\":{\"x\":128.0,\"y\":212.0}},\"resourceId\":\"sid-57C83DFF-8061-4C6C-BFD1-BECC44AB5B6E\",\"childShapes\":[],\"stencil\":{\"id\":\"SequenceFlow\"},\"dockers\":[{\"x\":50.0,\"y\":40.0},{\"x\":20.0,\"y\":20.0}],\"outgoing\":[{\"resourceId\":\"sid-25B22FF9-69FD-45DE-9C94-64BAA35C8F34\"}],\"target\":{\"resourceId\":\"sid-25B22FF9-69FD-45DE-9C94-64BAA35C8F34\"},\"properties\":{\"overrideid\":\"sid-57C83DFF-8061-4C6C-BFD1-BECC44AB5B6E\"}},{\"bounds\":{\"lowerRight\":{\"x\":760.0,\"y\":380.0},\"upperLeft\":{\"x\":660.0,\"y\":300.0}},\"resourceId\":\"sid-7BE97040-9CC7-4BEE-B04F-03FF2E5F478F\",\"childShapes\":[],\"stencil\":{\"id\":\"UserTask\"},\"properties\":{\"overrideid\":\"sid-7BE97040-9CC7-4BEE-B04F-03FF2E5F478F\",\"name\":\"部门经理\",\"asynchronousdefinition\":false,\"exclusivedefinition\":false,\"tasklisteners\":{\"taskListeners\":[]},\"executionlisteners\":{\"executionListeners\":[]}},\"outgoing\":[{\"resourceId\":\"sid-47124E3F-A8D0-4DA1-B0BE-469A26764340\"}]},{\"bounds\":{\"lowerRight\":{\"x\":760.0,\"y\":485.0},\"upperLeft\":{\"x\":660.0,\"y\":405.0}},\"resourceId\":\"sid-DF161339-F813-4B41-8DB9-7CAEF3919980\",\"childShapes\":[],\"stencil\":{\"id\":\"UserTask\"},\"properties\":{\"overrideid\":\"sid-DF161339-F813-4B41-8DB9-7CAEF3919980\",\"name\":\"人事部\",\"asynchronousdefinition\":false,\"exclusivedefinition\":false,\"tasklisteners\":{\"taskListeners\":[]},\"executionlisteners\":{\"executionListeners\":[]}},\"outgoing\":[{\"resourceId\":\"sid-CB77EF93-7C63-487A-9CB7-3462EB155AE0\"}]},{\"bounds\":{\"lowerRight\":{\"x\":943.0,\"y\":418.0},\"upperLeft\":{\"x\":915.0,\"y\":390.0}},\"resourceId\":\"sid-CC1914F3-E618-4028-9EAF-DE447F0F82C7\",\"childShapes\":[],\"stencil\":{\"id\":\"EndNoneEvent\"},\"properties\":{\"overrideid\":\"sid-CC1914F3-E618-4028-9EAF-DE447F0F82C7\"},\"outgoing\":[]},{\"bounds\":{\"lowerRight\":{\"x\":172.0,\"y\":212.0},\"upperLeft\":{\"x\":128.0,\"y\":212.0}},\"resourceId\":\"sid-47124E3F-A8D0-4DA1-B0BE-469A26764340\",\"childShapes\":[],\"stencil\":{\"id\":\"SequenceFlow\"},\"dockers\":[{\"x\":50.0,\"y\":40.0},{\"x\":929.0,\"y\":340.0},{\"x\":14.0,\"y\":14.0}],\"outgoing\":[{\"resourceId\":\"sid-CC1914F3-E618-4028-9EAF-DE447F0F82C7\"}],\"target\":{\"resourceId\":\"sid-CC1914F3-E618-4028-9EAF-DE447F0F82C7\"},\"properties\":{\"overrideid\":\"sid-47124E3F-A8D0-4DA1-B0BE-469A26764340\"}},{\"bounds\":{\"lowerRight\":{\"x\":172.0,\"y\":212.0},\"upperLeft\":{\"x\":128.0,\"y\":212.0}},\"resourceId\":\"sid-CB77EF93-7C63-487A-9CB7-3462EB155AE0\",\"childShapes\":[],\"stencil\":{\"id\":\"SequenceFlow\"},\"dockers\":[{\"x\":50.0,\"y\":40.0},{\"x\":14.0,\"y\":14.0}],\"outgoing\":[{\"resourceId\":\"sid-CC1914F3-E618-4028-9EAF-DE447F0F82C7\"}],\"target\":{\"resourceId\":\"sid-CC1914F3-E618-4028-9EAF-DE447F0F82C7\"},\"properties\":{\"overrideid\":\"sid-CB77EF93-7C63-487A-9CB7-3462EB155AE0\"}},{\"bounds\":{\"lowerRight\":{\"x\":172.0,\"y\":212.0},\"upperLeft\":{\"x\":128.0,\"y\":212.0}},\"resourceId\":\"sid-5FCEA01A-5210-449F-82AA-28AEEE3478EF\",\"childShapes\":[],\"stencil\":{\"id\":\"SequenceFlow\"},\"dockers\":[{\"x\":20.0,\"y\":20.0},{\"x\":584.75,\"y\":340.0},{\"x\":50.0,\"y\":40.0}],\"outgoing\":[{\"resourceId\":\"sid-7BE97040-9CC7-4BEE-B04F-03FF2E5F478F\"}],\"target\":{\"resourceId\":\"sid-7BE97040-9CC7-4BEE-B04F-03FF2E5F478F\"},\"properties\":{\"overrideid\":\"sid-5FCEA01A-5210-449F-82AA-28AEEE3478EF\",\"name\":\"天数>3\",\"conditionsequenceflow\":\"${day>3}\"}},{\"bounds\":{\"lowerRight\":{\"x\":172.0,\"y\":212.0},\"upperLeft\":{\"x\":128.0,\"y\":212.0}},\"resourceId\":\"sid-58BC8202-1E1A-4A19-B71B-2DD134D64DA4\",\"childShapes\":[],\"stencil\":{\"id\":\"SequenceFlow\"},\"dockers\":[{\"x\":20.0,\"y\":20.0},{\"x\":584.75,\"y\":445.0},{\"x\":50.0,\"y\":40.0}],\"outgoing\":[{\"resourceId\":\"sid-DF161339-F813-4B41-8DB9-7CAEF3919980\"}],\"target\":{\"resourceId\":\"sid-DF161339-F813-4B41-8DB9-7CAEF3919980\"},\"properties\":{\"overrideid\":\"sid-58BC8202-1E1A-4A19-B71B-2DD134D64DA4\",\"name\":\"天数<3\",\"conditionsequenceflow\":\"${day<3}\"}}]}',NULL),('29502d49-b3a7-11e7-9d79-2c4d5453f651',1,'source-extra',NULL,'PNG\r\n\Z\n\0\0\0\rIHDR\0\0\0\0)\0\0\0f\0\0\0 cHRM\0\0z&\0\0\0\0\0\0\0\0\0u0\0\0`\0\0:\0\0pQ<\0\0\0gAMA\0\0|Q\0\0\0sRGB\0\0\0\0bKGD\0\0\0\0\0\0	pHYs\0\0\0\0+\0\0IDATxp$!	{Ux봅uWS0J,nevtd#ζu[[wkKD(PhDg񶋈X(C19\'M*Bn\'97߹$	\0\0\0\0\0\0\0\0\0\0\0\0\0\0\0\0\0\0\0\0\0\0\0\0\0\0\0\0\0\0\0\0\0\0\0\0\0\0\0\0\0\0\0\0\0\0\0\0\0\0\0\0\0\0\0\0\0\0\0\0\0\0\0\0\0\0\0\0\0\0\0\0\0\0\0\0\0\0\0\0\0\0\0\0\0\0\0\0\0\0\0\0\0\0\0\0\0\0\0\0\0\0\0\0\0\0\0\0\0\0\0\0\0\0\0\0\0\0\0\0\0\0\0\0\0\0\0\0\0\0\0\0\0\0\0\0\0\0\0\0\0\0\0\0\0\0\0\0\0\0\0\0\0\0\0\0\0\0\0\0\0\0\0\0\0\0\0\0\0\0\0\0\0\0\0\0\0\0\0\0\0\0\0\0\0\0\0\0\0\0\0\0\0\0\0\0\0\0\0\0\0\0\0\0\0\0\0\0\0\0\0\0\0\0\0\0\0\0\0\0\0\0\0\0\0\0\0\0\0\0\0\0\0\0\0\0\0\0\0\0\0\0\0\0\0\0\0\0\0\0\0\0\0\0\0\0\0\0\0\0\0\0\0\0\0\0\0\0\0\0\0\0\0\0\0\0\0\0\0\0\0\0\0\0\0\0\0\0\0\0\0\0\0\0\0\0\0\0\0\0\0\0\0\0\0\0\0\0\0\0\0\0\0\0\0\0\0\0\0\0\0\0\0\0\0\0\0\0\0\0\0\0\0\0\0\0\0\0\0\0\0\0\0\0\0\0\0\0\0\0\0\0\0\0\0\0\0\0\0\0\0\0\0\0\0\0\0\0\0\0\0\0\0\0\0\0\0\0\0\0\0\0\0\0\0\0\0\0\0\0\0\0\0\0\0\0\0\0\0\0\0\0\0\0\0\0\0\0\0\0\0\0\0\0\0\0\0\0\0\0\0\0\0\0\0\0\0\0\0\0\0\0@2@wyNJXihh0(J%={[TTZcc㽣G\ZB\r!t97}f<xppIIIҿo߾I^^ijjj0IEEEC&V__}kj7oqyy\'xboU%;v/,,;j57@W\ruYC\n \r\Z4(׮]ߜ>}[gޤ\ZBkמgϞbXׯ\'O0yˊ|Ӓr$8)3Raaa2po\\q7oj\\!\rV.~Q:pa!|ݗ˓Tു޽{\'_z5DB\'ͭYt:}\\pOTV&HnaO_rj\\!N R.))IieG|nʴy;R5DB\'<8&H\Z\Zҟ|Tmg&!r:qX:_>}qȵ\ZBr@cccvgVC\0IzAa\Zu72)=RyɠORy	5B\'@9(|_.1@!:F56\'\r5B\'@@ǓʭOx|?\'57(t\0BmՎp#>*yw#$CN8@e\'I՟&v2o$}eՐ\ZuK+?Q%ijn{Q\r!:>]kwcj:ׁ.ĿG\Z.L\'\0\0B\'\0\0B\'\0\0\0\0t>;A/{ƍ+**Fڵuuu_~!CT\Z4hmIIOJKK_1b\0cԩ\'ITjl:2,%ajll\\{)??:0{wqzuYɅ^|OBL<S1ܹ_իWO[Ot)SL\n3!T!a99wrXO\niiip	@XdɅ6lXiӦ)%#FH§Ov<2tNM}nѢEx?C9a4@;	=:_666^rO7.5!NG\n@3go/_~ĉS_6?MaIXŋo%0	&O\\JqpmgK_J9dɀ}&IUUU}d͚5k7?uSL;z\nxGytMi֪ך0aBrgi0cƌ^wuO0@Ή!p>gAs،Ǐozմy@-[<SI&^<CMw\Z+{C5k+Wzm:p6;餓ozW_]&3p.IM ywƝ8\'΀m9+@=zڵx㍩ڰ>zrKt:}_hdg\Zmc˻9pq̙3*8/-/S:!رɉ\'/WhT*5y87lF~\Zj%tm6)~~Nn_\0txX/61(6p7pC˝G.Z,QYYysh,=zϚ>}z`FgƆ=n8;25t}б~~$&Np?,d~o^y啁0G!n3TPPpb&i;khIIIɇ\'O~<//o^:~GQ	!:\rVT*5P<P&/7.\'l>ԯNnG:cqѣ+W,\\Nz۽C\Z\ZDۢUs̩S![^auyC\rL2ei\Z:tj˦\'\nCܫ=_n3	ž}^p3Cs]%M_Xʺ 4߅K˗Z*BPCtNiX:>,яСs73fLcN*++=;Rf(|%84ia=$^=Il\n5DL\"Æ\rb\rk(ґ:Sq\'\\AWT@mmmUJG:p@CY<4q/>n-tEjjj5ıڽ{wi ~&b\r\rw:V;x`~qqqիWU܈.4Ts_z饊&Kۉ\ZXɺuZ\r}t䟶:Lґ\'PB\'d=z\'肎{nxxu,\\2A-f5j)*&{~14ܡ8q[;vdk\r5j8L\rۛguuuږW!B\'diê%%%3bX`̎|m\rc/U3axW]uU}I.\\8&CiC{ƌYQCut(hukncox|l\Z:뷰[Zi܎۶m{74%ζl1<,zL	U*5D;3~Cɡ::b\r9t;m~`o>B\'dt:_7ns9tY֬YAX=oEHx,,B\0_jc(PL5sرc۳O\\Wh@UUW_}ӧOQ_nC\rSįjU^^^F\Z*((x<<^ܰaCgϞv9@|j=c]}Nꫯ~#4Qq>=^WWNv[*^\\\\(]b2eʪX/\n3yꩧ1|S`F/vS`\nE1bD|\nB}3gh?F\rk?rQCW6ݶsΝҥK?ø)=,x>ظlٲsΝw/4\0֯jUg;ަ\'x_M{ȋݥ_E۲eK=^۶mWXqf=hɡ%?Z<c6tRӝ	Y$nSWWw]wU֧ꫨ5s7OomOo͛c[ƣqƏnԯN2-Z`ƌ~knٲe7ߜ?4yFmuX}9x[o5lQ|\\MkXCk;Av~3y;?\'M[ǸsQ\\Ϟ\Zؿ9}Jm1N@q#F$cƌIN9dMg/_Ǡꫯƥ/zCwB\'d\'K,bŊ̵^[8jԨa/fYǅ+uvסΊRcmNb܆n%tBvVfv=sMaaa2|cǎ>9<xy޽5[lx뭷}vg!!8^縣Y/ޯN\Z,ⱩSiӦx㍿G%َ(?aS=$ЕuCCe!|6뒰%~z_kZ.$	#=\0_w^\0@\0@\0\0\0\0\0\0\0\0N\0\0N\0\0:\0:\0:\0@\0@\0@\0\09T*` CF\rk5	w\rDZȵ\ZBr@&Yw^TYOaJ\rk5	j\rFJWTTj\\!N ?~}:~;`4:֭[_d2/j\\!N GO۷o߿o>; teee_lhh\Z\"Wkof޼yMݻ/߿Ϣ\";.,aÆpǿ\ZBrܹs߹+WTT}ccR)~j6o֭[ψaᢋ.Z\Zti+V83//#uh0pSmFuB[UUzyysFCCu	^WC!N \'=#Sԥ⸰\nKQitX\'9Ç\ZRC\0\0\0\0\0\0\0\0\0\0\0\0\0\0\0\0\0\0\0\0\0\0\0\0\0\0\0\0\0\0\0\0\0\0\0\0\0\0\0\0\0\0\0\0\0\0\0\0\0\0\0\0\0\0\0\0\0\0\0\0\0\0\0\0\0\0\0\0\0\0\0\0\0\0\0\0\0\0\0\0\0\0\0\0\0\0\0\0\0\0\0\0\0\0\0\0\0\0\0\0\0\0\0\0\0\0\0\0\0\0\0\0\0\0\0\0\0\0\0\0\0\0\0\0\0\0\0t#Au\r|\0\0\0\0IENDB`',NULL),('2d3ca9bb-b3a7-11e7-9d79-2c4d5453f651',1,'919fc208-9c37-11e7-8ae4-005056c00001.bpmn20.xml','2d3c82aa-b3a7-11e7-9d79-2c4d5453f651','<?xml version=\'1.0\' encoding=\'UTF-8\'?>\n<definitions xmlns=\"http://www.omg.org/spec/BPMN/20100524/MODEL\" xmlns:xsi=\"http://www.w3.org/2001/XMLSchema-instance\" xmlns:xsd=\"http://www.w3.org/2001/XMLSchema\" xmlns:activiti=\"http://activiti.org/bpmn\" xmlns:bpmndi=\"http://www.omg.org/spec/BPMN/20100524/DI\" xmlns:omgdc=\"http://www.omg.org/spec/DD/20100524/DC\" xmlns:omgdi=\"http://www.omg.org/spec/DD/20100524/DI\" typeLanguage=\"http://www.w3.org/2001/XMLSchema\" expressionLanguage=\"http://www.w3.org/1999/XPath\" targetNamespace=\"http://www.activiti.org/processdef\">\n  <process id=\"leave\" name=\"test\" isExecutable=\"true\">\n    <startEvent id=\"sid-6600D272-B55E-4F12-8EB0-C915FD3593B4\"/>\n    <userTask id=\"sid-B578258D-0171-4909-881A-711EFB9FC0D5\"/>\n    <sequenceFlow id=\"sid-7D77D554-85A8-4883-A3FA-D9C947A84D5F\" sourceRef=\"sid-6600D272-B55E-4F12-8EB0-C915FD3593B4\" targetRef=\"sid-B578258D-0171-4909-881A-711EFB9FC0D5\"/>\n    <userTask id=\"sid-BD082C9E-4CA6-45D7-B010-CC80A88C3B97\"/>\n    <sequenceFlow id=\"sid-4FA2BB7F-019A-4EFA-813D-6311A9C0752A\" sourceRef=\"sid-B578258D-0171-4909-881A-711EFB9FC0D5\" targetRef=\"sid-BD082C9E-4CA6-45D7-B010-CC80A88C3B97\"/>\n    <endEvent id=\"sid-CDFCCF33-007A-4B60-9D08-FFF6D57E8C88\"/>\n    <sequenceFlow id=\"sid-F0A1EEFC-DB65-4A91-93D3-A253922E4FE2\" sourceRef=\"sid-BD082C9E-4CA6-45D7-B010-CC80A88C3B97\" targetRef=\"sid-CDFCCF33-007A-4B60-9D08-FFF6D57E8C88\"/>\n  </process>\n  <bpmndi:BPMNDiagram id=\"BPMNDiagram_leave\">\n    <bpmndi:BPMNPlane bpmnElement=\"leave\" id=\"BPMNPlane_leave\">\n      <bpmndi:BPMNShape bpmnElement=\"sid-6600D272-B55E-4F12-8EB0-C915FD3593B4\" id=\"BPMNShape_sid-6600D272-B55E-4F12-8EB0-C915FD3593B4\">\n        <omgdc:Bounds height=\"30.0\" width=\"30.0\" x=\"226.25\" y=\"192.0\"/>\n      </bpmndi:BPMNShape>\n      <bpmndi:BPMNShape bpmnElement=\"sid-B578258D-0171-4909-881A-711EFB9FC0D5\" id=\"BPMNShape_sid-B578258D-0171-4909-881A-711EFB9FC0D5\">\n        <omgdc:Bounds height=\"80.0\" width=\"100.0\" x=\"301.25\" y=\"167.0\"/>\n      </bpmndi:BPMNShape>\n      <bpmndi:BPMNShape bpmnElement=\"sid-BD082C9E-4CA6-45D7-B010-CC80A88C3B97\" id=\"BPMNShape_sid-BD082C9E-4CA6-45D7-B010-CC80A88C3B97\">\n        <omgdc:Bounds height=\"80.0\" width=\"100.0\" x=\"446.25\" y=\"167.0\"/>\n      </bpmndi:BPMNShape>\n      <bpmndi:BPMNShape bpmnElement=\"sid-CDFCCF33-007A-4B60-9D08-FFF6D57E8C88\" id=\"BPMNShape_sid-CDFCCF33-007A-4B60-9D08-FFF6D57E8C88\">\n        <omgdc:Bounds height=\"28.0\" width=\"28.0\" x=\"591.25\" y=\"193.0\"/>\n      </bpmndi:BPMNShape>\n      <bpmndi:BPMNEdge bpmnElement=\"sid-F0A1EEFC-DB65-4A91-93D3-A253922E4FE2\" id=\"BPMNEdge_sid-F0A1EEFC-DB65-4A91-93D3-A253922E4FE2\">\n        <omgdi:waypoint x=\"546.25\" y=\"207.0\"/>\n        <omgdi:waypoint x=\"591.25\" y=\"207.0\"/>\n      </bpmndi:BPMNEdge>\n      <bpmndi:BPMNEdge bpmnElement=\"sid-7D77D554-85A8-4883-A3FA-D9C947A84D5F\" id=\"BPMNEdge_sid-7D77D554-85A8-4883-A3FA-D9C947A84D5F\">\n        <omgdi:waypoint x=\"256.25\" y=\"207.0\"/>\n        <omgdi:waypoint x=\"301.25\" y=\"207.0\"/>\n      </bpmndi:BPMNEdge>\n      <bpmndi:BPMNEdge bpmnElement=\"sid-4FA2BB7F-019A-4EFA-813D-6311A9C0752A\" id=\"BPMNEdge_sid-4FA2BB7F-019A-4EFA-813D-6311A9C0752A\">\n        <omgdi:waypoint x=\"401.25\" y=\"207.0\"/>\n        <omgdi:waypoint x=\"446.25\" y=\"207.0\"/>\n      </bpmndi:BPMNEdge>\n    </bpmndi:BPMNPlane>\n  </bpmndi:BPMNDiagram>\n</definitions>',0),('2dab22fc-b3a7-11e7-9d79-2c4d5453f651',1,'919fc208-9c37-11e7-8ae4-005056c00001.leave.png','2d3c82aa-b3a7-11e7-9d79-2c4d5453f651','PNG\r\n\Z\n\0\0\0\rIHDR\0\0u\0\0\0\0\0S\0\0IDATxMoT,3`Qv.\"u,loIIBXQ`#p),EMHmܨX@`Nk1h039g溤G4Ƚޏ̜y%\0\0\0\0\0\0\0\0\0\0\0\0\0\0\0\0\0\0\0\0\0\0\0\0\0\0\0\0\0\0\0\0\0\0\0\0\0\0\0\0\0\0\0\0\0\0\0\0\0\0\0\0\0\0\0\0\0\0\0\0\0\0\0\0\0\0\0\0\0\0\0\0\0\0\0\0\0\0\0\0\0\0\0\0\0\0\0\0\0\0\0\0\0\0\0\0\0\0\0\0\0\0\0\0\0\0\0\0\0\0\0\0\0\0\0\0\0\0\0\0\0\0\0\0\0\0\0\0\0\0\0\0\0\0\0\0\0\0\0\0\0\0\0\0\0\0\0\0\0\0\0\0\0\0\0\0\0\0\0\0\0\0\0\0\0\0\0\0\0\0\0\0\0\0\0\0\0\0\0\0\0\0\0\0\0\0\0\0\0\0\0\0\0\0\0\0\0\0\0\0\0\0\0\0\0\0\0\0\0\0\0\0\0\0\0\0\0\0\0\0\0\0\0\0\0\0\0\0\0\0\0\0\0\0\0\0\0\0\0\0\0\0\0\0\0\0\0\0\0\0\0\0\0\0\0\0\0\0\0\0\0\0\0\0\0\0\0\0\0\0\0\0\0\0\0\0\0\0\0\0\0\0\0\0\0\0\0\0\0\0\0\0\0\0\0\0\0\0\0\0\0\0\0\0\0\0\0\0\0\0\0\0\0\0\0\0\0\0\0\0\0\0\0\0\0\0\0\0\0\0\0\0\0\0\0\0\0\0\0\0\0\0\0\0\0\0\0\0\0\0\0\0\0\0\0\0\0\0\0\0\0\0\0\0\0\0\0\0\0\0\0\0\0\0\0\0\0\0\0\0\0\0\0\0\0\0\0\0\0\0\0\0\0\0\0\0\0\0\0\0\0\0\0\0\0\0\0\0*AE/9sC߳gOn<QWWוx22d*1C\0@(h`` s)\\|9ڷoq9!C2@+81|J\0.SədTZ\0(|EBdTZ\0(b!r?:ӳ%:	;|L*d!\0RR7E?|:MMX\"ɐBpOqn~:KZdH\0HC!Q9|NZdH\0HA!оfBS:!\0R@1\n9RqBS:!\0RPȧ|2j!)RK\0)(}GfNdr>D\0i)ԿfNdr|9`! <8ꌎ~{2M𵮸XdH\0HP!?ʊ+.\nYdxuEZdH\0H@!OsX-u2$C\0$B!@!K!\0B!c@!+d!KPy><ˋ-[WWM>=d2|ͻޅضm۫:eHJWUUU3xNs3d9nGu\r*Ȗ-[֮YҥKO?4:tPe(D}][rxZB!*%n<m{2؎;/sכ{EuȑhժU/^9s~c3\nYdhċٔx~Ei=mڴ_k?(3[nmmhhxk׮ZFڽ{w4o޼rN!+d^]]}%A>è3:|tƍ3֭[Ï8p ㏣ڑMWܹ-z{{B8w\\`zmKɐt{=^Ć?|)1qڵ/RnӦM,\\x\n^x1S}P(d,C2+tˇMD}6#;W >W\Z\Z\nӮ͙3V|Pb3:#CCkssX\'*<42W#;s9<n2o3:#CнB؍b׭!e6lذjŊ޽Me˖\nY!ː%`>:Cϱ0,̻{5ܶ=\Z͝;XU\"_Ziujll9<\'$Id<W\nYd(\n\0{qDvI9ëbGdXn]k,*͛7_\roQAUUUS\nYd(z__vI=}R`է[Sxw̙$0͛BV2$Cr޽{\'7(w٥-!\ZouOa\'CU!+dRf(S#w-!fΜy/u_|HIasx8D!+dRf(۹.mLƺIߝՖ?Rx7.(dJPn}NkKHڡR\\[^{CgȐ:C]\\FpϩKaX(d,C2TyN0%K,_<x!I;,beH!~ƴ`7mtK݆\r&>uOP2>uo%xreHJ}^{G	`L){>|X|@OI!+dRޯ/Qug>}Ky[պB`\"yͻqFKBعsd.tmmmO}zޑB6:#CosKv{pǮҥ31k֬뽽rgg̘q)~B!Jy]XZZZi>UUUM#WH/^d2?2BV2$CI:s/]CBaW(+vugϾr;Xz{{.>BV2$CI;\\5(\"9ta~1co/jmm*ib8xPx/eaI7(Wr͆X;Eoܸ15kփbq\\k\0ן<ŇÓl9\nY!ː%c3ݞCܽxItuu)fw+wL\\8O{)eHp^?$;ek`Na{\'@kx+rBV2$Ck\0KQ2$C\0(dc32BV2d,u\0(d,C2(d!\0@!+d2:\0B!Rg\0\nXK\0\nY!ː`3\nYd\0l,uF\0P\nY\0eH\0,C2B6:#C\0(d,CRBV2$C\0XB! ٣3ٸdTZ\0(e	2!\0\n{~ҥJtWWBwtt2d*-C\0H\\?mqL\'|OeH\0\0\0\0\0\0\0\0\0\0\0\0\0\0\0\0\0\0\0\0\0\0glJж \0\0\0\0IENDB`',1),('4f64d7fa-911c-11e7-b720-005056c00001',1,'1ecc61b2-9119-11e7-b720-005056c00001.bpmn20.xml','4f64d7f9-911c-11e7-b720-005056c00001','<?xml version=\'1.0\' encoding=\'UTF-8\'?>\n<definitions xmlns=\"http://www.omg.org/spec/BPMN/20100524/MODEL\" xmlns:xsi=\"http://www.w3.org/2001/XMLSchema-instance\" xmlns:xsd=\"http://www.w3.org/2001/XMLSchema\" xmlns:activiti=\"http://activiti.org/bpmn\" xmlns:bpmndi=\"http://www.omg.org/spec/BPMN/20100524/DI\" xmlns:omgdc=\"http://www.omg.org/spec/DD/20100524/DC\" xmlns:omgdi=\"http://www.omg.org/spec/DD/20100524/DI\" typeLanguage=\"http://www.w3.org/2001/XMLSchema\" expressionLanguage=\"http://www.w3.org/1999/XPath\" targetNamespace=\"http://www.activiti.org/processdef\">\n  <process id=\"leave\" name=\"请假demo\" isExecutable=\"true\">\n    <startEvent id=\"sid-2740F4FE-A6A8-4064-A9FA-4BD9D5EC50D7\"/>\n    <userTask id=\"sid-D27D784B-758D-47D8-9D5B-D10FDA7C359E\" name=\"拟稿\"/>\n    <sequenceFlow id=\"sid-39260C26-BBBC-4359-86B0-C871B782216D\" sourceRef=\"sid-2740F4FE-A6A8-4064-A9FA-4BD9D5EC50D7\" targetRef=\"sid-D27D784B-758D-47D8-9D5B-D10FDA7C359E\"/>\n    <userTask id=\"sid-84D12022-7E08-414A-B80D-BA94F89CE906\" name=\"会签\" activiti:assignee=\"${user}\">\n      <multiInstanceLoopCharacteristics isSequential=\"false\" activiti:collection=\"users\" activiti:elementVariable=\"user\">\n        <completionCondition>${nrOfCompletedInstances==nrOfInstances}</completionCondition>\n      </multiInstanceLoopCharacteristics>\n    </userTask>\n    <sequenceFlow id=\"sid-DB2AECD0-F107-48B5-B0F9-878570118A3F\" sourceRef=\"sid-D27D784B-758D-47D8-9D5B-D10FDA7C359E\" targetRef=\"sid-84D12022-7E08-414A-B80D-BA94F89CE906\"/>\n    <exclusiveGateway id=\"sid-72ECC2F4-1590-4946-8D8C-BB732DAE9047\"/>\n    <userTask id=\"sid-B5F4FC84-5420-40E1-9EEF-255C4FA5327B\" name=\"直接上级\"/>\n    <userTask id=\"sid-115F3044-1FC9-4843-8D0B-02C648D0EB93\" name=\"部门经理\"/>\n    <endEvent id=\"sid-E6B72C1D-D108-4767-A9B1-263F80FADCCE\"/>\n    <sequenceFlow id=\"sid-1234F649-404C-4232-85F2-035EA680938A\" sourceRef=\"sid-B5F4FC84-5420-40E1-9EEF-255C4FA5327B\" targetRef=\"sid-72ECC2F4-1590-4946-8D8C-BB732DAE9047\"/>\n    <sequenceFlow id=\"sid-20FEA672-EE72-41AE-9ED1-70DFA3F631A6\" sourceRef=\"sid-115F3044-1FC9-4843-8D0B-02C648D0EB93\" targetRef=\"sid-E6B72C1D-D108-4767-A9B1-263F80FADCCE\"/>\n    <userTask id=\"sid-2DD616A5-34A7-4C6B-907D-9120165C4495\" name=\"人事部\"/>\n    <sequenceFlow id=\"sid-906BA9F6-26B4-4FDE-B2A8-DB331E004F98\" sourceRef=\"sid-2DD616A5-34A7-4C6B-907D-9120165C4495\" targetRef=\"sid-E6B72C1D-D108-4767-A9B1-263F80FADCCE\"/>\n    <sequenceFlow id=\"sid-04675112-6F1B-4E43-BDFC-6C463FA63C2C\" name=\"天数>=3\" sourceRef=\"sid-72ECC2F4-1590-4946-8D8C-BB732DAE9047\" targetRef=\"sid-115F3044-1FC9-4843-8D0B-02C648D0EB93\">\n      <conditionExpression xsi:type=\"tFormalExpression\"><![CDATA[${day>=3}]]></conditionExpression>\n    </sequenceFlow>\n    <sequenceFlow id=\"sid-D5CC28F9-CEED-4A7F-8E4C-082D557E6DBA\" name=\"天数&lt;3\" sourceRef=\"sid-72ECC2F4-1590-4946-8D8C-BB732DAE9047\" targetRef=\"sid-2DD616A5-34A7-4C6B-907D-9120165C4495\">\n      <conditionExpression xsi:type=\"tFormalExpression\"><![CDATA[${day<3}]]></conditionExpression>\n    </sequenceFlow>\n  </process>\n  <bpmndi:BPMNDiagram id=\"BPMNDiagram_leave\">\n    <bpmndi:BPMNPlane bpmnElement=\"leave\" id=\"BPMNPlane_leave\">\n      <bpmndi:BPMNShape bpmnElement=\"sid-2740F4FE-A6A8-4064-A9FA-4BD9D5EC50D7\" id=\"BPMNShape_sid-2740F4FE-A6A8-4064-A9FA-4BD9D5EC50D7\">\n        <omgdc:Bounds height=\"30.0\" width=\"30.0\" x=\"20.0\" y=\"135.0\"/>\n      </bpmndi:BPMNShape>\n      <bpmndi:BPMNShape bpmnElement=\"sid-D27D784B-758D-47D8-9D5B-D10FDA7C359E\" id=\"BPMNShape_sid-D27D784B-758D-47D8-9D5B-D10FDA7C359E\">\n        <omgdc:Bounds height=\"80.0\" width=\"100.0\" x=\"95.0\" y=\"110.0\"/>\n      </bpmndi:BPMNShape>\n      <bpmndi:BPMNShape bpmnElement=\"sid-84D12022-7E08-414A-B80D-BA94F89CE906\" id=\"BPMNShape_sid-84D12022-7E08-414A-B80D-BA94F89CE906\">\n        <omgdc:Bounds height=\"80.0\" width=\"100.0\" x=\"240.0\" y=\"110.0\"/>\n      </bpmndi:BPMNShape>\n      <bpmndi:BPMNShape bpmnElement=\"sid-72ECC2F4-1590-4946-8D8C-BB732DAE9047\" id=\"BPMNShape_sid-72ECC2F4-1590-4946-8D8C-BB732DAE9047\">\n        <omgdc:Bounds height=\"40.0\" width=\"40.0\" x=\"530.0\" y=\"130.0\"/>\n      </bpmndi:BPMNShape>\n      <bpmndi:BPMNShape bpmnElement=\"sid-B5F4FC84-5420-40E1-9EEF-255C4FA5327B\" id=\"BPMNShape_sid-B5F4FC84-5420-40E1-9EEF-255C4FA5327B\">\n        <omgdc:Bounds height=\"80.0\" width=\"100.0\" x=\"390.0\" y=\"110.0\"/>\n      </bpmndi:BPMNShape>\n      <bpmndi:BPMNShape bpmnElement=\"sid-115F3044-1FC9-4843-8D0B-02C648D0EB93\" id=\"BPMNShape_sid-115F3044-1FC9-4843-8D0B-02C648D0EB93\">\n        <omgdc:Bounds height=\"80.0\" width=\"100.0\" x=\"615.0\" y=\"60.0\"/>\n      </bpmndi:BPMNShape>\n      <bpmndi:BPMNShape bpmnElement=\"sid-E6B72C1D-D108-4767-A9B1-263F80FADCCE\" id=\"BPMNShape_sid-E6B72C1D-D108-4767-A9B1-263F80FADCCE\">\n        <omgdc:Bounds height=\"28.0\" width=\"28.0\" x=\"915.0\" y=\"180.0\"/>\n      </bpmndi:BPMNShape>\n      <bpmndi:BPMNShape bpmnElement=\"sid-2DD616A5-34A7-4C6B-907D-9120165C4495\" id=\"BPMNShape_sid-2DD616A5-34A7-4C6B-907D-9120165C4495\">\n        <omgdc:Bounds height=\"80.0\" width=\"100.0\" x=\"615.0\" y=\"180.0\"/>\n      </bpmndi:BPMNShape>\n      <bpmndi:BPMNEdge bpmnElement=\"sid-39260C26-BBBC-4359-86B0-C871B782216D\" id=\"BPMNEdge_sid-39260C26-BBBC-4359-86B0-C871B782216D\">\n        <omgdi:waypoint x=\"50.0\" y=\"150.0\"/>\n        <omgdi:waypoint x=\"95.0\" y=\"150.0\"/>\n      </bpmndi:BPMNEdge>\n      <bpmndi:BPMNEdge bpmnElement=\"sid-DB2AECD0-F107-48B5-B0F9-878570118A3F\" id=\"BPMNEdge_sid-DB2AECD0-F107-48B5-B0F9-878570118A3F\">\n        <omgdi:waypoint x=\"195.0\" y=\"150.0\"/>\n        <omgdi:waypoint x=\"240.0\" y=\"150.0\"/>\n      </bpmndi:BPMNEdge>\n      <bpmndi:BPMNEdge bpmnElement=\"sid-1234F649-404C-4232-85F2-035EA680938A\" id=\"BPMNEdge_sid-1234F649-404C-4232-85F2-035EA680938A\">\n        <omgdi:waypoint x=\"490.0\" y=\"150.0\"/>\n        <omgdi:waypoint x=\"530.0\" y=\"150.0\"/>\n      </bpmndi:BPMNEdge>\n      <bpmndi:BPMNEdge bpmnElement=\"sid-20FEA672-EE72-41AE-9ED1-70DFA3F631A6\" id=\"BPMNEdge_sid-20FEA672-EE72-41AE-9ED1-70DFA3F631A6\">\n        <omgdi:waypoint x=\"715.0\" y=\"100.0\"/>\n        <omgdi:waypoint x=\"929.0\" y=\"100.0\"/>\n        <omgdi:waypoint x=\"929.0\" y=\"180.0\"/>\n      </bpmndi:BPMNEdge>\n      <bpmndi:BPMNEdge bpmnElement=\"sid-D5CC28F9-CEED-4A7F-8E4C-082D557E6DBA\" id=\"BPMNEdge_sid-D5CC28F9-CEED-4A7F-8E4C-082D557E6DBA\">\n        <omgdi:waypoint x=\"562.4324324324324\" y=\"157.56756756756758\"/>\n        <omgdi:waypoint x=\"615.0\" y=\"189.56521739130434\"/>\n      </bpmndi:BPMNEdge>\n      <bpmndi:BPMNEdge bpmnElement=\"sid-04675112-6F1B-4E43-BDFC-6C463FA63C2C\" id=\"BPMNEdge_sid-04675112-6F1B-4E43-BDFC-6C463FA63C2C\">\n        <omgdi:waypoint x=\"563.939393939394\" y=\"143.93939393939394\"/>\n        <omgdi:waypoint x=\"615.0\" y=\"121.73913043478261\"/>\n      </bpmndi:BPMNEdge>\n      <bpmndi:BPMNEdge bpmnElement=\"sid-906BA9F6-26B4-4FDE-B2A8-DB331E004F98\" id=\"BPMNEdge_sid-906BA9F6-26B4-4FDE-B2A8-DB331E004F98\">\n        <omgdi:waypoint x=\"715.0\" y=\"215.07575757575756\"/>\n        <omgdi:waypoint x=\"915.0674049184362\" y=\"195.37214951560858\"/>\n      </bpmndi:BPMNEdge>\n    </bpmndi:BPMNPlane>\n  </bpmndi:BPMNDiagram>\n</definitions>',0),('4f888c9b-911c-11e7-b720-005056c00001',1,'1ecc61b2-9119-11e7-b720-005056c00001.leave.png','4f64d7f9-911c-11e7-b720-005056c00001','PNG\r\n\Z\n\0\0\0\rIHDR\0\0\0\0\0\0\0L$\0\0\'IDATx]u\'VaYaaJd(rB,P\\;^%(FJJʰ(,M3IV1$C\'!1Ɛ<{s̽ݟOկ{o?r?\0\0\0\0\0\0\0\0\0\0\0\0\0\0\0\0\0\0\0\0\0\0\0\0\0\0\0\0\0\0\0\0\0\0\0\0\0\0\0\0\0\0\0\0\0\0\0\0\0\0\0\0\0\0\0\0\0\0\0\0\0\0\0\0\0\0\0\0\0\0\0\0\0\0\0\0\0\0\0\0\0\0\0\0\0\0\0\0\0\0\0\0\0\0\0\0\0\0\0\0\0\0\0\0\0\0\0\0\0\0\0\0\0\0\0\0\0\0\0\0\0\0\0\0\0\0\0\0\0\0\0\0\0\0\0\0\0\0\0\0\0\0\0\0\0\0\0\0\0\0\0\0\0\0\0\0\0\0\0\0\0\0\0\0\0\0\0\0\0\0\0\0\0\0\0\0\0\0\0\0\0\0\0\0\0\0\0\0\0\0\0\0\0\0\0\0\0\0\0\0\0\0\0\0\0\0\0\0\0\0\0\0\0\0\0\0\0\0\0\0\0\0\0,ˎ۲e˼׿|lٲej%[fͯRMґ\0\0\0Cwڵݻ^{MڳgOz})^+\0\0)fpܪ	-[l\0\0X,`VO{DW\0\0R*\\VUt%\0\0W3wZW\\S!\0\0BlӲ,㨊>T\0\0t	E\"T\0\0i=ܸO8r\0\0j&n\\6ǐ	B.\0\0\\\0\0q4Bn\'\n\0\0\05r7C!7N\\\0\0	{6dNT9	B.\0\0@̈́ܨOr6T\0\0{p.UN}©\0\0P!w{[bɍ1\0\0P!lObxL<֬\0\0Pu![B.\0\0@̈́6+\n\0\0\0UrpV\\\0\0	J\0\0r\0\0 *!\0\0@r\0\0r\\\0\0\0!W	\0\0\0Br\0\0\\!\0\0\0!W\0\0r\0\0 *!\0\0@UB.\0\0+\0\0 \n\0\0\0Br\0\0\\%\0\0B.\0\0\0B\0\0 *!\0\0@UT]wRj\0@J65kQO>9۸qc};vm޼9Ǟy^tid/&O?6L.CB.\0;\"z<pyy}G\'asͯʕ+/0>CuN:)K{c/|_ڵ+\'~|\'.9sO<Q!\0\0!k߿?kmmzɒ%4fiYܘUdſ\'s\\GbƷx܃>_FЍB.\0\0=.U\0um:Cn\\n߾ָ<nذ!󏚵c8pX?pg.\\r\0rafϞguV6a˗硷{{&=֭waSNɿ._ݷo_<@7y!\0\0!\Z6i?˒于ׁܨs#>SN8!˧+wLn3B.\0\0]*ge,*>АZvm~Щ綸=+|Xݍ!~v\n \0 v{]tQg,͍8PT\\rGN.=SO=5_G~^<>frB\\\0\0+\0ޖUc4Bm~/߷#frQ۞{yp.?Gn *G}饗sN{\"\' R,;n˖-֯_FYFTndk֬UIzHWr{;rq\Z}H+ߺSt3ϑ@/䂐KAd죲{؈ڳgO|/\r*CjWJ!a$U3|-mCjWJ!aS?:obG\Zo=BrAś71=@H_+ ثޙmys-_+mx!=B\Z!zޖm||ZwUq[GCzH_+\\5B.5&tDszH+}Aȥv6ǁdGCzH_+\\5B.5&qٌq7!W!}r H*!W!}r XdGCzH_+ĉKRݙjFCCMkp~<;*+z\r˘Hnnq7!W!}wcP׏(z\r˘Hmېm\\:rt[GCzH_+_cc_Aݑ>TӅ\\ArɨO2ۼxCzH_+jGCCò^/p A5B.9<|8}]>o>BCJ_Q3!nTjOMMk\\jn -{uv}o@BCJ_Qf̘b:4{\"Ou?hR^ RSÇWd?}=\"c͜zH+}EuijjlSRԔ.YrA\Z!\ZH5CběCJ_QR=\'\rfڛ{vgjƀ>hR^ R̐6sHCzH_\Z5w4pT:ΉG=0=t?9q\\Ar!wȢ	zH+}U.Mu\\քkT͗]v	}|ϟ677u A5B.5;TWj?=սWTivO_^^+z&R1\ZnCCip0T3S55x&R=ܾnu\'ͩ~Q=n\Z\Z\\yCzH_)rd>)ȾT*ݝc{R}?fq![YuÆ\rSz3gw뭷inn7iҤ}xK_Җ{n?r71=\Z\0;3m\n;M)kkr{ϟsw:uj|\'[~}֖:t(q{駟R>O3/n曄\\ML!}Ƅ\rlv8\"r\n-MM)rן5\\r{_Wqy}׳zgO2eSv_UWt\\)~5]Ko:O~ԡ\Z<\"{Q[p኏٢En+=cٍ7xp\ZH\ZH!=8C]z<lKS}o\nt[)Y<Ik֬IM\"	GUVST/fEn$W5Lϩl\'ՏSmNMMM_mOԊ+L_+nܖmI@3p?ooTJ;\\K4T;R-M3fHOR5&ܣ>Dyfpѝ<yr{z` \\Z]o~\Z*\rTןkh	 JE+_kHZxuJUzH_髪WCݞKН8qqiTJ՚jkۛ@8olr-juٲCJnI\rA5@-EM.?_\n}i5ASmO2o1r,fq<qZ54CzH_1W=[T>mo{G7>я.mhh8@V6l\Zʩoܕ9HoR@@R!!Wj_w;Kt\0ۯ[tV\0Zd{}6 y$\r$rUUC<T?nS7@4s}ׯՐO\"=Q-Ւ>\r74CzHUrup0{\nod-xrݭzdΝ\Zrwڵ;4QCBvh!ܡ=\0]577g\ZՐ/=Q=\ZK$\r$rUPgNC	A>\0BcoUWcy r\\ۦUj{vDrgŽ?yr~73U#3OJ+D2<3.1p_?p@xl֬Y즛n=tRePy|_1+Wې뮻qr.\\oGӧw~m۶^z_8mڴ^nݺq۷o-ɓ\'[ܾu<{v)G\'frO}\'wǎ?}r+U1OtIW_90,BȮ]˿+BI1Ȍ%\\9 +;eePZk3|D)}]tQm	1zBn荨>E4iR^ٰaCw`g<٣>zꩽY1g\\R^cnCer;k\\\0!wL6mh]*=򺆆zTu@Y4Fȝ0aB6s|gϞg=jyA9sΟ?s\Z۷O@\'=TT\" D_իWwy\\erwE/*?L\r!YlV\\~N8![hQcハ1viu~V)S`{k׮{xSO=9{~x\'P73=&+$:2;?0ɝ>}*;OnovD@)ffO9|^>`f~[1,eygqCKH\0/RKX)m/?]|yΝ_ƇkE8)Ƈw}ۦb@Aۺd|׻5BnC=ݾf_<=yr/O>O믏_JO_bc8d5Pbu13!ŒS~PIEh@v+K,Ƀme9s}=\nr+wvXa3Œ>.W|#PG>묳|#g}ͤpt%W>nO?=ZK\'iVAE|$yױ[=sO]18/1#Ѹ=2{(>%q*z\"V.+-GE͛7jr^AXyT8]]ْ%Jr%7ر#u[W]gwAwA}.;2oQmoll|a/3-vy{cƍ;Ō\\٘pueّ%#$ˏ+gl1,XƇ$\Z?> )BN-lq_θcؠgr#D=;*mы_bFr\ru?nwAwrq+ 䎆)Sl4bߘB\0rs=Ab+?rۊ%Í8hOqpKUH=_җ:g C+˕c|>\\˃t<>>+W*	u}_\n7>}ܑϾ#p7lذ0\r\r\r$GfAOnٴ)1Hzyȍ΃b63\'<#Fe`{ڧ1މAIHBh*mq0ø}dKn2NKT8YTϼ;.>\\|۾iRK~\\urOT}y~;9T*-Hcj 䎨I&5M2ݻ5রmLJb	_38s%fQV~X3\'uPGM6-?;b{ʗ$Rp1[Ep\\}<N qZ|Vt8U|(/2Ptf}կ;T]BqGӠ555@1ƛoypnRyI%䎝\ZhCʶiNss[iz=\r\r\r#?7rGD\nM4iWp0o|ߍ%ʩ\r$CJ_՜}tG8~kN#9;,2eʮgy@΃tGRH~22U\ZH\ZH!=8Au3h@.JWTq\0BHܼ{̙G?ֶ3*ڱcZZZ~8cƌ%MMM[\"mE@@R!}n#N\'644|50XK\0U$\nt\":>e=؎=fCJӐ;zA\Z/kll4xT*mH0r14CJUj]`/=C\rkRT\0H\ZH!%*}5zuO*JwAt\0H\ZH!%*}5RAwnpaE\Zl=@@@R)!WF-nC\Zpt4#\0!II=\\C샛\r<77\'A=^IAwʌ3l0,vQ{\'=SB2CzH_髱/ojji&ՏS]`0{A#RtgJUzH+}ʮO#\r]__=#\0Cڦ.%ss!WH!= Skv]nL7ɳ0{AO!*ϐ$k^}lƍPnCʶi DT\\\0*vofq\\e Y=5PnCʶcM11;;fy=%\0\n]͵/$\\=l8\ZOM:ם迴\\`WUBlꝑ#0#2{F\0r[/!WH\nzH_6QE\\qN8nc7εYC|\\B2rmJ{Z\Z=t3555T*}2m#ڜ@lT[;0lH*I!W66QE:=rt/z{l}}F8,ˎ۲e˼׿|VKKKf͚_a\0^jYz9GneL3TBll)cbw?uwڵݻaٳ\'[zxivv\n\r vWkO=JrmmU\"y/S:λ{[5A\ZܤJuio偵)׾X\"/75{ݬ\ZH*!WCMMTߌҠoC|<]Aʃe_U#:pH۷ܹsU)ޞ?><즟yg@R	BmmDMϤړj~岼4נ x<vm`qI3JrmmfҤIjf߳#yW3wZW\\ۼna4>KO޹$yb)]wUtyg@R	Bmmf: +ey\roo6>>-;-\ZђnKPnyЭ]ٮ:TR{heۤ{^qajC~%sv\\q}pDZ\\֬YXK=ꫯ5.rWMԢ48[ԏSf\'nZyw!7raBnQ#G1[KVXqU~+&rfIbҲσWLȍF?N\'fJsZg~jGBe3zqא#bu޽#r:۳_労|2FTz󾩖zH+}P__{iE!WȅZP*>YYfe#)Σ[ro\0Ԑ8rO!7N\\5N5ǥsժU#\Zr[[[C\"K\0\0c,nnCn\'\n0{UYܜ˱4xppR[[[y	\0`ܽmKw]nS!T*-Yv}uڠN\'Tw\00Bn֧t	q`*PĬmGߓFC\00B\'T9	B.E?Ny\\\0\0re/qܸ/#\nP-)$Q\Z\Z\Z:Ք8YS0өvpCr}r\0|=|8۹yEǾc-*5+\"V|_/JW&M:T*=Mt~\0Cn_fu\\yq3N\'\0A6+\n?uʕy=\0Ut=ۻw,WrA\0\05rpV\\ׁHԘ8qq}<nY>Ν;\"!G)]\0\0@UB.k5J\0\Z}\0y9ōF\0\0!W	#&4!n	i>Ͼ^>2\0\0BrWu!T{0:}!wuW~6\0\\UxqR TŌ`.UZ\0 *!Wx\\tc8UGQL=\0\0BrWF]j/v<Vgi̱$-kmm;oe7pK#8{V\0\\%\n3nYk\0 *!Wx5a@m:2\0\\ᕪ;SSK5ա@;l\0j\\\0\0rUՇ\\\0\0rUՇ\\\0\0rUՇ\\\0\0@ȭZti&\0\05_ʚ2\0\0@ȵO.\0\0+\n\0\0\0Br\0\0\\%\0\0B.\0\0\0rӟ566.9~Yf*|ƍ\\\0\0\0!wC_v.¼&O38#?_οgwyg~>M81;vtιs\n\0\0\0Bܷ=l%\\%Λ7/0aQ߿%K:OM\0\0rb6	\'\"ʐ{ieW_}u9f~nݚ_߶m[gȍ۷\0\0\0Bֺuyꩧ恷ǝyyU?ˑ;/={vvI\'e:|7_|yz\\\0\0\0!wD]re~%QA޽{@[,o>p[ti=K\\\0\01rq\"xΜ9r.,<5mڴlԩGK޷o_@aÆ6US\0\0\0BpFp-~g̙sTZxq!}rSs.Ιbܧz*>_\\\0\0\0!wxnwո/NSDq=N	1{[VޖUc63Ws \0\0xȍ\Z~قz|L+e1͚5kP:f%\0\0\05r\0\0 \n\0\0\0B.\0\0\\\0\0\0!W	\0\0\0B\0\0+\0\0J\0\0r\0\0 *!\0\0@r\0\0r\\\0\0\0!W	\0\0\0Br\0\0\\!\0\0\0!W\0\0r\0\0 *!\0\0@UB.\0\0+\0\0 \n\0\0\0Br\0\0\\%\0\0B.\0\0\0B\0\0 *!\0\0-_\\:B]	\0\00Hk֬ٹ{n\n_Rݤ+\0\0iŊWZׯAAFmiiٖ\Z]	\0\00)X]lٲ\'clFy$\0\0\0\0\0\0\0\0\0\0\0\0\0\0\0\0\0\0\0\0\0\0\0\0\0\0\0\0\0\0\0\0\05`)	@l\0\0\0\0IENDB`',1),('545ed27e-c380-11e7-8db5-2c4d5453f651',1,'ff9c84da-c37f-11e7-8db5-2c4d5453f651.bpmn20.xml','545ed27d-c380-11e7-8db5-2c4d5453f651','<?xml version=\'1.0\' encoding=\'UTF-8\'?>\n<definitions xmlns=\"http://www.omg.org/spec/BPMN/20100524/MODEL\" xmlns:xsi=\"http://www.w3.org/2001/XMLSchema-instance\" xmlns:xsd=\"http://www.w3.org/2001/XMLSchema\" xmlns:activiti=\"http://activiti.org/bpmn\" xmlns:bpmndi=\"http://www.omg.org/spec/BPMN/20100524/DI\" xmlns:omgdc=\"http://www.omg.org/spec/DD/20100524/DC\" xmlns:omgdi=\"http://www.omg.org/spec/DD/20100524/DI\" typeLanguage=\"http://www.w3.org/2001/XMLSchema\" expressionLanguage=\"http://www.w3.org/1999/XPath\" targetNamespace=\"http://www.activiti.org/processdef\">\n  <process id=\"leave\" name=\"测试正确流程\" isExecutable=\"true\">\n    <startEvent id=\"sid-C74B7F9B-C6DE-42B8-B3C4-431126A9A742\"/>\n    <userTask id=\"sid-02D095D6-CA43-4950-AECC-805A66CFBE41\"/>\n    <sequenceFlow id=\"sid-05FA7463-1465-4F06-BFD7-9659E2C528E4\" sourceRef=\"sid-C74B7F9B-C6DE-42B8-B3C4-431126A9A742\" targetRef=\"sid-02D095D6-CA43-4950-AECC-805A66CFBE41\"/>\n    <userTask id=\"sid-6C9C1B1C-B8B3-4458-A6BF-19680C677F86\"/>\n    <sequenceFlow id=\"sid-C2587DA3-7758-4237-82D4-98288C277386\" sourceRef=\"sid-02D095D6-CA43-4950-AECC-805A66CFBE41\" targetRef=\"sid-6C9C1B1C-B8B3-4458-A6BF-19680C677F86\"/>\n    <endEvent id=\"sid-8A005349-FDF2-47E2-9D41-9758C42DF221\"/>\n    <sequenceFlow id=\"sid-FB7B8665-EDC3-4207-AC0D-DF5C604B427D\" sourceRef=\"sid-6C9C1B1C-B8B3-4458-A6BF-19680C677F86\" targetRef=\"sid-8A005349-FDF2-47E2-9D41-9758C42DF221\"/>\n  </process>\n  <bpmndi:BPMNDiagram id=\"BPMNDiagram_leave\">\n    <bpmndi:BPMNPlane bpmnElement=\"leave\" id=\"BPMNPlane_leave\">\n      <bpmndi:BPMNShape bpmnElement=\"sid-C74B7F9B-C6DE-42B8-B3C4-431126A9A742\" id=\"BPMNShape_sid-C74B7F9B-C6DE-42B8-B3C4-431126A9A742\">\n        <omgdc:Bounds height=\"30.0\" width=\"30.0\" x=\"173.25\" y=\"173.0\"/>\n      </bpmndi:BPMNShape>\n      <bpmndi:BPMNShape bpmnElement=\"sid-02D095D6-CA43-4950-AECC-805A66CFBE41\" id=\"BPMNShape_sid-02D095D6-CA43-4950-AECC-805A66CFBE41\">\n        <omgdc:Bounds height=\"80.0\" width=\"100.0\" x=\"248.25\" y=\"148.0\"/>\n      </bpmndi:BPMNShape>\n      <bpmndi:BPMNShape bpmnElement=\"sid-6C9C1B1C-B8B3-4458-A6BF-19680C677F86\" id=\"BPMNShape_sid-6C9C1B1C-B8B3-4458-A6BF-19680C677F86\">\n        <omgdc:Bounds height=\"80.0\" width=\"100.0\" x=\"393.25\" y=\"148.0\"/>\n      </bpmndi:BPMNShape>\n      <bpmndi:BPMNShape bpmnElement=\"sid-8A005349-FDF2-47E2-9D41-9758C42DF221\" id=\"BPMNShape_sid-8A005349-FDF2-47E2-9D41-9758C42DF221\">\n        <omgdc:Bounds height=\"28.0\" width=\"28.0\" x=\"538.25\" y=\"174.0\"/>\n      </bpmndi:BPMNShape>\n      <bpmndi:BPMNEdge bpmnElement=\"sid-05FA7463-1465-4F06-BFD7-9659E2C528E4\" id=\"BPMNEdge_sid-05FA7463-1465-4F06-BFD7-9659E2C528E4\">\n        <omgdi:waypoint x=\"203.25\" y=\"188.0\"/>\n        <omgdi:waypoint x=\"248.25\" y=\"188.0\"/>\n      </bpmndi:BPMNEdge>\n      <bpmndi:BPMNEdge bpmnElement=\"sid-FB7B8665-EDC3-4207-AC0D-DF5C604B427D\" id=\"BPMNEdge_sid-FB7B8665-EDC3-4207-AC0D-DF5C604B427D\">\n        <omgdi:waypoint x=\"493.25\" y=\"188.0\"/>\n        <omgdi:waypoint x=\"538.25\" y=\"188.0\"/>\n      </bpmndi:BPMNEdge>\n      <bpmndi:BPMNEdge bpmnElement=\"sid-C2587DA3-7758-4237-82D4-98288C277386\" id=\"BPMNEdge_sid-C2587DA3-7758-4237-82D4-98288C277386\">\n        <omgdi:waypoint x=\"348.25\" y=\"188.0\"/>\n        <omgdi:waypoint x=\"393.25\" y=\"188.0\"/>\n      </bpmndi:BPMNEdge>\n    </bpmndi:BPMNPlane>\n  </bpmndi:BPMNDiagram>\n</definitions>',0),('5487691f-c380-11e7-8db5-2c4d5453f651',1,'ff9c84da-c37f-11e7-8db5-2c4d5453f651.leave.png','545ed27d-c380-11e7-8db5-2c4d5453f651','PNG\r\n\Z\n\0\0\0\rIHDR\0\0@\0\0\0\0\0\0\0\0IDATxogRz@[0$ĨB/TFm$9 bP@nԄ&X6\nY^Lޝ|ئg[o\0\0\0\0\0\0\0\0\0\0\0\0\0\0\0\0\0\0\0\0\0\0\0\0\0\0\0\0\0\0\0\0\0\0\0\0\0\0\0\0\0\0\0\0\0\0\0\0\0\0\0\0\0\0\0\0\0\0\0\0\0\0\0\0\0\0\0\0\0\0\0\0\0\0\0\0\0\0\0\0\0\0\0\0\0\0\0\0\0\0\0\0\0\0\0\0\0\0\0\0\0\0\0\0\0\0\0\0\0\0\0\0\0\0\0\0\0\0\0\0\0\0\0\0\0\0\0\0\0\0\0\0\0\0\0\0\0\0\0\0\0\0\0\0\0\0\0\0\0\0\0\0\0\0\0\0\0\0\0\0\0\0\0\0\0\0\0\0\0\0\0\0\0\0\0\0\0\0\0\0\0\0\0\0\0\0\0\0\0\0\0\0\0\0\0\0\0\0\0\0\0\0\0\0\0\0\0\0\0\0\0\0\0\0\0\0\0\0\0\0\0\0\0\0\0\0\0\0\0\0\0\0\0\0\0\0\0\0\0\0\0\0\0\0\0\0\0\0\0\0\0\0\0\0\0\0\0\0\0\0\0\0\0\0\0\0\0\0\0\0\0\0\0\0\0\0\0\0\0\0\0\0\0\0\0\0\0\0\0\0\0\0\0\0\0\0\0\0\0\0\0\0\0\0\0\0\0\0\0\0\0\0\0\0\0\0\0\0\0\0\0\0\0\0\0\0\0\0\0\00(zŋ_<yC<OKKKv3J2!F=27nDG).2dJ-C\0y+أ92!/Y(L\\^2dJ-C\0yP\Z*HLe bl˟&5dH\0R\0ݻzu?_=c!H]y]=+3W: !׹ß[^{J$C2:spͰt,@2$C\0XdH\0;v+=c!H]y]8t,@2$C\0+[]3jxk{J$C2\ns?{!Hat}k{J$C2\nw<as\'_@:+~V}5WfτL$C2PK=W^2$C\0[Fu䕐Hdkŕ%d!(2Kdd(/!\0\0ũS455}xcSF͛>iӦw~dPTTTlA|\"xoocΝ׬Ysɒ%֭[\'OF]]]Q___F|M[bxX!ʟ9/7Tj;w?ċϝɓ\'H}ѪU-ZYfd	|Kϫ}ʔ)~>hќ9slR^2$CISVV6f2SQQ[.jmm\\ݽ{w|3Ǐ6nUUU\r]9Dڷo.\\uvvFph+W|d,@2$C9]~ލ?,a$n߾=e/B4[RRo3R/\\(=wܢ~P)/%C23?ϲeFsr!K3Am۶S[[4Wg~^u&h֬YD\0\ZpO^\r\r\r_\ZXccЗ&jGR>Oᚠ,@ddhX%hșvHm޼y˟=~8\ZoK.XO*/%C2k~F^˾&Kaڇ~x+=N>͞={\0\Zٟpxصk@_ssoÅcy)J<W^Kd(\nwn\\ܺuk\\aC\"?A[:6lhEcǎ[6Id=XVV;奼dH׏q:\'(kZ-IիW_oOӧO|gbKyɐ2C5#Gq:,1e$uvwwu\nN3R^2$C|=?qU[:ӧO`|	(gbᔴR^2$CP<2-Y>mIp? 52dJ1CqZ[:UUU8?3Y;&Mzː:C\0A)5@]	>PZP^2$CIȐk /^|\";q$ A~\"euhi)/%C2y߾}|.@7o>\0ٺR^2$CIʐ\0A;=睠΢KyɐxNАCsg:utOKyɐ>[h|9s9o,@FFiCUUUp</]\'̂lٲ%>?z7y@M1cƝq9\r?\\6mb)/%C2u<72JCCØ466f/?x\roljMMp\\鮬VR!J:sAtLh_nș/}QggΜyrtvv\rO`Sn!J:{	\nûFnps5?apQ?6m5Ei\Z~/Kyɐ%x&,4>AfN2Ws-[3f<r{i9^XYLo&ϱcǎ\ZR^2$CI>^V]/>&V|mmmòݗ㯷]rx gi{R^2$Cp~Yl$O\Zא3kg\\\nAyb|P奼dH(/!\0Q^2$C\0 dH\0,@保(/c222 #C\0X@y)/2 \0奼dX\0!cP^K@y)/!\0!@y)/!\0Q^2$C\0 dH\0,@FyɐXHd@y!;tH/C2wmmmݽ#յ;.s2dJ-C\0y#Gܹ~RgZZZ~gR@Awgy~}\\1\0\0\0\0\0\0\0\0\0\0\0\0\0\0\0\0\0\0\0\0c\'JR\0\0\0\0IENDB`',1),('5c1994af-b3a7-11e7-9d79-2c4d5453f651',1,'919fc208-9c37-11e7-8ae4-005056c00001.bpmn20.xml','5c1994ae-b3a7-11e7-9d79-2c4d5453f651','<?xml version=\'1.0\' encoding=\'UTF-8\'?>\n<definitions xmlns=\"http://www.omg.org/spec/BPMN/20100524/MODEL\" xmlns:xsi=\"http://www.w3.org/2001/XMLSchema-instance\" xmlns:xsd=\"http://www.w3.org/2001/XMLSchema\" xmlns:activiti=\"http://activiti.org/bpmn\" xmlns:bpmndi=\"http://www.omg.org/spec/BPMN/20100524/DI\" xmlns:omgdc=\"http://www.omg.org/spec/DD/20100524/DC\" xmlns:omgdi=\"http://www.omg.org/spec/DD/20100524/DI\" typeLanguage=\"http://www.w3.org/2001/XMLSchema\" expressionLanguage=\"http://www.w3.org/1999/XPath\" targetNamespace=\"http://www.activiti.org/processdef\">\n  <process id=\"leave\" name=\"test\" isExecutable=\"true\">\n    <startEvent id=\"sid-6600D272-B55E-4F12-8EB0-C915FD3593B4\"/>\n    <userTask id=\"sid-B578258D-0171-4909-881A-711EFB9FC0D5\"/>\n    <sequenceFlow id=\"sid-7D77D554-85A8-4883-A3FA-D9C947A84D5F\" sourceRef=\"sid-6600D272-B55E-4F12-8EB0-C915FD3593B4\" targetRef=\"sid-B578258D-0171-4909-881A-711EFB9FC0D5\"/>\n    <userTask id=\"sid-BD082C9E-4CA6-45D7-B010-CC80A88C3B97\"/>\n    <sequenceFlow id=\"sid-4FA2BB7F-019A-4EFA-813D-6311A9C0752A\" sourceRef=\"sid-B578258D-0171-4909-881A-711EFB9FC0D5\" targetRef=\"sid-BD082C9E-4CA6-45D7-B010-CC80A88C3B97\"/>\n    <endEvent id=\"sid-CDFCCF33-007A-4B60-9D08-FFF6D57E8C88\"/>\n    <sequenceFlow id=\"sid-F0A1EEFC-DB65-4A91-93D3-A253922E4FE2\" sourceRef=\"sid-BD082C9E-4CA6-45D7-B010-CC80A88C3B97\" targetRef=\"sid-CDFCCF33-007A-4B60-9D08-FFF6D57E8C88\"/>\n  </process>\n  <bpmndi:BPMNDiagram id=\"BPMNDiagram_leave\">\n    <bpmndi:BPMNPlane bpmnElement=\"leave\" id=\"BPMNPlane_leave\">\n      <bpmndi:BPMNShape bpmnElement=\"sid-6600D272-B55E-4F12-8EB0-C915FD3593B4\" id=\"BPMNShape_sid-6600D272-B55E-4F12-8EB0-C915FD3593B4\">\n        <omgdc:Bounds height=\"30.0\" width=\"30.0\" x=\"226.25\" y=\"192.0\"/>\n      </bpmndi:BPMNShape>\n      <bpmndi:BPMNShape bpmnElement=\"sid-B578258D-0171-4909-881A-711EFB9FC0D5\" id=\"BPMNShape_sid-B578258D-0171-4909-881A-711EFB9FC0D5\">\n        <omgdc:Bounds height=\"80.0\" width=\"100.0\" x=\"301.25\" y=\"167.0\"/>\n      </bpmndi:BPMNShape>\n      <bpmndi:BPMNShape bpmnElement=\"sid-BD082C9E-4CA6-45D7-B010-CC80A88C3B97\" id=\"BPMNShape_sid-BD082C9E-4CA6-45D7-B010-CC80A88C3B97\">\n        <omgdc:Bounds height=\"80.0\" width=\"100.0\" x=\"446.25\" y=\"167.0\"/>\n      </bpmndi:BPMNShape>\n      <bpmndi:BPMNShape bpmnElement=\"sid-CDFCCF33-007A-4B60-9D08-FFF6D57E8C88\" id=\"BPMNShape_sid-CDFCCF33-007A-4B60-9D08-FFF6D57E8C88\">\n        <omgdc:Bounds height=\"28.0\" width=\"28.0\" x=\"591.25\" y=\"193.0\"/>\n      </bpmndi:BPMNShape>\n      <bpmndi:BPMNEdge bpmnElement=\"sid-F0A1EEFC-DB65-4A91-93D3-A253922E4FE2\" id=\"BPMNEdge_sid-F0A1EEFC-DB65-4A91-93D3-A253922E4FE2\">\n        <omgdi:waypoint x=\"546.25\" y=\"207.0\"/>\n        <omgdi:waypoint x=\"591.25\" y=\"207.0\"/>\n      </bpmndi:BPMNEdge>\n      <bpmndi:BPMNEdge bpmnElement=\"sid-7D77D554-85A8-4883-A3FA-D9C947A84D5F\" id=\"BPMNEdge_sid-7D77D554-85A8-4883-A3FA-D9C947A84D5F\">\n        <omgdi:waypoint x=\"256.25\" y=\"207.0\"/>\n        <omgdi:waypoint x=\"301.25\" y=\"207.0\"/>\n      </bpmndi:BPMNEdge>\n      <bpmndi:BPMNEdge bpmnElement=\"sid-4FA2BB7F-019A-4EFA-813D-6311A9C0752A\" id=\"BPMNEdge_sid-4FA2BB7F-019A-4EFA-813D-6311A9C0752A\">\n        <omgdi:waypoint x=\"401.25\" y=\"207.0\"/>\n        <omgdi:waypoint x=\"446.25\" y=\"207.0\"/>\n      </bpmndi:BPMNEdge>\n    </bpmndi:BPMNPlane>\n  </bpmndi:BPMNDiagram>\n</definitions>',0),('5c292510-b3a7-11e7-9d79-2c4d5453f651',1,'919fc208-9c37-11e7-8ae4-005056c00001.leave.png','5c1994ae-b3a7-11e7-9d79-2c4d5453f651','PNG\r\n\Z\n\0\0\0\rIHDR\0\0u\0\0\0\0\0S\0\0IDATxMoT,3`Qv.\"u,loIIBXQ`#p),EMHmܨX@`Nk1h039g溤G4Ƚޏ̜y%\0\0\0\0\0\0\0\0\0\0\0\0\0\0\0\0\0\0\0\0\0\0\0\0\0\0\0\0\0\0\0\0\0\0\0\0\0\0\0\0\0\0\0\0\0\0\0\0\0\0\0\0\0\0\0\0\0\0\0\0\0\0\0\0\0\0\0\0\0\0\0\0\0\0\0\0\0\0\0\0\0\0\0\0\0\0\0\0\0\0\0\0\0\0\0\0\0\0\0\0\0\0\0\0\0\0\0\0\0\0\0\0\0\0\0\0\0\0\0\0\0\0\0\0\0\0\0\0\0\0\0\0\0\0\0\0\0\0\0\0\0\0\0\0\0\0\0\0\0\0\0\0\0\0\0\0\0\0\0\0\0\0\0\0\0\0\0\0\0\0\0\0\0\0\0\0\0\0\0\0\0\0\0\0\0\0\0\0\0\0\0\0\0\0\0\0\0\0\0\0\0\0\0\0\0\0\0\0\0\0\0\0\0\0\0\0\0\0\0\0\0\0\0\0\0\0\0\0\0\0\0\0\0\0\0\0\0\0\0\0\0\0\0\0\0\0\0\0\0\0\0\0\0\0\0\0\0\0\0\0\0\0\0\0\0\0\0\0\0\0\0\0\0\0\0\0\0\0\0\0\0\0\0\0\0\0\0\0\0\0\0\0\0\0\0\0\0\0\0\0\0\0\0\0\0\0\0\0\0\0\0\0\0\0\0\0\0\0\0\0\0\0\0\0\0\0\0\0\0\0\0\0\0\0\0\0\0\0\0\0\0\0\0\0\0\0\0\0\0\0\0\0\0\0\0\0\0\0\0\0\0\0\0\0\0\0\0\0\0\0\0\0\0\0\0\0\0\0\0\0\0\0\0\0\0\0\0\0\0\0\0\0\0\0\0\0\0\0\0\0\0\0\0\0\0\0\0\0*AE/9sC߳gOn<QWWוx22d*1C\0@(h`` s)\\|9ڷoq9!C2@+81|J\0.SədTZ\0(|EBdTZ\0(b!r?:ӳ%:	;|L*d!\0RR7E?|:MMX\"ɐBpOqn~:KZdH\0HC!Q9|NZdH\0HA!оfBS:!\0R@1\n9RqBS:!\0RPȧ|2j!)RK\0)(}GfNdr>D\0i)ԿfNdr|9`! <8ꌎ~{2M𵮸XdH\0HP!?ʊ+.\nYdxuEZdH\0H@!OsX-u2$C\0$B!@!K!\0B!c@!+d!KPy><ˋ-[WWM>=d2|ͻޅضm۫:eHJWUUU3xNs3d9nGu\r*Ȗ-[֮YҥKO?4:tPe(D}][rxZB!*%n<m{2؎;/sכ{EuȑhժU/^9s~c3\nYdhċٔx~Ei=mڴ_k?(3[nmmhhxk׮ZFڽ{w4o޼rN!+d^]]}%A>è3:|tƍ3֭[Ï8p ㏣ڑMWܹ-z{{B8w\\`zmKɐt{=^Ć?|)1qڵ/RnӦM,\\x\n^x1S}P(d,C2+tˇMD}6#;W >W\Z\Z\nӮ͙3V|Pb3:#CCkssX\'*<42W#;s9<n2o3:#CнB؍b׭!e6lذjŊ޽Me˖\nY!ː%`>:Cϱ0,̻{5ܶ=\Z͝;XU\"_Ziujll9<\'$Id<W\nYd(\n\0{qDvI9ëbGdXn]k,*͛7_\roQAUUUS\nYd(z__vI=}R`է[Sxw̙$0͛BV2$Cr޽{\'7(w٥-!\ZouOa\'CU!+dRf(S#w-!fΜy/u_|HIasx8D!+dRf(۹.mLƺIߝՖ?Rx7.(dJPn}NkKHڡR\\[^{CgȐ:C]\\FpϩKaX(d,C2TyN0%K,_<x!I;,beH!~ƴ`7mtK݆\r&>uOP2>uo%xreHJ}^{G	`L){>|X|@OI!+dRޯ/Qug>}Ky[պB`\"yͻqFKBعsd.tmmmO}zޑB6:#CosKv{pǮҥ31k֬뽽rgg̘q)~B!Jy]XZZZi>UUUM#WH/^d2?2BV2$CI:s/]CBaW(+vugϾr;Xz{{.>BV2$CI;\\5(\"9ta~1co/jmm*ib8xPx/eaI7(Wr͆X;Eoܸ15kփbq\\k\0ן<ŇÓl9\nY!ː%c3ݞCܽxItuu)fw+wL\\8O{)eHp^?$;ek`Na{\'@kx+rBV2$Ck\0KQ2$C\0(dc32BV2d,u\0(d,C2(d!\0@!+d2:\0B!Rg\0\nXK\0\nY!ː`3\nYd\0l,uF\0P\nY\0eH\0,C2B6:#C\0(d,CRBV2$C\0XB! ٣3ٸdTZ\0(e	2!\0\n{~ҥJtWWBwtt2d*-C\0H\\?mqL\'|OeH\0\0\0\0\0\0\0\0\0\0\0\0\0\0\0\0\0\0\0\0\0\0glJж \0\0\0\0IENDB`',1),('6109dc96-911b-11e7-b720-005056c00001',1,'1ecc61b2-9119-11e7-b720-005056c00001.bpmn20.xml','6109dc95-911b-11e7-b720-005056c00001','<?xml version=\'1.0\' encoding=\'UTF-8\'?>\n<definitions xmlns=\"http://www.omg.org/spec/BPMN/20100524/MODEL\" xmlns:xsi=\"http://www.w3.org/2001/XMLSchema-instance\" xmlns:xsd=\"http://www.w3.org/2001/XMLSchema\" xmlns:activiti=\"http://activiti.org/bpmn\" xmlns:bpmndi=\"http://www.omg.org/spec/BPMN/20100524/DI\" xmlns:omgdc=\"http://www.omg.org/spec/DD/20100524/DC\" xmlns:omgdi=\"http://www.omg.org/spec/DD/20100524/DI\" typeLanguage=\"http://www.w3.org/2001/XMLSchema\" expressionLanguage=\"http://www.w3.org/1999/XPath\" targetNamespace=\"http://www.activiti.org/processdef\">\n  <process id=\"leave\" name=\"请假demo\" isExecutable=\"true\">\n    <startEvent id=\"sid-2740F4FE-A6A8-4064-A9FA-4BD9D5EC50D7\"/>\n    <userTask id=\"sid-D27D784B-758D-47D8-9D5B-D10FDA7C359E\" name=\"拟稿\"/>\n    <sequenceFlow id=\"sid-39260C26-BBBC-4359-86B0-C871B782216D\" sourceRef=\"sid-2740F4FE-A6A8-4064-A9FA-4BD9D5EC50D7\" targetRef=\"sid-D27D784B-758D-47D8-9D5B-D10FDA7C359E\"/>\n    <userTask id=\"sid-84D12022-7E08-414A-B80D-BA94F89CE906\" name=\"会签\" activiti:assignee=\"${user}\">\n      <multiInstanceLoopCharacteristics isSequential=\"false\" activiti:collection=\"users\" activiti:elementVariable=\"user\">\n        <completionCondition>${nrOfCompletedInstances==nrOfInstances}</completionCondition>\n      </multiInstanceLoopCharacteristics>\n    </userTask>\n    <sequenceFlow id=\"sid-DB2AECD0-F107-48B5-B0F9-878570118A3F\" sourceRef=\"sid-D27D784B-758D-47D8-9D5B-D10FDA7C359E\" targetRef=\"sid-84D12022-7E08-414A-B80D-BA94F89CE906\"/>\n    <exclusiveGateway id=\"sid-72ECC2F4-1590-4946-8D8C-BB732DAE9047\"/>\n    <userTask id=\"sid-B5F4FC84-5420-40E1-9EEF-255C4FA5327B\" name=\"直接上级\"/>\n    <userTask id=\"sid-115F3044-1FC9-4843-8D0B-02C648D0EB93\" name=\"部门经理\"/>\n    <endEvent id=\"sid-E6B72C1D-D108-4767-A9B1-263F80FADCCE\"/>\n    <sequenceFlow id=\"sid-1234F649-404C-4232-85F2-035EA680938A\" sourceRef=\"sid-B5F4FC84-5420-40E1-9EEF-255C4FA5327B\" targetRef=\"sid-72ECC2F4-1590-4946-8D8C-BB732DAE9047\"/>\n    <sequenceFlow id=\"sid-20FEA672-EE72-41AE-9ED1-70DFA3F631A6\" sourceRef=\"sid-115F3044-1FC9-4843-8D0B-02C648D0EB93\" targetRef=\"sid-E6B72C1D-D108-4767-A9B1-263F80FADCCE\"/>\n    <userTask id=\"sid-2DD616A5-34A7-4C6B-907D-9120165C4495\" name=\"人事部\"/>\n    <sequenceFlow id=\"sid-906BA9F6-26B4-4FDE-B2A8-DB331E004F98\" sourceRef=\"sid-2DD616A5-34A7-4C6B-907D-9120165C4495\" targetRef=\"sid-E6B72C1D-D108-4767-A9B1-263F80FADCCE\"/>\n    <sequenceFlow id=\"sid-04675112-6F1B-4E43-BDFC-6C463FA63C2C\" name=\"天数>=3\" sourceRef=\"sid-72ECC2F4-1590-4946-8D8C-BB732DAE9047\" targetRef=\"sid-115F3044-1FC9-4843-8D0B-02C648D0EB93\">\n      <conditionExpression xsi:type=\"tFormalExpression\"><![CDATA[${day>=3}]]></conditionExpression>\n    </sequenceFlow>\n    <sequenceFlow id=\"sid-D5CC28F9-CEED-4A7F-8E4C-082D557E6DBA\" name=\"天数&lt;3\" sourceRef=\"sid-72ECC2F4-1590-4946-8D8C-BB732DAE9047\" targetRef=\"sid-2DD616A5-34A7-4C6B-907D-9120165C4495\">\n      <conditionExpression xsi:type=\"tFormalExpression\"><![CDATA[${day<3}]]></conditionExpression>\n    </sequenceFlow>\n  </process>\n  <bpmndi:BPMNDiagram id=\"BPMNDiagram_leave\">\n    <bpmndi:BPMNPlane bpmnElement=\"leave\" id=\"BPMNPlane_leave\">\n      <bpmndi:BPMNShape bpmnElement=\"sid-2740F4FE-A6A8-4064-A9FA-4BD9D5EC50D7\" id=\"BPMNShape_sid-2740F4FE-A6A8-4064-A9FA-4BD9D5EC50D7\">\n        <omgdc:Bounds height=\"30.0\" width=\"30.0\" x=\"20.0\" y=\"135.0\"/>\n      </bpmndi:BPMNShape>\n      <bpmndi:BPMNShape bpmnElement=\"sid-D27D784B-758D-47D8-9D5B-D10FDA7C359E\" id=\"BPMNShape_sid-D27D784B-758D-47D8-9D5B-D10FDA7C359E\">\n        <omgdc:Bounds height=\"80.0\" width=\"100.0\" x=\"95.0\" y=\"110.0\"/>\n      </bpmndi:BPMNShape>\n      <bpmndi:BPMNShape bpmnElement=\"sid-84D12022-7E08-414A-B80D-BA94F89CE906\" id=\"BPMNShape_sid-84D12022-7E08-414A-B80D-BA94F89CE906\">\n        <omgdc:Bounds height=\"80.0\" width=\"100.0\" x=\"240.0\" y=\"110.0\"/>\n      </bpmndi:BPMNShape>\n      <bpmndi:BPMNShape bpmnElement=\"sid-72ECC2F4-1590-4946-8D8C-BB732DAE9047\" id=\"BPMNShape_sid-72ECC2F4-1590-4946-8D8C-BB732DAE9047\">\n        <omgdc:Bounds height=\"40.0\" width=\"40.0\" x=\"530.0\" y=\"130.0\"/>\n      </bpmndi:BPMNShape>\n      <bpmndi:BPMNShape bpmnElement=\"sid-B5F4FC84-5420-40E1-9EEF-255C4FA5327B\" id=\"BPMNShape_sid-B5F4FC84-5420-40E1-9EEF-255C4FA5327B\">\n        <omgdc:Bounds height=\"80.0\" width=\"100.0\" x=\"390.0\" y=\"110.0\"/>\n      </bpmndi:BPMNShape>\n      <bpmndi:BPMNShape bpmnElement=\"sid-115F3044-1FC9-4843-8D0B-02C648D0EB93\" id=\"BPMNShape_sid-115F3044-1FC9-4843-8D0B-02C648D0EB93\">\n        <omgdc:Bounds height=\"80.0\" width=\"100.0\" x=\"615.0\" y=\"60.0\"/>\n      </bpmndi:BPMNShape>\n      <bpmndi:BPMNShape bpmnElement=\"sid-E6B72C1D-D108-4767-A9B1-263F80FADCCE\" id=\"BPMNShape_sid-E6B72C1D-D108-4767-A9B1-263F80FADCCE\">\n        <omgdc:Bounds height=\"28.0\" width=\"28.0\" x=\"915.0\" y=\"180.0\"/>\n      </bpmndi:BPMNShape>\n      <bpmndi:BPMNShape bpmnElement=\"sid-2DD616A5-34A7-4C6B-907D-9120165C4495\" id=\"BPMNShape_sid-2DD616A5-34A7-4C6B-907D-9120165C4495\">\n        <omgdc:Bounds height=\"80.0\" width=\"100.0\" x=\"615.0\" y=\"180.0\"/>\n      </bpmndi:BPMNShape>\n      <bpmndi:BPMNEdge bpmnElement=\"sid-39260C26-BBBC-4359-86B0-C871B782216D\" id=\"BPMNEdge_sid-39260C26-BBBC-4359-86B0-C871B782216D\">\n        <omgdi:waypoint x=\"50.0\" y=\"150.0\"/>\n        <omgdi:waypoint x=\"95.0\" y=\"150.0\"/>\n      </bpmndi:BPMNEdge>\n      <bpmndi:BPMNEdge bpmnElement=\"sid-DB2AECD0-F107-48B5-B0F9-878570118A3F\" id=\"BPMNEdge_sid-DB2AECD0-F107-48B5-B0F9-878570118A3F\">\n        <omgdi:waypoint x=\"195.0\" y=\"150.0\"/>\n        <omgdi:waypoint x=\"240.0\" y=\"150.0\"/>\n      </bpmndi:BPMNEdge>\n      <bpmndi:BPMNEdge bpmnElement=\"sid-1234F649-404C-4232-85F2-035EA680938A\" id=\"BPMNEdge_sid-1234F649-404C-4232-85F2-035EA680938A\">\n        <omgdi:waypoint x=\"490.0\" y=\"150.0\"/>\n        <omgdi:waypoint x=\"530.0\" y=\"150.0\"/>\n      </bpmndi:BPMNEdge>\n      <bpmndi:BPMNEdge bpmnElement=\"sid-20FEA672-EE72-41AE-9ED1-70DFA3F631A6\" id=\"BPMNEdge_sid-20FEA672-EE72-41AE-9ED1-70DFA3F631A6\">\n        <omgdi:waypoint x=\"715.0\" y=\"100.0\"/>\n        <omgdi:waypoint x=\"929.0\" y=\"100.0\"/>\n        <omgdi:waypoint x=\"929.0\" y=\"180.0\"/>\n      </bpmndi:BPMNEdge>\n      <bpmndi:BPMNEdge bpmnElement=\"sid-D5CC28F9-CEED-4A7F-8E4C-082D557E6DBA\" id=\"BPMNEdge_sid-D5CC28F9-CEED-4A7F-8E4C-082D557E6DBA\">\n        <omgdi:waypoint x=\"562.4324324324324\" y=\"157.56756756756758\"/>\n        <omgdi:waypoint x=\"615.0\" y=\"189.56521739130434\"/>\n      </bpmndi:BPMNEdge>\n      <bpmndi:BPMNEdge bpmnElement=\"sid-04675112-6F1B-4E43-BDFC-6C463FA63C2C\" id=\"BPMNEdge_sid-04675112-6F1B-4E43-BDFC-6C463FA63C2C\">\n        <omgdi:waypoint x=\"563.939393939394\" y=\"143.93939393939394\"/>\n        <omgdi:waypoint x=\"615.0\" y=\"121.73913043478261\"/>\n      </bpmndi:BPMNEdge>\n      <bpmndi:BPMNEdge bpmnElement=\"sid-906BA9F6-26B4-4FDE-B2A8-DB331E004F98\" id=\"BPMNEdge_sid-906BA9F6-26B4-4FDE-B2A8-DB331E004F98\">\n        <omgdi:waypoint x=\"715.0\" y=\"215.07575757575756\"/>\n        <omgdi:waypoint x=\"915.0674049184362\" y=\"195.37214951560858\"/>\n      </bpmndi:BPMNEdge>\n    </bpmndi:BPMNPlane>\n  </bpmndi:BPMNDiagram>\n</definitions>',0),('6182dd27-911b-11e7-b720-005056c00001',1,'1ecc61b2-9119-11e7-b720-005056c00001.leave.png','6109dc95-911b-11e7-b720-005056c00001','PNG\r\n\Z\n\0\0\0\rIHDR\0\0\0\0\0\0\0L$\0\0\'IDATx]u\'VaYaaJd(rB,P\\;^%(FJJʰ(,M3IV1$C\'!1Ɛ<{s̽ݟOկ{o?r?\0\0\0\0\0\0\0\0\0\0\0\0\0\0\0\0\0\0\0\0\0\0\0\0\0\0\0\0\0\0\0\0\0\0\0\0\0\0\0\0\0\0\0\0\0\0\0\0\0\0\0\0\0\0\0\0\0\0\0\0\0\0\0\0\0\0\0\0\0\0\0\0\0\0\0\0\0\0\0\0\0\0\0\0\0\0\0\0\0\0\0\0\0\0\0\0\0\0\0\0\0\0\0\0\0\0\0\0\0\0\0\0\0\0\0\0\0\0\0\0\0\0\0\0\0\0\0\0\0\0\0\0\0\0\0\0\0\0\0\0\0\0\0\0\0\0\0\0\0\0\0\0\0\0\0\0\0\0\0\0\0\0\0\0\0\0\0\0\0\0\0\0\0\0\0\0\0\0\0\0\0\0\0\0\0\0\0\0\0\0\0\0\0\0\0\0\0\0\0\0\0\0\0\0\0\0\0\0\0\0\0\0\0\0\0\0\0\0\0\0\0\0\0,ˎ۲e˼׿|lٲej%[fͯRMґ\0\0\0Cwڵݻ^{MڳgOz})^+\0\0)fpܪ	-[l\0\0X,`VO{DW\0\0R*\\VUt%\0\0W3wZW\\S!\0\0BlӲ,㨊>T\0\0t	E\"T\0\0i=ܸO8r\0\0j&n\\6ǐ	B.\0\0\\\0\0q4Bn\'\n\0\0\05r7C!7N\\\0\0	{6dNT9	B.\0\0@̈́ܨOr6T\0\0{p.UN}©\0\0P!w{[bɍ1\0\0P!lObxL<֬\0\0Pu![B.\0\0@̈́6+\n\0\0\0UrpV\\\0\0	J\0\0r\0\0 *!\0\0@r\0\0r\\\0\0\0!W	\0\0\0Br\0\0\\!\0\0\0!W\0\0r\0\0 *!\0\0@UB.\0\0+\0\0 \n\0\0\0Br\0\0\\%\0\0B.\0\0\0B\0\0 *!\0\0@UT]wRj\0@J65kQO>9۸qc};vm޼9Ǟy^tid/&O?6L.CB.\0;\"z<pyy}G\'asͯʕ+/0>CuN:)K{c/|_ڵ+\'~|\'.9sO<Q!\0\0!k߿?kmmzɒ%4fiYܘUdſ\'s\\GbƷx܃>_FЍB.\0\0=.U\0um:Cn\\n߾ָ<nذ!󏚵c8pX?pg.\\r\0rafϞguV6a˗硷{{&=֭waSNɿ._ݷo_<@7y!\0\0!\Z6i?˒于ׁܨs#>SN8!˧+wLn3B.\0\0]*ge,*>АZvm~Щ綸=+|Xݍ!~v\n \0 v{]tQg,͍8PT\\rGN.=SO=5_G~^<>frB\\\0\0+\0ޖUc4Bm~/߷#frQ۞{yp.?Gn *G}饗sN{\"\' R,;n˖-֯_FYFTndk֬UIzHWr{;rq\Z}H+ߺSt3ϑ@/䂐KAd죲{؈ڳgO|/\r*CjWJ!a$U3|-mCjWJ!aS?:obG\Zo=BrAś71=@H_+ ثޙmys-_+mx!=B\Z!zޖm||ZwUq[GCzH_+\\5B.5&tDszH+}Aȥv6ǁdGCzH_+\\5B.5&qٌq7!W!}r H*!W!}r XdGCzH_+ĉKRݙjFCCMkp~<;*+z\r˘Hnnq7!W!}wcP׏(z\r˘Hmېm\\:rt[GCzH_+_cc_Aݑ>TӅ\\ArɨO2ۼxCzH_+jGCCò^/p A5B.9<|8}]>o>BCJ_Q3!nTjOMMk\\jn -{uv}o@BCJ_Qf̘b:4{\"Ou?hR^ RSÇWd?}=\"c͜zH+}EuijjlSRԔ.YrA\Z!\ZH5CběCJ_QR=\'\rfڛ{vgjƀ>hR^ R̐6sHCzH_\Z5w4pT:ΉG=0=t?9q\\Ar!wȢ	zH+}U.Mu\\քkT͗]v	}|ϟ677u A5B.5;TWj?=սWTivO_^^+z&R1\ZnCCip0T3S55x&R=ܾnu\'ͩ~Q=n\Z\Z\\yCzH_)rd>)ȾT*ݝc{R}?fq![YuÆ\rSz3gw뭷inn7iҤ}xK_Җ{n?r71=\Z\0;3m\n;M)kkr{ϟsw:uj|\'[~}֖:t(q{駟R>O3/n曄\\ML!}Ƅ\rlv8\"r\n-MM)rן5\\r{_Wqy}׳zgO2eSv_UWt\\)~5]Ko:O~ԡ\Z<\"{Q[p኏٢En+=cٍ7xp\ZH\ZH!=8C]z<lKS}o\nt[)Y<Ik֬IM\"	GUVST/fEn$W5Lϩl\'ՏSmNMMM_mOԊ+L_+nܖmI@3p?ooTJ;\\K4T;R-M3fHOR5&ܣ>Dyfpѝ<yr{z` \\Z]o~\Z*\rTןkh	 JE+_kHZxuJUzH_髪WCݞKН8qqiTJ՚jkۛ@8olr-juٲCJnI\rA5@-EM.?_\n}i5ASmO2o1r,fq<qZ54CzH_1W=[T>mo{G7>я.mhh8@V6l\Zʩoܕ9HoR@@R!!Wj_w;Kt\0ۯ[tV\0Zd{}6 y$\r$rUUC<T?nS7@4s}ׯՐO\"=Q-Ւ>\r74CzHUrup0{\nod-xrݭzdΝ\Zrwڵ;4QCBvh!ܡ=\0]577g\ZՐ/=Q=\ZK$\r$rUPgNC	A>\0BcoUWcy r\\ۦUj{vDrgŽ?yr~73U#3OJ+D2<3.1p_?p@xl֬Y즛n=tRePy|_1+Wې뮻qr.\\oGӧw~m۶^z_8mڴ^nݺq۷o-ɓ\'[ܾu<{v)G\'frO}\'wǎ?}r+U1OtIW_90,BȮ]˿+BI1Ȍ%\\9 +;eePZk3|D)}]tQm	1zBn荨>E4iR^ٰaCw`g<٣>zꩽY1g\\R^cnCer;k\\\0!wL6mh]*=򺆆zTu@Y4Fȝ0aB6s|gϞg=jyA9sΟ?s\Z۷O@\'=TT\" D_իWwy\\erwE/*?L\r!YlV\\~N8![hQcハ1viu~V)S`{k׮{xSO=9{~x\'P73=&+$:2;?0ɝ>}*;OnovD@)ffO9|^>`f~[1,eygqCKH\0/RKX)m/?]|yΝ_ƇkE8)Ƈw}ۦb@Aۺd|׻5BnC=ݾf_<=yr/O>O믏_JO_bc8d5Pbu13!ŒS~PIEh@v+K,Ƀme9s}=\nr+wvXa3Œ>.W|#PG>묳|#g}ͤpt%W>nO?=ZK\'iVAE|$yױ[=sO]18/1#Ѹ=2{(>%q*z\"V.+-GE͛7jr^AXyT8]]ْ%Jr%7ر#u[W]gwAwA}.;2oQmoll|a/3-vy{cƍ;Ō\\٘pueّ%#$ˏ+gl1,XƇ$\Z?> )BN-lq_θcؠgr#D=;*mы_bFr\ru?nwAwrq+ 䎆)Sl4bߘB\0rs=Ab+?rۊ%Í8hOqpKUH=_җ:g C+˕c|>\\˃t<>>+W*	u}_\n7>}ܑϾ#p7lذ0\r\r\r$GfAOnٴ)1Hzyȍ΃b63\'<#Fe`{ڧ1މAIHBh*mq0ø}dKn2NKT8YTϼ;.>\\|۾iRK~\\urOT}y~;9T*-Hcj 䎨I&5M2ݻ5রmLJb	_38s%fQV~X3\'uPGM6-?;b{ʗ$Rp1[Ep\\}<N qZ|Vt8U|(/2Ptf}կ;T]BqGӠ555@1ƛoypnRyI%䎝\ZhCʶiNss[iz=\r\r\r#?7rGD\nM4iWp0o|ߍ%ʩ\r$CJ_՜}tG8~kN#9;,2eʮgy@΃tGRH~22U\ZH\ZH!=8Au3h@.JWTq\0BHܼ{̙G?ֶ3*ڱcZZZ~8cƌ%MMM[\"mE@@R!}n#N\'644|50XK\0U$\nt\":>e=؎=fCJӐ;zA\Z/kll4xT*mH0r14CJUj]`/=C\rkRT\0H\ZH!%*}5zuO*JwAt\0H\ZH!%*}5RAwnpaE\Zl=@@@R)!WF-nC\Zpt4#\0!II=\\C샛\r<77\'A=^IAwʌ3l0,vQ{\'=SB2CzH_髱/ojji&ՏS]`0{A#RtgJUzH+}ʮO#\r]__=#\0Cڦ.%ss!WH!= Skv]nL7ɳ0{AO!*ϐ$k^}lƍPnCʶi DT\\\0*vofq\\e Y=5PnCʶcM11;;fy=%\0\n]͵/$\\=l8\ZOM:ם迴\\`WUBlꝑ#0#2{F\0r[/!WH\nzH_6QE\\qN8nc7εYC|\\B2rmJ{Z\Z=t3555T*}2m#ڜ@lT[;0lH*I!W66QE:=rt/z{l}}F8,ˎ۲e˼׿|VKKKf͚_a\0^jYz9GneL3TBll)cbw?uwڵݻaٳ\'[zxivv\n\r vWkO=JrmmU\"y/S:λ{[5A\ZܤJuio偵)׾X\"/75{ݬ\ZH*!WCMMTߌҠoC|<]Aʃe_U#:pH۷ܹsU)ޞ?><즟yg@R	BmmDMϤړj~岼4נ x<vm`qI3JrmmfҤIjf߳#yW3wZW\\ۼna4>KO޹$yb)]wUtyg@R	Bmmf: +ey\roo6>>-;-\ZђnKPnyЭ]ٮ:TR{heۤ{^qajC~%sv\\q}pDZ\\֬YXK=ꫯ5.rWMԢ48[ԏSf\'nZyw!7raBnQ#G1[KVXqU~+&rfIbҲσWLȍF?N\'fJsZg~jGBe3zqא#bu޽#r:۳_労|2FTz󾩖zH+}P__{iE!WȅZP*>YYfe#)Σ[ro\0Ԑ8rO!7N\\5N5ǥsժU#\Zr[[[C\"K\0\0c,nnCn\'\n0{UYܜ˱4xppR[[[y	\0`ܽmKw]nS!T*-Yv}uڠN\'Tw\00Bn֧t	q`*PĬmGߓFC\00B\'T9	B.E?Ny\\\0\0re/qܸ/#\nP-)$Q\Z\Z\Z:Ք8YS0өvpCr}r\0|=|8۹yEǾc-*5+\"V|_/JW&M:T*=Mt~\0Cn_fu\\yq3N\'\0A6+\n?uʕy=\0Ut=ۻw,WrA\0\05rpV\\ׁHԘ8qq}<nY>Ν;\"!G)]\0\0@UB.k5J\0\Z}\0y9ōF\0\0!W	#&4!n	i>Ͼ^>2\0\0BrWu!T{0:}!wuW~6\0\\UxqR TŌ`.UZ\0 *!Wx\\tc8UGQL=\0\0BrWF]j/v<Vgi̱$-kmm;oe7pK#8{V\0\\%\n3nYk\0 *!Wx5a@m:2\0\\ᕪ;SSK5ա@;l\0j\\\0\0rUՇ\\\0\0rUՇ\\\0\0rUՇ\\\0\0@ȭZti&\0\05_ʚ2\0\0@ȵO.\0\0+\n\0\0\0Br\0\0\\%\0\0B.\0\0\0rӟ566.9~Yf*|ƍ\\\0\0\0!wC_v.¼&O38#?_οgwyg~>M81;vtιs\n\0\0\0Bܷ=l%\\%Λ7/0aQ߿%K:OM\0\0rb6	\'\"ʐ{ieW_}u9f~nݚ_߶m[gȍ۷\0\0\0Bֺuyꩧ恷ǝyyU?ˑ;/={vvI\'e:|7_|yz\\\0\0\0!wD]re~%QA޽{@[,o>p[ti=K\\\0\01rq\"xΜ9r.,<5mڴlԩGK޷o_@aÆ6US\0\0\0BpFp-~g̙sTZxq!}rSs.Ιbܧz*>_\\\0\0\0!wxnwո/NSDq=N	1{[VޖUc63Ws \0\0xȍ\Z~قz|L+e1͚5kP:f%\0\0\05r\0\0 \n\0\0\0B.\0\0\\\0\0\0!W	\0\0\0B\0\0+\0\0J\0\0r\0\0 *!\0\0@r\0\0r\\\0\0\0!W	\0\0\0Br\0\0\\!\0\0\0!W\0\0r\0\0 *!\0\0@UB.\0\0+\0\0 \n\0\0\0Br\0\0\\%\0\0B.\0\0\0B\0\0 *!\0\0-_\\:B]	\0\00Hk֬ٹ{n\n_Rݤ+\0\0iŊWZׯAAFmiiٖ\Z]	\0\00)X]lٲ\'clFy$\0\0\0\0\0\0\0\0\0\0\0\0\0\0\0\0\0\0\0\0\0\0\0\0\0\0\0\0\0\0\0\0\05`)	@l\0\0\0\0IENDB`',1),('61ed5454-9c36-11e7-9e14-005056c00001',3,'source',NULL,'{\"bounds\":{\"lowerRight\":{\"x\":1485.0,\"y\":700.0},\"upperLeft\":{\"x\":0.0,\"y\":0.0}},\"resourceId\":\"canvas\",\"stencil\":{\"id\":\"BPMNDiagram\"},\"stencilset\":{\"namespace\":\"http://b3mn.org/stencilset/bpmn2.0#\",\"url\":\"../editor/stencilsets/bpmn2.0/bpmn2.0.json\"},\"properties\":{\"process_id\":\"leave\",\"name\":\"idea+ov\",\"process_namespace\":\"http://www.activiti.org/processdef\",\"messages\":[],\"executionlisteners\":{\"executionListeners\":[]},\"eventlisteners\":{\"eventListeners\":[]},\"signaldefinitions\":[],\"messagedefinitions\":[]},\"childShapes\":[{\"bounds\":{\"lowerRight\":{\"x\":358.25,\"y\":210.0},\"upperLeft\":{\"x\":328.25,\"y\":180.0}},\"resourceId\":\"sid-C434D660-CD05-464F-96EB-B6F2B270747A\",\"childShapes\":[],\"stencil\":{\"id\":\"StartNoneEvent\"},\"properties\":{\"overrideid\":\"sid-C434D660-CD05-464F-96EB-B6F2B270747A\"},\"outgoing\":[{\"resourceId\":\"sid-3FF70611-DFDD-4751-AB8F-40EE394F864E\"}]},{\"bounds\":{\"lowerRight\":{\"x\":503.25,\"y\":235.0},\"upperLeft\":{\"x\":403.25,\"y\":155.0}},\"resourceId\":\"sid-F91ED1B0-7CD2-4D72-957F-CE2DC1B7476A\",\"childShapes\":[],\"stencil\":{\"id\":\"UserTask\"},\"properties\":{\"overrideid\":\"sid-F91ED1B0-7CD2-4D72-957F-CE2DC1B7476A\",\"asynchronousdefinition\":false,\"exclusivedefinition\":false,\"tasklisteners\":{\"taskListeners\":[]},\"executionlisteners\":{\"executionListeners\":[]}},\"outgoing\":[{\"resourceId\":\"sid-28E49A46-70E8-4F29-A725-E22B7A696F00\"}]},{\"bounds\":{\"lowerRight\":{\"x\":172.0,\"y\":212.0},\"upperLeft\":{\"x\":128.0,\"y\":212.0}},\"resourceId\":\"sid-3FF70611-DFDD-4751-AB8F-40EE394F864E\",\"childShapes\":[],\"stencil\":{\"id\":\"SequenceFlow\"},\"dockers\":[{\"x\":15.0,\"y\":15.0},{\"x\":50.0,\"y\":40.0}],\"outgoing\":[{\"resourceId\":\"sid-F91ED1B0-7CD2-4D72-957F-CE2DC1B7476A\"}],\"target\":{\"resourceId\":\"sid-F91ED1B0-7CD2-4D72-957F-CE2DC1B7476A\"},\"properties\":{\"overrideid\":\"sid-3FF70611-DFDD-4751-AB8F-40EE394F864E\"}},{\"bounds\":{\"lowerRight\":{\"x\":648.25,\"y\":235.0},\"upperLeft\":{\"x\":548.25,\"y\":155.0}},\"resourceId\":\"sid-EBD854C8-ACA4-4DEE-B6AE-92D43D6799E4\",\"childShapes\":[],\"stencil\":{\"id\":\"UserTask\"},\"properties\":{\"overrideid\":\"sid-EBD854C8-ACA4-4DEE-B6AE-92D43D6799E4\",\"asynchronousdefinition\":false,\"exclusivedefinition\":false,\"tasklisteners\":{\"taskListeners\":[]},\"executionlisteners\":{\"executionListeners\":[]}},\"outgoing\":[{\"resourceId\":\"sid-08075913-5D35-4022-BBCE-FC7FD97BE66E\"}]},{\"bounds\":{\"lowerRight\":{\"x\":172.0,\"y\":212.0},\"upperLeft\":{\"x\":128.0,\"y\":212.0}},\"resourceId\":\"sid-28E49A46-70E8-4F29-A725-E22B7A696F00\",\"childShapes\":[],\"stencil\":{\"id\":\"SequenceFlow\"},\"dockers\":[{\"x\":50.0,\"y\":40.0},{\"x\":50.0,\"y\":40.0}],\"outgoing\":[{\"resourceId\":\"sid-EBD854C8-ACA4-4DEE-B6AE-92D43D6799E4\"}],\"target\":{\"resourceId\":\"sid-EBD854C8-ACA4-4DEE-B6AE-92D43D6799E4\"},\"properties\":{\"overrideid\":\"sid-28E49A46-70E8-4F29-A725-E22B7A696F00\"}},{\"bounds\":{\"lowerRight\":{\"x\":721.25,\"y\":209.0},\"upperLeft\":{\"x\":693.25,\"y\":181.0}},\"resourceId\":\"sid-3547AD46-01F3-4454-950E-207DC411602E\",\"childShapes\":[],\"stencil\":{\"id\":\"EndNoneEvent\"},\"properties\":{\"overrideid\":\"sid-3547AD46-01F3-4454-950E-207DC411602E\"},\"outgoing\":[]},{\"bounds\":{\"lowerRight\":{\"x\":172.0,\"y\":212.0},\"upperLeft\":{\"x\":128.0,\"y\":212.0}},\"resourceId\":\"sid-08075913-5D35-4022-BBCE-FC7FD97BE66E\",\"childShapes\":[],\"stencil\":{\"id\":\"SequenceFlow\"},\"dockers\":[{\"x\":50.0,\"y\":40.0},{\"x\":14.0,\"y\":14.0}],\"outgoing\":[{\"resourceId\":\"sid-3547AD46-01F3-4454-950E-207DC411602E\"}],\"target\":{\"resourceId\":\"sid-3547AD46-01F3-4454-950E-207DC411602E\"},\"properties\":{\"overrideid\":\"sid-08075913-5D35-4022-BBCE-FC7FD97BE66E\"}}]}',NULL),('85016',1,'hist.var-users',NULL,'\0sr\0\Zjava.util.Arrays$ArrayList٤<͈\0[\0at\0[Ljava/lang/Object;xpur\0[Ljava.lang.String;V{G\0\0xp\0\0\0t\0 026a564bbfd84861ac4b65393644beef',NULL),('85034',1,'var-users',NULL,'\0sr\0\Zjava.util.Arrays$ArrayList٤<͈\0[\0at\0[Ljava/lang/Object;xpur\0[Ljava.lang.String;V{G\0\0xp\0\0\0t\0 026a564bbfd84861ac4b65393644beef',NULL),('85036',1,'hist.var-users',NULL,'\0sr\0\Zjava.util.Arrays$ArrayList٤<͈\0[\0at\0[Ljava/lang/Object;xpur\0[Ljava.lang.String;V{G\0\0xp\0\0\0t\0 026a564bbfd84861ac4b65393644beef',NULL),('85050',1,'1ecc61b2-9119-11e7-b720-005056c00001.bpmn20.xml','85049','<?xml version=\"1.0\" encoding=\"UTF-8\"?>\n<definitions xmlns=\"http://www.omg.org/spec/BPMN/20100524/MODEL\" xmlns:xsi=\"http://www.w3.org/2001/XMLSchema-instance\" xmlns:xsd=\"http://www.w3.org/2001/XMLSchema\" xmlns:activiti=\"http://activiti.org/bpmn\" xmlns:bpmndi=\"http://www.omg.org/spec/BPMN/20100524/DI\" xmlns:omgdc=\"http://www.omg.org/spec/DD/20100524/DC\" xmlns:omgdi=\"http://www.omg.org/spec/DD/20100524/DI\" typeLanguage=\"http://www.w3.org/2001/XMLSchema\" expressionLanguage=\"http://www.w3.org/1999/XPath\" targetNamespace=\"http://www.activiti.org/processdef\">\n  <process id=\"leave\" name=\"请假demo\" isExecutable=\"true\">\n    <startEvent id=\"sid-3FB28E77-7DD7-4781-8F8B-2CFFEF5591F8\"></startEvent>\n    <userTask id=\"sid-10687E45-2376-4709-9E4A-782EA48196A2\" name=\"拟稿\"></userTask>\n    <sequenceFlow id=\"sid-B5E24F7D-6B4B-41DB-8D4E-37D1A82C02FE\" sourceRef=\"sid-3FB28E77-7DD7-4781-8F8B-2CFFEF5591F8\" targetRef=\"sid-10687E45-2376-4709-9E4A-782EA48196A2\"></sequenceFlow>\n    <userTask id=\"sid-9386E495-F7E3-4D58-B943-CBB4A1A34D7B\" name=\"会签\"></userTask>\n    <sequenceFlow id=\"sid-80397446-D2F0-4B46-98F0-6440C1633198\" sourceRef=\"sid-10687E45-2376-4709-9E4A-782EA48196A2\" targetRef=\"sid-9386E495-F7E3-4D58-B943-CBB4A1A34D7B\"></sequenceFlow>\n    <userTask id=\"sid-7D994D6E-7B22-4548-9FD2-AF6877A6CB90\" name=\"直接上级\"></userTask>\n    <sequenceFlow id=\"sid-22994FA6-56B4-4175-A82F-66D23E9AF477\" sourceRef=\"sid-9386E495-F7E3-4D58-B943-CBB4A1A34D7B\" targetRef=\"sid-7D994D6E-7B22-4548-9FD2-AF6877A6CB90\"></sequenceFlow>\n    <exclusiveGateway id=\"sid-25B22FF9-69FD-45DE-9C94-64BAA35C8F34\"></exclusiveGateway>\n    <sequenceFlow id=\"sid-57C83DFF-8061-4C6C-BFD1-BECC44AB5B6E\" sourceRef=\"sid-7D994D6E-7B22-4548-9FD2-AF6877A6CB90\" targetRef=\"sid-25B22FF9-69FD-45DE-9C94-64BAA35C8F34\"></sequenceFlow>\n    <userTask id=\"sid-7BE97040-9CC7-4BEE-B04F-03FF2E5F478F\" name=\"部门经理\"></userTask>\n    <userTask id=\"sid-DF161339-F813-4B41-8DB9-7CAEF3919980\" name=\"人事部\"></userTask>\n    <endEvent id=\"sid-CC1914F3-E618-4028-9EAF-DE447F0F82C7\"></endEvent>\n    <sequenceFlow id=\"sid-47124E3F-A8D0-4DA1-B0BE-469A26764340\" sourceRef=\"sid-7BE97040-9CC7-4BEE-B04F-03FF2E5F478F\" targetRef=\"sid-CC1914F3-E618-4028-9EAF-DE447F0F82C7\"></sequenceFlow>\n    <sequenceFlow id=\"sid-CB77EF93-7C63-487A-9CB7-3462EB155AE0\" sourceRef=\"sid-DF161339-F813-4B41-8DB9-7CAEF3919980\" targetRef=\"sid-CC1914F3-E618-4028-9EAF-DE447F0F82C7\"></sequenceFlow>\n    <sequenceFlow id=\"sid-5FCEA01A-5210-449F-82AA-28AEEE3478EF\" name=\"天数&gt;3\" sourceRef=\"sid-25B22FF9-69FD-45DE-9C94-64BAA35C8F34\" targetRef=\"sid-7BE97040-9CC7-4BEE-B04F-03FF2E5F478F\">\n      <conditionExpression xsi:type=\"tFormalExpression\"><![CDATA[${day>3}]]></conditionExpression>\n    </sequenceFlow>\n    <sequenceFlow id=\"sid-58BC8202-1E1A-4A19-B71B-2DD134D64DA4\" name=\"天数&lt;3\" sourceRef=\"sid-25B22FF9-69FD-45DE-9C94-64BAA35C8F34\" targetRef=\"sid-DF161339-F813-4B41-8DB9-7CAEF3919980\">\n      <conditionExpression xsi:type=\"tFormalExpression\"><![CDATA[${day<3}]]></conditionExpression>\n    </sequenceFlow>\n  </process>\n  <bpmndi:BPMNDiagram id=\"BPMNDiagram_leave\">\n    <bpmndi:BPMNPlane bpmnElement=\"leave\" id=\"BPMNPlane_leave\">\n      <bpmndi:BPMNShape bpmnElement=\"sid-3FB28E77-7DD7-4781-8F8B-2CFFEF5591F8\" id=\"BPMNShape_sid-3FB28E77-7DD7-4781-8F8B-2CFFEF5591F8\">\n        <omgdc:Bounds height=\"30.0\" width=\"30.0\" x=\"54.25\" y=\"370.0\"></omgdc:Bounds>\n      </bpmndi:BPMNShape>\n      <bpmndi:BPMNShape bpmnElement=\"sid-10687E45-2376-4709-9E4A-782EA48196A2\" id=\"BPMNShape_sid-10687E45-2376-4709-9E4A-782EA48196A2\">\n        <omgdc:Bounds height=\"80.0\" width=\"100.0\" x=\"129.25\" y=\"345.0\"></omgdc:Bounds>\n      </bpmndi:BPMNShape>\n      <bpmndi:BPMNShape bpmnElement=\"sid-9386E495-F7E3-4D58-B943-CBB4A1A34D7B\" id=\"BPMNShape_sid-9386E495-F7E3-4D58-B943-CBB4A1A34D7B\">\n        <omgdc:Bounds height=\"80.0\" width=\"100.0\" x=\"274.25\" y=\"345.0\"></omgdc:Bounds>\n      </bpmndi:BPMNShape>\n      <bpmndi:BPMNShape bpmnElement=\"sid-7D994D6E-7B22-4548-9FD2-AF6877A6CB90\" id=\"BPMNShape_sid-7D994D6E-7B22-4548-9FD2-AF6877A6CB90\">\n        <omgdc:Bounds height=\"80.0\" width=\"100.0\" x=\"419.25\" y=\"345.0\"></omgdc:Bounds>\n      </bpmndi:BPMNShape>\n      <bpmndi:BPMNShape bpmnElement=\"sid-25B22FF9-69FD-45DE-9C94-64BAA35C8F34\" id=\"BPMNShape_sid-25B22FF9-69FD-45DE-9C94-64BAA35C8F34\">\n        <omgdc:Bounds height=\"40.0\" width=\"40.0\" x=\"564.25\" y=\"365.0\"></omgdc:Bounds>\n      </bpmndi:BPMNShape>\n      <bpmndi:BPMNShape bpmnElement=\"sid-7BE97040-9CC7-4BEE-B04F-03FF2E5F478F\" id=\"BPMNShape_sid-7BE97040-9CC7-4BEE-B04F-03FF2E5F478F\">\n        <omgdc:Bounds height=\"80.0\" width=\"100.0\" x=\"660.0\" y=\"300.0\"></omgdc:Bounds>\n      </bpmndi:BPMNShape>\n      <bpmndi:BPMNShape bpmnElement=\"sid-DF161339-F813-4B41-8DB9-7CAEF3919980\" id=\"BPMNShape_sid-DF161339-F813-4B41-8DB9-7CAEF3919980\">\n        <omgdc:Bounds height=\"80.0\" width=\"100.0\" x=\"660.0\" y=\"405.0\"></omgdc:Bounds>\n      </bpmndi:BPMNShape>\n      <bpmndi:BPMNShape bpmnElement=\"sid-CC1914F3-E618-4028-9EAF-DE447F0F82C7\" id=\"BPMNShape_sid-CC1914F3-E618-4028-9EAF-DE447F0F82C7\">\n        <omgdc:Bounds height=\"28.0\" width=\"28.0\" x=\"915.0\" y=\"390.0\"></omgdc:Bounds>\n      </bpmndi:BPMNShape>\n      <bpmndi:BPMNEdge bpmnElement=\"sid-B5E24F7D-6B4B-41DB-8D4E-37D1A82C02FE\" id=\"BPMNEdge_sid-B5E24F7D-6B4B-41DB-8D4E-37D1A82C02FE\">\n        <omgdi:waypoint x=\"84.25\" y=\"385.0\"></omgdi:waypoint>\n        <omgdi:waypoint x=\"129.25\" y=\"385.0\"></omgdi:waypoint>\n      </bpmndi:BPMNEdge>\n      <bpmndi:BPMNEdge bpmnElement=\"sid-47124E3F-A8D0-4DA1-B0BE-469A26764340\" id=\"BPMNEdge_sid-47124E3F-A8D0-4DA1-B0BE-469A26764340\">\n        <omgdi:waypoint x=\"760.0\" y=\"340.0\"></omgdi:waypoint>\n        <omgdi:waypoint x=\"929.0\" y=\"340.0\"></omgdi:waypoint>\n        <omgdi:waypoint x=\"929.0\" y=\"390.0\"></omgdi:waypoint>\n      </bpmndi:BPMNEdge>\n      <bpmndi:BPMNEdge bpmnElement=\"sid-5FCEA01A-5210-449F-82AA-28AEEE3478EF\" id=\"BPMNEdge_sid-5FCEA01A-5210-449F-82AA-28AEEE3478EF\">\n        <omgdi:waypoint x=\"584.4697802197802\" y=\"365.2197802197802\"></omgdi:waypoint>\n        <omgdi:waypoint x=\"584.75\" y=\"340.0\"></omgdi:waypoint>\n        <omgdi:waypoint x=\"660.0\" y=\"340.0\"></omgdi:waypoint>\n      </bpmndi:BPMNEdge>\n      <bpmndi:BPMNEdge bpmnElement=\"sid-58BC8202-1E1A-4A19-B71B-2DD134D64DA4\" id=\"BPMNEdge_sid-58BC8202-1E1A-4A19-B71B-2DD134D64DA4\">\n        <omgdi:waypoint x=\"584.4152892561983\" y=\"404.8347107438017\"></omgdi:waypoint>\n        <omgdi:waypoint x=\"584.75\" y=\"445.0\"></omgdi:waypoint>\n        <omgdi:waypoint x=\"660.0\" y=\"445.0\"></omgdi:waypoint>\n      </bpmndi:BPMNEdge>\n      <bpmndi:BPMNEdge bpmnElement=\"sid-80397446-D2F0-4B46-98F0-6440C1633198\" id=\"BPMNEdge_sid-80397446-D2F0-4B46-98F0-6440C1633198\">\n        <omgdi:waypoint x=\"229.25\" y=\"385.0\"></omgdi:waypoint>\n        <omgdi:waypoint x=\"274.25\" y=\"385.0\"></omgdi:waypoint>\n      </bpmndi:BPMNEdge>\n      <bpmndi:BPMNEdge bpmnElement=\"sid-57C83DFF-8061-4C6C-BFD1-BECC44AB5B6E\" id=\"BPMNEdge_sid-57C83DFF-8061-4C6C-BFD1-BECC44AB5B6E\">\n        <omgdi:waypoint x=\"519.25\" y=\"385.0\"></omgdi:waypoint>\n        <omgdi:waypoint x=\"564.25\" y=\"385.0\"></omgdi:waypoint>\n      </bpmndi:BPMNEdge>\n      <bpmndi:BPMNEdge bpmnElement=\"sid-22994FA6-56B4-4175-A82F-66D23E9AF477\" id=\"BPMNEdge_sid-22994FA6-56B4-4175-A82F-66D23E9AF477\">\n        <omgdi:waypoint x=\"374.25\" y=\"385.0\"></omgdi:waypoint>\n        <omgdi:waypoint x=\"419.25\" y=\"385.0\"></omgdi:waypoint>\n      </bpmndi:BPMNEdge>\n      <bpmndi:BPMNEdge bpmnElement=\"sid-CB77EF93-7C63-487A-9CB7-3462EB155AE0\" id=\"BPMNEdge_sid-CB77EF93-7C63-487A-9CB7-3462EB155AE0\">\n        <omgdi:waypoint x=\"760.0\" y=\"435.6392694063927\"></omgdi:waypoint>\n        <omgdi:waypoint x=\"915.2390785633773\" y=\"406.5762455657604\"></omgdi:waypoint>\n      </bpmndi:BPMNEdge>\n    </bpmndi:BPMNPlane>\n  </bpmndi:BPMNDiagram>\n</definitions>',0),('85051',1,'1ecc61b2-9119-11e7-b720-005056c00001.leave.png','85049','PNG\r\n\Z\n\0\0\0\rIHDR\0\0\0\0\0\0\0\0\0*IDATxIZ׺ƚٺZZcMMV5:3\\1j4!4⍥^B-a	\n0` B  \".0᜙y~{3*\0\0\0\0\0\0\0\0\0\0\0\0\0\0\0\0\0\0\0\0\0\0\0\0\0\0\0\0\0\0\0\0\0\0\0\0\0\0\0\0\0\0\0\0\0\0\0\0\0\0\0\0\0\0\0\0\0\0\0\0\0\0\0\0\0\0\0\0\0\0\0\0\0\0\0\0\0\0\0\0\0\0\0\0\0\0\0\0\0\0\0\0\0\0\0\0\0\0\0\0\0\0\0\0\0\0\0\0\0\0\0\0\0\0\0\0\0\0\0\0\0\0\0\0\0\0\0\0\0\0\0\0\0\0\0\0\0\0\0\0\0\0\0\0\0\0\0\0\0\0\0\0\0\0\0\0\0\0\0\0\0\0\0\0\0\0\0\0\0\0\0\0\0\0\0\0\0\0\0\0\0\0\0\0\0\0\0\0\0\0\0\0\0\0\0\0\0\0\0\0\0\0\0\0\0\0\0\0\0\0\0\0\0\0\0\0\0\0\0\0\0\0\0\0\0\0\0\0\0\0\0\0\0\0\0\0\0\0\0\0\0\0\0\0\0\0\0\0\0\0\0\0\0\0\0\0\0\0\0\0\0\0\0\0\0\0\0\0\0\0\0\0\0\0\0\0\0\0\0\0\0\0\0\0\0\0\0\0\0\0\0\0\0\0\0\0\0\0\0\0\0\0\0\0\0\0\0\0\0\0\0\0\0\0\0\0\0\0\0\0\0\0\0\0\0\0\0\0\0\0\0\0\0\0\0\0\0\0\0\0\0\0\0\0\0\0\0\0\0\0\0\0\0\0\0\0\0\0\0\0\0\0\0\0\0\0\0\0\0\0\0\0\0\0\0\0\0\0\0\0\0\0\0\0\0\0\0\0\0\0\0\0\0\0\0\0\0\0\0\0\0\0\0\0\0\0\0\0\0\0\0\0\0\0\0\0\0\0\0\0\0\0\0\0\0\0\0\0\0\0\0\0\0\0\0\0\0\0\0\0\0\0\0\0\0\0\0\0\0\0\0\0\0\0\0\0\0\0\0\0\0\0\0\0\0\0\0\0\0\0\0\0\0\0\0\0\0\0\0\0\0\0\0\0\0\0\0\0\0\0\0\0\0\0\0\0\0\0\0\0\0\0\0\0\0\0\0\0\0\0\0\0\0\0\0\0\0\0\0\0\0\0\0\0\0\0\0\0\0\0\0\0\0\0\0\0\0\0\0\0\0\0\0\0\0\0\0\0\0\0\0\0\0\0\0\0\0\0\0\0\0\0\0\0\0\0\0\0\0\0\0\0\0\0\0\0\0\0\0\0\0\0\0\0\0\0\0\0\0\0\0\0\0\0\0\0\0\0\0\0\0\0\0\0\0\0\0\0\0\0\0\0\0\0\0\0\0\0\0\0\0\0\0\0\0\0\0\0\0\0\0\0\0\0\0\0\0\0\0\0\0\0\0\0\0\0\0\0\0\0\0\0\0\0\0\0\0\0\0\0\0\0\0\0\0\0\0\0\0\0\0\0\0\0\0\0\0\0\0\0\0\0\0\0\0\0\0\0\0\0\0\0\0\0\0\0\0\0\0\0\0\0\0\0\0\0\0\0\0\0\0\0\0\0\0\0\0\0\0\0\0\0\0\0\0\0\0\0\0\0\0\0\0\0\0\0\0\0\0\0\0\0\0\0\0\0\0\0\0\0\0\0\0\0\0\0\0\0\0\0\0\0\0\0\0\0\0\0\0\0\0\0\0\0\0\0\0\0\0\0\0\0\0\0\0\0\0\0\0\0\0\0\0\0\0\0\0\0\0\0\0\0\0\0\0\0\0\0\0\0\0\0\0\0\0\0\0\0\0\0\0\0\0\0\0\0\0\0\0\0\0\0\0\0\0\0\0\0\0\0\0\0\0\0\0\0\0\0\0\0\0\0\0\0\0\0\0\0\0\0\0\0\0\0\0\0\0\0\0\0\0\0\0\0\0\0\0\0\0\0\0\0\0\0\0\0\0\0\0\0\0\0\0\0\0\0\0\0\0\0\0\0\0\0\0\0\0\0\0\0\0\0\0\0\0\0\0\0\0\0\0\0\0\0\0\0\0\0\0\0\0\0\0\0\0\0\0\0\0\0\0\0\0\0\0\0\0\0\0\0\0\0\0\0\0\0\0\0\0\0\0\0\0\0\0\0\0\0\0\0\0\0\0\0\0\0\0\0\0\0\0\0\0\0\0\0\0\0\0\0\0\0\0\0\0\0\0\0\0\0\0\0\0\0\0\0\0\0\0\0\0\0\0\0\0\0\0\0\0\0\0\0\0\0\0\0\0\0\0\0\0\0\0\0\0\0\0\0\0\0\0\0\0\0\0\0\0\0\0\0\0\0\0\0\0\0\0\0\0\0\0\0\0\0\0\0\0\0\0\0\0\0\0\0\0\0\0\0\0\0\0\0\0\0\0\0\0\0\0\0\0\0\0\0\0\0\0\0\0\0\0\0\0\0\0\0\0\0\0\0Oʲ5kLZx볙3gYfe+@	\0\0\rp,Xm޼9{w!-[d۞\0\0bW-̙3WJ\0\0.]rJ\0\0.cB˲\n\0\08!woo,y4[1yO0r\0\0**֐-ndiSq_<&\n\0\0\0rׯ~\r+\nB.\0\0@ܕsjȍǄS!\0\0bB[\rp*\0\0J\0\0gSn-c©\0\0P1!w\Zr1T\0\0aY|ƨwUNc©\0\0P1!7j	ܸO0r\0\0*+ٓU9	B.\0\0@E\ZUǵzLn<P\\\0\0\r{dW^zVnQxY]!\0\0Bn{fu\\\0\0	mkVWXr\0\0&v5%\n\0\0\0er\0\0 *!\0\0@UB.\0\0+\0\0 \n\0\0\0Br\0\0\\%\0\0B.\0\0\0B\0\0 *!\0\0@UB.\0\0\\\0\0\0!W\0\0@r\0\0*KmmTr\\\0\0wUWeQvkjj>.\n\0\0\0rKjzK3B\0\0P!if4\nB.\0\0@ņҙ؍Yr\0w*=*li\0\0z8zKjjj.9~m6v}f/)SdG}t|xqի/8xI\'=3f߹sg6mڴls{j&\0O-dȝ7o^8<>Y{0[\'_ylΜ9g]qypݽ{w;ꨣ.`\0}ܸ;hzӦM矟=9u`<a#r{,\0XE5\"ر#[paӧOo\n1KlK?yȝ<yr}~{/| ŌoGy$_FЍB.x\00\0;C32A2ڵk֭k\n\\~>q_kci]lYgyfY۸9fv7{bֶE\'h\n٥dYf͚I/}}}}ƨzf͚͟?TCzHU\n#Lviٸq\ZO?!zٺukgrmۖEegqFV9E۷O|=~oۓ&M2c9b``lHxk˖-q4мR)=rEh@4.U3\rQlF]tis|]Gݧx<f\\K˲`6L+CJ	-W桲͸8TΆxnT|\'cncwv.vWS?;ft\\Kz{CJ	x*&csc5N_~.ܢ\"8ǙKlk!cwo3?G/3.!c&;7LzH!=d\0f,SF,>*9T̜Fm~oKmxSO=5ΥȍDZ~SNOBUa0x6L{{cfɣيY+n}6LzH!=d\0f,q2>ɍ\"6,f~\Z/,Fn[3˝yuR&\Zύ~=}*\n=2\03PaKl֯~ˢ6j\"!=X*gôrwZ\\c6(CzHK(0xb6Lgnup٠(zH!=d\0f,=K%!=x0YL[\\c6(CzHK(0xb6L~e<f\"!=X*fôaY|ƨwLc6(CzHK(0x6LkNop٘0!=u:c\rӞ=_p]}\rC`:c\rӎm\r٪Z=.ب(zH!=d\0f,=0ٓm\\=;{;[XωMPCz\0XBY{,eajol\rCzH!Z{,aȬI[)60CzH	:c)\rSWE(zH!=T.l]h ZAņI	(J!=T>j[\Z)X bä[ۘ\"Z bäX bä*Kdk[l̘1[nŋ>po\'?Sg0)&=\0kF:l!=cGsĈُlYCCC{,r/=Y<_ꛩF0)&=>]չ>_Uarɓ\'U\novmy}z;ホoy5\\6LʆI!=*>^҅!Z 䖅{l?:ujms>l/~2kdäR}l]l{M2onlժUف6~w0)E!=*F{\'#*0B.C}o =ɩ\r&%CzHUL=P\Zѵ[Ay>YÇmiFkY[[φI	(J!=T4C4.;9u:BnϺ뮻1S{چI	(J!=TpqѠ[__o)ڝR\0Bn/q뭷~{eۗrCep\ZgbH-\rE\r.yO;qWCCSi^)	 R_׷ez²e˲/|/	J@QzH顲Zl)t[zgѝ={s}7e:t3pg͚.Օ\0Bn/8Tw.Y]wry\rjkkgCzHj#^؉Rhmtܮ)X]zgI*=zu_)RvjvjWOoMA\'$Q1@CzHbl/v6-UκgVM/;bȑ/^ܣ!7v<xs60(-}\ZnpipRC-܎Zb-.˧rwyy:{gƍ=\ZrXOKzH!U=ŀV}@og~~Wݻ{4KIR!=*?sRNmt/4:xm%fq;Q<:1.̓;vT߬Rzsusfp_m;kYjܽA=3?kO|$\ZԤ\'tRvE5}m۶1px;w̦M;6;NMf̘aPiqm>gΜ9b.1cƘ=4eʔ=5jT֭{:w#Gl9-ʟ~,.y\r<8k6z)wg&#5Ў=,n7>CqLnmmmC*%uQ_4X,BȦMߟ?Vb.ix饗6.\rJ\"}\r$xGsm#FoE>N8!]ށqM[fԧz\'Ȟ~cm3nܸP>w{$P:8v%:&`ߐcq}Y_җٕӠi}k^Eq@wks@HFׯ_v=䃍-[_|qի&Lȗ1X|gq>CEEX(BCUܞ7o~ϋb-(]K6l8} o/8}GdSNmzn|Q<̎;؊\0:|vl[!wy]tim,oV=N,;:xj2A-]3AٕZ~_Ϗ57pÝ={2>:m}]=cYb\0X:_?#M%}#μWPHVZ@T3/하R~`Zzz{Ca-=U3Mϛ8qbҊpZȍ)އ=\"p-ܲ^+ыPutw֜Y:\0|$ߘ\'Zjg㇗Sm܅xW/u]ﱐ;tІJ{*a.Bl~_惌3xAcu1#n#F1P\'?) =~WOSNɏ.`r)$1_=ܗ_~9_O>3fRU]..iMaذaK^x	?K?:s@31:t>)1+c{ccz\Zƀ4fc\ZG`Pzwi]OjZU:5iҤ=[u1OCҞh|vU%47Ź:BiWBn;}MoFWxx[[ݎ	@~)>3/3f+|lW_R?u(FH^:+Lǭ-_i04nc$U1cRո{glc4\'OƇ$7@x|@R\nCɝ++U%E.g/>D{7E.up[\n}ZMMUuuu_\ZX}fϞ;３544c/4hPìn+ҋ0\rZ̀ϋO*J]1z>81U1Wzv!7UvyPznĉ|Ehji()箻j]w]8Gc[_A;+ȜviyǇ|zz[AdT#s @$Kml\'\n4cx~|_iM?^fb|Ȑ!oZL7Y[WWfzUkT%4<oMki\0Y.\r1x=sN(Ǻ;!3BlN,\0qXN\nD(~+VvgK.N|o2fKˊSIr7˸,QeQ?o-Bs[\'I|qBbW{z˚upU/{}^p*\r1Yۮۚ]3-^{~Q6m8p\rWJ@_O:\\i@d*vYٔK	(}F}yx]c\"PGgݍb./j|M$Î8+wEP-><+Me*><Pvf=]-\n\rЧĤb.ʣFj%b?f̘.jzW=wժU+\"\0Jm*aWӾTJë!A3@EJwVnwnim6݂@\'\r8vS\\\Z\\!=T\nEN[znWwQnkct܊SZϼk__dɦμ?\r2S4]npipR},:B\"]ÓO>i6aOIuw߽dnHv޽7^]vqߦ|[ߚ5pƋ\ZzeKK=r[ZHqm{qfWc9#ҋ5)T_XO55խ44CzH>\Zr;\\L#eFO\07sرutKB^}.\r.CJmۅ6\"A$a<Ν{PCKCT>zH!%䶯](rW@pҐޫCzH	].tCq\"xu9zH!%v>\'}Q\n℻555_K3[%3	zH!%v΅(	4<l͚5/^T֬Y翕uDnȽ4P7Kyfr1TCzHU LA\'D]`Ayf!-[d۞n,Ts\Z>cr1TCzH	R\netMJ]IW\r:lF}j+cpr{EٺSV^]I7|6R	(J!=$\ZK(06k\'_[p*YҪ}2qH1ng[n=(w۶m?(;>&&=2@rb5KVf^q;Y9\"1nOLaTFyuuuǦgZN3xĉJ}\'K\'1aCzH)d!,\Zύ~=}*Ǭ{akjj{٘TjCz[4*-Kˡ9Q]]G-8r鉞\"/+TALcpiäRBnyWt[ԆS{a #S =+g}1-S|\'-צ\'娴4œ;swEOg[C-r.\'\rW~,nkK&=2@r{|^9;x̺gm\rg)bޣHi3կG|9/;*#RQFu;F3fLq;ҿ.҆I!=ܲYjȍǬ{aѣ?))OEgH57;-MNO6l7ŌnWw]k6k7e.mC\0YrT~8ߜBaE1kTϤ\ZlZTCKn\'#w,qcpRN҆I!=ܲ[lʭx̺gRX=!q)\\ٸNݔLT1ftOpݸܹsYbW%![pa}/2d_7҆I)=ܲ\\W/~!7Y{8m܅|6-7z+լox\"8FB]҆I)=ܲ^6,˖x̺gD\r:*s{u)(-]_ي蕍awogm:26LzH!e,V:vBngWE)ݑ#NjK\r?s^?^6J1no\\.U6LzH!e,:gO?Wt_<fݳ>PwToڜjFo^10TCzH	}l,c[CjVɍ9?!i`_6n*?jAA(ڝ6L{CJ	\"ٓm\\=;{;[\rEsfu܃hEZ/1jϧqGՂ\n77oQ(jhhx*mV!r+=7{kVW=XE+qR7hK..ڴ7v7^jٗΝ;7|s\rá9Y֥R)=[!#mZ\'܎<XoLTKdPWtQTcҀ$vQ7FJX!=+VWnQª\\7.xY<oR4^\'.񸬏\0\0\ZrUq\n.jkkWZ֧z+T}N˚?=z􇭁\0\0 \nBnYHA}2כT/4^{tߓiy{]]	4\0\0r\\!Ljjj/՚ݍ\ZJ;Z\0\0B\"6d}mm퐴.ݛS5_ۧ\0\0\\!WM:t蟦)~)75xEZmg\0\0+䪲	ih\n^\';iTOtY)\0\0\\!WEȭHbO˹)nK\r62=?d\r\0\0\0!WUerS=%Sx}<-_L+K&<N\0+r	XS`i9%պTS-H5.յ)ǋ.]\r\0\0Bʢ}٬פr~SiZ~3-?1\0\0Zv\r\Z!wY	iyKmmT\0[qs_\0\0@r]\0\0r\\!W\0\0rW[[;3\'\\!\0\0r{aB\0\0rKjzK3B\0\0rfvKî+\0\0Bnņҙ؍Yr\0w\\!\0\0K;y\ZrӟuSLN9ܱc*}˅\\\0\0\nB9?vޝ}y\r<8\'xb^q;GƆ\r7o^~wߝOg7h\'Nr\0\08.y{ǷΝ;իWg\\p~!wҤIY~y;6}=}?\'+r\0\0/8s[	!7fj#|qm>/lb<wq_bpߵk׭[rc~z!\0\0c]hQ:=<N:)!O\'qi7.;ꨣgy&;x>B.\0\0{Pǝ3gN~]lP[恶ؽm<oƌMP,\0\0[\'*=ܳsbw.(N<5rlĈgK޾}~vٲelʉ\0\0\0=_0a>A8jڴi-ܖɍO9sfzcs.]~_~Y\0\0rLmQ1\Z~JwQ.n܎Kŉv6۶mF{[zV؝^!\0\0CnN&OsX\r9fy㱱cv)Xǌp}!\0\0Cr\0\0\\!\0\0\0!W\0\0r\0\0 *!\0\0@r\0\0r\\\0\0\0!W	\0\0\0Br\0\0\\%\0\0B.\0\0\0B\0\0 *!\0\0@UB.\0\0+\0\0 \n\0\0\0Br\0\0\\%\0\0J\0\0r\\\0\0\0\\!\0\0@UB.\0\0\\\0\0\0!W\0\0@r\0\0\\%\0\0Tz|jw\n{u%\0\0@͟?͛2R]+\0\0hٗΝ;7|syfp#Κ5k]+u%\0\0@7`u̙3ĮqL}\0\0\0\0\0\0\0\0\0\0\0\0\0\0\0\0\0\0\0\0\0\0\0\0\0\0\0\0\0\0\0\0\0?>\0|%\0\0\0\0IENDB`',1),('85054',1,'1ecc61b2-9119-11e7-b720-005056c00001.bpmn20.xml','85053','<?xml version=\"1.0\" encoding=\"UTF-8\"?>\n<definitions xmlns=\"http://www.omg.org/spec/BPMN/20100524/MODEL\" xmlns:xsi=\"http://www.w3.org/2001/XMLSchema-instance\" xmlns:xsd=\"http://www.w3.org/2001/XMLSchema\" xmlns:activiti=\"http://activiti.org/bpmn\" xmlns:bpmndi=\"http://www.omg.org/spec/BPMN/20100524/DI\" xmlns:omgdc=\"http://www.omg.org/spec/DD/20100524/DC\" xmlns:omgdi=\"http://www.omg.org/spec/DD/20100524/DI\" typeLanguage=\"http://www.w3.org/2001/XMLSchema\" expressionLanguage=\"http://www.w3.org/1999/XPath\" targetNamespace=\"http://www.activiti.org/processdef\">\n  <process id=\"leave\" name=\"请假demo\" isExecutable=\"true\">\n    <startEvent id=\"sid-3FB28E77-7DD7-4781-8F8B-2CFFEF5591F8\"></startEvent>\n    <userTask id=\"sid-10687E45-2376-4709-9E4A-782EA48196A2\" name=\"拟稿\"></userTask>\n    <sequenceFlow id=\"sid-B5E24F7D-6B4B-41DB-8D4E-37D1A82C02FE\" sourceRef=\"sid-3FB28E77-7DD7-4781-8F8B-2CFFEF5591F8\" targetRef=\"sid-10687E45-2376-4709-9E4A-782EA48196A2\"></sequenceFlow>\n    <userTask id=\"sid-9386E495-F7E3-4D58-B943-CBB4A1A34D7B\" name=\"会签\"></userTask>\n    <sequenceFlow id=\"sid-80397446-D2F0-4B46-98F0-6440C1633198\" sourceRef=\"sid-10687E45-2376-4709-9E4A-782EA48196A2\" targetRef=\"sid-9386E495-F7E3-4D58-B943-CBB4A1A34D7B\"></sequenceFlow>\n    <userTask id=\"sid-7D994D6E-7B22-4548-9FD2-AF6877A6CB90\" name=\"直接上级\"></userTask>\n    <sequenceFlow id=\"sid-22994FA6-56B4-4175-A82F-66D23E9AF477\" sourceRef=\"sid-9386E495-F7E3-4D58-B943-CBB4A1A34D7B\" targetRef=\"sid-7D994D6E-7B22-4548-9FD2-AF6877A6CB90\"></sequenceFlow>\n    <exclusiveGateway id=\"sid-25B22FF9-69FD-45DE-9C94-64BAA35C8F34\"></exclusiveGateway>\n    <sequenceFlow id=\"sid-57C83DFF-8061-4C6C-BFD1-BECC44AB5B6E\" sourceRef=\"sid-7D994D6E-7B22-4548-9FD2-AF6877A6CB90\" targetRef=\"sid-25B22FF9-69FD-45DE-9C94-64BAA35C8F34\"></sequenceFlow>\n    <userTask id=\"sid-7BE97040-9CC7-4BEE-B04F-03FF2E5F478F\" name=\"部门经理\"></userTask>\n    <userTask id=\"sid-DF161339-F813-4B41-8DB9-7CAEF3919980\" name=\"人事部\"></userTask>\n    <endEvent id=\"sid-CC1914F3-E618-4028-9EAF-DE447F0F82C7\"></endEvent>\n    <sequenceFlow id=\"sid-47124E3F-A8D0-4DA1-B0BE-469A26764340\" sourceRef=\"sid-7BE97040-9CC7-4BEE-B04F-03FF2E5F478F\" targetRef=\"sid-CC1914F3-E618-4028-9EAF-DE447F0F82C7\"></sequenceFlow>\n    <sequenceFlow id=\"sid-CB77EF93-7C63-487A-9CB7-3462EB155AE0\" sourceRef=\"sid-DF161339-F813-4B41-8DB9-7CAEF3919980\" targetRef=\"sid-CC1914F3-E618-4028-9EAF-DE447F0F82C7\"></sequenceFlow>\n    <sequenceFlow id=\"sid-5FCEA01A-5210-449F-82AA-28AEEE3478EF\" name=\"天数&gt;3\" sourceRef=\"sid-25B22FF9-69FD-45DE-9C94-64BAA35C8F34\" targetRef=\"sid-7BE97040-9CC7-4BEE-B04F-03FF2E5F478F\">\n      <conditionExpression xsi:type=\"tFormalExpression\"><![CDATA[${day>3}]]></conditionExpression>\n    </sequenceFlow>\n    <sequenceFlow id=\"sid-58BC8202-1E1A-4A19-B71B-2DD134D64DA4\" name=\"天数&lt;3\" sourceRef=\"sid-25B22FF9-69FD-45DE-9C94-64BAA35C8F34\" targetRef=\"sid-DF161339-F813-4B41-8DB9-7CAEF3919980\">\n      <conditionExpression xsi:type=\"tFormalExpression\"><![CDATA[${day<3}]]></conditionExpression>\n    </sequenceFlow>\n  </process>\n  <bpmndi:BPMNDiagram id=\"BPMNDiagram_leave\">\n    <bpmndi:BPMNPlane bpmnElement=\"leave\" id=\"BPMNPlane_leave\">\n      <bpmndi:BPMNShape bpmnElement=\"sid-3FB28E77-7DD7-4781-8F8B-2CFFEF5591F8\" id=\"BPMNShape_sid-3FB28E77-7DD7-4781-8F8B-2CFFEF5591F8\">\n        <omgdc:Bounds height=\"30.0\" width=\"30.0\" x=\"54.25\" y=\"370.0\"></omgdc:Bounds>\n      </bpmndi:BPMNShape>\n      <bpmndi:BPMNShape bpmnElement=\"sid-10687E45-2376-4709-9E4A-782EA48196A2\" id=\"BPMNShape_sid-10687E45-2376-4709-9E4A-782EA48196A2\">\n        <omgdc:Bounds height=\"80.0\" width=\"100.0\" x=\"129.25\" y=\"345.0\"></omgdc:Bounds>\n      </bpmndi:BPMNShape>\n      <bpmndi:BPMNShape bpmnElement=\"sid-9386E495-F7E3-4D58-B943-CBB4A1A34D7B\" id=\"BPMNShape_sid-9386E495-F7E3-4D58-B943-CBB4A1A34D7B\">\n        <omgdc:Bounds height=\"80.0\" width=\"100.0\" x=\"274.25\" y=\"345.0\"></omgdc:Bounds>\n      </bpmndi:BPMNShape>\n      <bpmndi:BPMNShape bpmnElement=\"sid-7D994D6E-7B22-4548-9FD2-AF6877A6CB90\" id=\"BPMNShape_sid-7D994D6E-7B22-4548-9FD2-AF6877A6CB90\">\n        <omgdc:Bounds height=\"80.0\" width=\"100.0\" x=\"419.25\" y=\"345.0\"></omgdc:Bounds>\n      </bpmndi:BPMNShape>\n      <bpmndi:BPMNShape bpmnElement=\"sid-25B22FF9-69FD-45DE-9C94-64BAA35C8F34\" id=\"BPMNShape_sid-25B22FF9-69FD-45DE-9C94-64BAA35C8F34\">\n        <omgdc:Bounds height=\"40.0\" width=\"40.0\" x=\"564.25\" y=\"365.0\"></omgdc:Bounds>\n      </bpmndi:BPMNShape>\n      <bpmndi:BPMNShape bpmnElement=\"sid-7BE97040-9CC7-4BEE-B04F-03FF2E5F478F\" id=\"BPMNShape_sid-7BE97040-9CC7-4BEE-B04F-03FF2E5F478F\">\n        <omgdc:Bounds height=\"80.0\" width=\"100.0\" x=\"660.0\" y=\"300.0\"></omgdc:Bounds>\n      </bpmndi:BPMNShape>\n      <bpmndi:BPMNShape bpmnElement=\"sid-DF161339-F813-4B41-8DB9-7CAEF3919980\" id=\"BPMNShape_sid-DF161339-F813-4B41-8DB9-7CAEF3919980\">\n        <omgdc:Bounds height=\"80.0\" width=\"100.0\" x=\"660.0\" y=\"405.0\"></omgdc:Bounds>\n      </bpmndi:BPMNShape>\n      <bpmndi:BPMNShape bpmnElement=\"sid-CC1914F3-E618-4028-9EAF-DE447F0F82C7\" id=\"BPMNShape_sid-CC1914F3-E618-4028-9EAF-DE447F0F82C7\">\n        <omgdc:Bounds height=\"28.0\" width=\"28.0\" x=\"915.0\" y=\"390.0\"></omgdc:Bounds>\n      </bpmndi:BPMNShape>\n      <bpmndi:BPMNEdge bpmnElement=\"sid-B5E24F7D-6B4B-41DB-8D4E-37D1A82C02FE\" id=\"BPMNEdge_sid-B5E24F7D-6B4B-41DB-8D4E-37D1A82C02FE\">\n        <omgdi:waypoint x=\"84.25\" y=\"385.0\"></omgdi:waypoint>\n        <omgdi:waypoint x=\"129.25\" y=\"385.0\"></omgdi:waypoint>\n      </bpmndi:BPMNEdge>\n      <bpmndi:BPMNEdge bpmnElement=\"sid-47124E3F-A8D0-4DA1-B0BE-469A26764340\" id=\"BPMNEdge_sid-47124E3F-A8D0-4DA1-B0BE-469A26764340\">\n        <omgdi:waypoint x=\"760.0\" y=\"340.0\"></omgdi:waypoint>\n        <omgdi:waypoint x=\"929.0\" y=\"340.0\"></omgdi:waypoint>\n        <omgdi:waypoint x=\"929.0\" y=\"390.0\"></omgdi:waypoint>\n      </bpmndi:BPMNEdge>\n      <bpmndi:BPMNEdge bpmnElement=\"sid-5FCEA01A-5210-449F-82AA-28AEEE3478EF\" id=\"BPMNEdge_sid-5FCEA01A-5210-449F-82AA-28AEEE3478EF\">\n        <omgdi:waypoint x=\"584.4697802197802\" y=\"365.2197802197802\"></omgdi:waypoint>\n        <omgdi:waypoint x=\"584.75\" y=\"340.0\"></omgdi:waypoint>\n        <omgdi:waypoint x=\"660.0\" y=\"340.0\"></omgdi:waypoint>\n      </bpmndi:BPMNEdge>\n      <bpmndi:BPMNEdge bpmnElement=\"sid-58BC8202-1E1A-4A19-B71B-2DD134D64DA4\" id=\"BPMNEdge_sid-58BC8202-1E1A-4A19-B71B-2DD134D64DA4\">\n        <omgdi:waypoint x=\"584.4152892561983\" y=\"404.8347107438017\"></omgdi:waypoint>\n        <omgdi:waypoint x=\"584.75\" y=\"445.0\"></omgdi:waypoint>\n        <omgdi:waypoint x=\"660.0\" y=\"445.0\"></omgdi:waypoint>\n      </bpmndi:BPMNEdge>\n      <bpmndi:BPMNEdge bpmnElement=\"sid-80397446-D2F0-4B46-98F0-6440C1633198\" id=\"BPMNEdge_sid-80397446-D2F0-4B46-98F0-6440C1633198\">\n        <omgdi:waypoint x=\"229.25\" y=\"385.0\"></omgdi:waypoint>\n        <omgdi:waypoint x=\"274.25\" y=\"385.0\"></omgdi:waypoint>\n      </bpmndi:BPMNEdge>\n      <bpmndi:BPMNEdge bpmnElement=\"sid-57C83DFF-8061-4C6C-BFD1-BECC44AB5B6E\" id=\"BPMNEdge_sid-57C83DFF-8061-4C6C-BFD1-BECC44AB5B6E\">\n        <omgdi:waypoint x=\"519.25\" y=\"385.0\"></omgdi:waypoint>\n        <omgdi:waypoint x=\"564.25\" y=\"385.0\"></omgdi:waypoint>\n      </bpmndi:BPMNEdge>\n      <bpmndi:BPMNEdge bpmnElement=\"sid-22994FA6-56B4-4175-A82F-66D23E9AF477\" id=\"BPMNEdge_sid-22994FA6-56B4-4175-A82F-66D23E9AF477\">\n        <omgdi:waypoint x=\"374.25\" y=\"385.0\"></omgdi:waypoint>\n        <omgdi:waypoint x=\"419.25\" y=\"385.0\"></omgdi:waypoint>\n      </bpmndi:BPMNEdge>\n      <bpmndi:BPMNEdge bpmnElement=\"sid-CB77EF93-7C63-487A-9CB7-3462EB155AE0\" id=\"BPMNEdge_sid-CB77EF93-7C63-487A-9CB7-3462EB155AE0\">\n        <omgdi:waypoint x=\"760.0\" y=\"435.6392694063927\"></omgdi:waypoint>\n        <omgdi:waypoint x=\"915.2390785633773\" y=\"406.5762455657604\"></omgdi:waypoint>\n      </bpmndi:BPMNEdge>\n    </bpmndi:BPMNPlane>\n  </bpmndi:BPMNDiagram>\n</definitions>',0),('85055',1,'1ecc61b2-9119-11e7-b720-005056c00001.leave.png','85053','PNG\r\n\Z\n\0\0\0\rIHDR\0\0\0\0\0\0\0\0\0*IDATxIZ׺ƚٺZZcMMV5:3\\1j4!4⍥^B-a	\n0` B  \".0᜙y~{3*\0\0\0\0\0\0\0\0\0\0\0\0\0\0\0\0\0\0\0\0\0\0\0\0\0\0\0\0\0\0\0\0\0\0\0\0\0\0\0\0\0\0\0\0\0\0\0\0\0\0\0\0\0\0\0\0\0\0\0\0\0\0\0\0\0\0\0\0\0\0\0\0\0\0\0\0\0\0\0\0\0\0\0\0\0\0\0\0\0\0\0\0\0\0\0\0\0\0\0\0\0\0\0\0\0\0\0\0\0\0\0\0\0\0\0\0\0\0\0\0\0\0\0\0\0\0\0\0\0\0\0\0\0\0\0\0\0\0\0\0\0\0\0\0\0\0\0\0\0\0\0\0\0\0\0\0\0\0\0\0\0\0\0\0\0\0\0\0\0\0\0\0\0\0\0\0\0\0\0\0\0\0\0\0\0\0\0\0\0\0\0\0\0\0\0\0\0\0\0\0\0\0\0\0\0\0\0\0\0\0\0\0\0\0\0\0\0\0\0\0\0\0\0\0\0\0\0\0\0\0\0\0\0\0\0\0\0\0\0\0\0\0\0\0\0\0\0\0\0\0\0\0\0\0\0\0\0\0\0\0\0\0\0\0\0\0\0\0\0\0\0\0\0\0\0\0\0\0\0\0\0\0\0\0\0\0\0\0\0\0\0\0\0\0\0\0\0\0\0\0\0\0\0\0\0\0\0\0\0\0\0\0\0\0\0\0\0\0\0\0\0\0\0\0\0\0\0\0\0\0\0\0\0\0\0\0\0\0\0\0\0\0\0\0\0\0\0\0\0\0\0\0\0\0\0\0\0\0\0\0\0\0\0\0\0\0\0\0\0\0\0\0\0\0\0\0\0\0\0\0\0\0\0\0\0\0\0\0\0\0\0\0\0\0\0\0\0\0\0\0\0\0\0\0\0\0\0\0\0\0\0\0\0\0\0\0\0\0\0\0\0\0\0\0\0\0\0\0\0\0\0\0\0\0\0\0\0\0\0\0\0\0\0\0\0\0\0\0\0\0\0\0\0\0\0\0\0\0\0\0\0\0\0\0\0\0\0\0\0\0\0\0\0\0\0\0\0\0\0\0\0\0\0\0\0\0\0\0\0\0\0\0\0\0\0\0\0\0\0\0\0\0\0\0\0\0\0\0\0\0\0\0\0\0\0\0\0\0\0\0\0\0\0\0\0\0\0\0\0\0\0\0\0\0\0\0\0\0\0\0\0\0\0\0\0\0\0\0\0\0\0\0\0\0\0\0\0\0\0\0\0\0\0\0\0\0\0\0\0\0\0\0\0\0\0\0\0\0\0\0\0\0\0\0\0\0\0\0\0\0\0\0\0\0\0\0\0\0\0\0\0\0\0\0\0\0\0\0\0\0\0\0\0\0\0\0\0\0\0\0\0\0\0\0\0\0\0\0\0\0\0\0\0\0\0\0\0\0\0\0\0\0\0\0\0\0\0\0\0\0\0\0\0\0\0\0\0\0\0\0\0\0\0\0\0\0\0\0\0\0\0\0\0\0\0\0\0\0\0\0\0\0\0\0\0\0\0\0\0\0\0\0\0\0\0\0\0\0\0\0\0\0\0\0\0\0\0\0\0\0\0\0\0\0\0\0\0\0\0\0\0\0\0\0\0\0\0\0\0\0\0\0\0\0\0\0\0\0\0\0\0\0\0\0\0\0\0\0\0\0\0\0\0\0\0\0\0\0\0\0\0\0\0\0\0\0\0\0\0\0\0\0\0\0\0\0\0\0\0\0\0\0\0\0\0\0\0\0\0\0\0\0\0\0\0\0\0\0\0\0\0\0\0\0\0\0\0\0\0\0\0\0\0\0\0\0\0\0\0\0\0\0\0\0\0\0\0\0\0\0\0\0\0\0\0\0\0\0\0\0\0\0\0\0\0\0\0\0\0\0\0\0\0\0\0\0\0\0\0\0\0\0\0\0\0\0\0\0\0\0\0\0\0\0\0\0\0\0\0\0\0\0\0\0\0\0\0\0\0\0\0\0\0\0\0\0\0\0\0\0\0\0\0\0\0\0\0\0\0\0\0\0\0\0\0\0\0\0\0\0\0\0\0\0\0\0\0\0\0\0\0\0\0\0\0\0\0\0\0\0\0\0\0\0\0\0\0\0\0\0\0\0\0\0\0\0\0\0\0\0\0\0\0\0\0\0\0\0\0\0\0\0\0\0\0\0\0\0\0\0\0\0\0\0\0\0\0\0\0\0\0\0\0\0\0\0\0\0\0\0\0\0\0\0\0\0\0\0\0\0\0\0\0\0\0\0\0\0\0\0\0\0\0\0\0\0\0\0\0\0\0\0\0\0\0\0\0\0\0\0\0\0\0\0\0\0\0\0\0\0\0\0\0\0\0\0\0\0\0\0\0\0\0\0\0\0\0\0\0\0\0\0\0\0\0\0\0\0\0\0\0\0\0\0\0\0\0\0\0\0\0\0\0\0\0\0\0\0\0\0\0\0\0\0\0\0\0\0\0\0Oʲ5kLZx볙3gYfe+@	\0\0\rp,Xm޼9{w!-[d۞\0\0bW-̙3WJ\0\0.]rJ\0\0.cB˲\n\0\08!woo,y4[1yO0r\0\0**֐-ndiSq_<&\n\0\0\0rׯ~\r+\nB.\0\0@ܕsjȍǄS!\0\0bB[\rp*\0\0J\0\0gSn-c©\0\0P1!w\Zr1T\0\0aY|ƨwUNc©\0\0P1!7j	ܸO0r\0\0*+ٓU9	B.\0\0@E\ZUǵzLn<P\\\0\0\r{dW^zVnQxY]!\0\0Bn{fu\\\0\0	mkVWXr\0\0&v5%\n\0\0\0er\0\0 *!\0\0@UB.\0\0+\0\0 \n\0\0\0Br\0\0\\%\0\0B.\0\0\0B\0\0 *!\0\0@UB.\0\0\\\0\0\0!W\0\0@r\0\0*KmmTr\\\0\0wUWeQvkjj>.\n\0\0\0rKjzK3B\0\0P!if4\nB.\0\0@ņҙ؍Yr\0w*=*li\0\0z8zKjjj.9~m6v}f/)SdG}t|xqի/8xI\'=3f߹sg6mڴls{j&\0O-dȝ7o^8<>Y{0[\'_ylΜ9g]qypݽ{w;ꨣ.`\0}ܸ;hzӦM矟=9u`<a#r{,\0XE5\"ر#[paӧOo\n1KlK?yȝ<yr}~{/| ŌoGy$_FЍB.x\00\0;C32A2ڵk֭k\n\\~>q_kci]lYgyfY۸9fv7{bֶE\'h\n٥dYf͚I/}}}}ƨzf͚͟?TCzHU\n#Lviٸq\ZO?!zٺukgrmۖEegqFV9E۷O|=~oۓ&M2c9b``lHxk˖-q4мR)=rEh@4.U3\rQlF]tis|]Gݧx<f\\K˲`6L+CJ	-W桲͸8TΆxnT|\'cncwv.vWS?;ft\\Kz{CJ	x*&csc5N_~.ܢ\"8ǙKlk!cwo3?G/3.!c&;7LzH!=d\0f,SF,>*9T̜Fm~oKmxSO=5ΥȍDZ~SNOBUa0x6L{{cfɣيY+n}6LzH!=d\0f,q2>ɍ\"6,f~\Z/,Fn[3˝yuR&\Zύ~=}*\n=2\03PaKl֯~ˢ6j\"!=X*gôrwZ\\c6(CzHK(0xb6Lgnup٠(zH!=d\0f,=K%!=x0YL[\\c6(CzHK(0xb6L~e<f\"!=X*fôaY|ƨwLc6(CzHK(0x6LkNop٘0!=u:c\rӞ=_p]}\rC`:c\rӎm\r٪Z=.ب(zH!=d\0f,=0ٓm\\=;{;[XωMPCz\0XBY{,eajol\rCzH!Z{,aȬI[)60CzH	:c)\rSWE(zH!=T.l]h ZAņI	(J!=T>j[\Z)X bä[ۘ\"Z bäX bä*Kdk[l̘1[nŋ>po\'?Sg0)&=\0kF:l!=cGsĈُlYCCC{,r/=Y<_ꛩF0)&=>]չ>_Uarɓ\'U\novmy}z;ホoy5\\6LʆI!=*>^҅!Z 䖅{l?:ujms>l/~2kdäR}l]l{M2onlժUف6~w0)E!=*F{\'#*0B.C}o =ɩ\r&%CzHUL=P\Zѵ[Ay>YÇmiFkY[[φI	(J!=T4C4.;9u:BnϺ뮻1S{چI	(J!=TpqѠ[__o)ڝR\0Bn/q뭷~{eۗrCep\ZgbH-\rE\r.yO;qWCCSi^)	 R_׷ez²e˲/|/	J@QzH顲Zl)t[zgѝ={s}7e:t3pg͚.Օ\0Bn/8Tw.Y]wry\rjkkgCzHj#^؉Rhmtܮ)X]zgI*=zu_)RvjvjWOoMA\'$Q1@CzHbl/v6-UκgVM/;bȑ/^ܣ!7v<xs60(-}\ZnpipRC-܎Zb-.˧rwyy:{gƍ=\ZrXOKzH!U=ŀV}@og~~Wݻ{4KIR!=*?sRNmt/4:xm%fq;Q<:1.̓;vT߬Rzsusfp_m;kYjܽA=3?kO|$\ZԤ\'tRvE5}m۶1px;w̦M;6;NMf̘aPiqm>gΜ9b.1cƘ=4eʔ=5jT֭{:w#Gl9-ʟ~,.y\r<8k6z)wg&#5Ў=,n7>CqLnmmmC*%uQ_4X,BȦMߟ?Vb.ix饗6.\rJ\"}\r$xGsm#FoE>N8!]ށqM[fԧz\'Ȟ~cm3nܸP>w{$P:8v%:&`ߐcq}Y_җٕӠi}k^Eq@wks@HFׯ_v=䃍-[_|qի&Lȗ1X|gq>CEEX(BCUܞ7o~ϋb-(]K6l8} o/8}GdSNmzn|Q<̎;؊\0:|vl[!wy]tim,oV=N,;:xj2A-]3AٕZ~_Ϗ57pÝ={2>:m}]=cYb\0X:_?#M%}#μWPHVZ@T3/하R~`Zzz{Ca-=U3Mϛ8qbҊpZȍ)އ=\"p-ܲ^+ыPutw֜Y:\0|$ߘ\'Zjg㇗Sm܅xW/u]ﱐ;tІJ{*a.Bl~_惌3xAcu1#n#F1P\'?) =~WOSNɏ.`r)$1_=ܗ_~9_O>3fRU]..iMaذaK^x	?K?:s@31:t>)1+c{ccz\Zƀ4fc\ZG`Pzwi]OjZU:5iҤ=[u1OCҞh|vU%47Ź:BiWBn;}MoFWxx[[ݎ	@~)>3/3f+|lW_R?u(FH^:+Lǭ-_i04nc$U1cRո{glc4\'OƇ$7@x|@R\nCɝ++U%E.g/>D{7E.up[\n}ZMMUuuu_\ZX}fϞ;３544c/4hPìn+ҋ0\rZ̀ϋO*J]1z>81U1Wzv!7UvyPznĉ|Ehji()箻j]w]8Gc[_A;+ȜviyǇ|zz[AdT#s @$Kml\'\n4cx~|_iM?^fb|Ȑ!oZL7Y[WWfzUkT%4<oMki\0Y.\r1x=sN(Ǻ;!3BlN,\0qXN\nD(~+VvgK.N|o2fKˊSIr7˸,QeQ?o-Bs[\'I|qBbW{z˚upU/{}^p*\r1Yۮۚ]3-^{~Q6m8p\rWJ@_O:\\i@d*vYٔK	(}F}yx]c\"PGgݍb./j|M$Î8+wEP-><+Me*><Pvf=]-\n\rЧĤb.ʣFj%b?f̘.jzW=wժU+\"\0Jm*aWӾTJë!A3@EJwVnwnim6݂@\'\r8vS\\\Z\\!=T\nEN[znWwQnkct܊SZϼk__dɦμ?\r2S4]npipR},:B\"]ÓO>i6aOIuw߽dnHv޽7^]vqߦ|[ߚ5pƋ\ZzeKK=r[ZHqm{qfWc9#ҋ5)T_XO55խ44CzH>\Zr;\\L#eFO\07sرutKB^}.\r.CJmۅ6\"A$a<Ν{PCKCT>zH!%䶯](rW@pҐޫCzH	].tCq\"xu9zH!%v>\'}Q\n℻555_K3[%3	zH!%v΅(	4<l͚5/^T֬Y翕uDnȽ4P7Kyfr1TCzHU LA\'D]`Ayf!-[d۞n,Ts\Z>cr1TCzH	R\netMJ]IW\r:lF}j+cpr{EٺSV^]I7|6R	(J!=$\ZK(06k\'_[p*YҪ}2qH1ng[n=(w۶m?(;>&&=2@rb5KVf^q;Y9\"1nOLaTFyuuuǦgZN3xĉJ}\'K\'1aCzH)d!,\Zύ~=}*Ǭ{akjj{٘TjCz[4*-Kˡ9Q]]G-8r鉞\"/+TALcpiäRBnyWt[ԆS{a #S =+g}1-S|\'-צ\'娴4œ;swEOg[C-r.\'\rW~,nkK&=2@r{|^9;x̺gm\rg)bޣHi3կG|9/;*#RQFu;F3fLq;ҿ.҆I!=ܲYjȍǬ{aѣ?))OEgH57;-MNO6l7ŌnWw]k6k7e.mC\0YrT~8ߜBaE1kTϤ\ZlZTCKn\'#w,qcpRN҆I!=ܲ[lʭx̺gRX=!q)\\ٸNݔLT1ftOpݸܹsYbW%![pa}/2d_7҆I)=ܲ\\W/~!7Y{8m܅|6-7z+լox\"8FB]҆I)=ܲ^6,˖x̺gD\r:*s{u)(-]_ي蕍awogm:26LzH!e,V:vBngWE)ݑ#NjK\r?s^?^6J1no\\.U6LzH!e,:gO?Wt_<fݳ>PwToڜjFo^10TCzH	}l,c[CjVɍ9?!i`_6n*?jAA(ڝ6L{CJ	\"ٓm\\=;{;[\rEsfu܃hEZ/1jϧqGՂ\n77oQ(jhhx*mV!r+=7{kVW=XE+qR7hK..ڴ7v7^jٗΝ;7|s\rá9Y֥R)=[!#mZ\'܎<XoLTKdPWtQTcҀ$vQ7FJX!=+VWnQª\\7.xY<oR4^\'.񸬏\0\0\ZrUq\n.jkkWZ֧z+T}N˚?=z􇭁\0\0 \nBnYHA}2כT/4^{tߓiy{]]	4\0\0r\\!Ljjj/՚ݍ\ZJ;Z\0\0B\"6d}mm퐴.ݛS5_ۧ\0\0\\!WM:t蟦)~)75xEZmg\0\0+䪲	ih\n^\';iTOtY)\0\0\\!WEȭHbO˹)nK\r62=?d\r\0\0\0!WUerS=%Sx}<-_L+K&<N\0+r	XS`i9%պTS-H5.յ)ǋ.]\r\0\0Bʢ}٬פr~SiZ~3-?1\0\0Zv\r\Z!wY	iyKmmT\0[qs_\0\0@r]\0\0r\\!W\0\0rW[[;3\'\\!\0\0r{aB\0\0rKjzK3B\0\0rfvKî+\0\0Bnņҙ؍Yr\0w\\!\0\0K;y\ZrӟuSLN9ܱc*}˅\\\0\0\nB9?vޝ}y\r<8\'xb^q;GƆ\r7o^~wߝOg7h\'Nr\0\08.y{ǷΝ;իWg\\p~!wҤIY~y;6}=}?\'+r\0\0/8s[	!7fj#|qm>/lb<wq_bpߵk׭[rc~z!\0\0c]hQ:=<N:)!O\'qi7.;ꨣgy&;x>B.\0\0{Pǝ3gN~]lP[恶ؽm<oƌMP,\0\0[\'*=ܳsbw.(N<5rlĈgK޾}~vٲelʉ\0\0\0=_0a>A8jڴi-ܖɍO9sfzcs.]~_~Y\0\0rLmQ1\Z~JwQ.n܎Kŉv6۶mF{[zV؝^!\0\0CnN&OsX\r9fy㱱cv)Xǌp}!\0\0Cr\0\0\\!\0\0\0!W\0\0r\0\0 *!\0\0@r\0\0r\\\0\0\0!W	\0\0\0Br\0\0\\%\0\0B.\0\0\0B\0\0 *!\0\0@UB.\0\0+\0\0 \n\0\0\0Br\0\0\\%\0\0J\0\0r\\\0\0\0\\!\0\0@UB.\0\0\\\0\0\0!W\0\0@r\0\0\\%\0\0Tz|jw\n{u%\0\0@͟?͛2R]+\0\0hٗΝ;7|syfp#Κ5k]+u%\0\0@7`u̙3ĮqL}\0\0\0\0\0\0\0\0\0\0\0\0\0\0\0\0\0\0\0\0\0\0\0\0\0\0\0\0\0\0\0\0\0?>\0|%\0\0\0\0IENDB`',1),('91a28129-9c37-11e7-8ae4-005056c00001',3,'source',NULL,'{\"bounds\":{\"lowerRight\":{\"x\":1485.0,\"y\":700.0},\"upperLeft\":{\"x\":0.0,\"y\":0.0}},\"resourceId\":\"canvas\",\"stencil\":{\"id\":\"BPMNDiagram\"},\"stencilset\":{\"namespace\":\"http://b3mn.org/stencilset/bpmn2.0#\",\"url\":\"../editor/stencilsets/bpmn2.0/bpmn2.0.json\"},\"properties\":{\"process_id\":\"leave\",\"name\":\"test\",\"process_namespace\":\"http://www.activiti.org/processdef\",\"messages\":[],\"executionlisteners\":{\"executionListeners\":[]},\"eventlisteners\":{\"eventListeners\":[]},\"signaldefinitions\":[],\"messagedefinitions\":[]},\"childShapes\":[{\"bounds\":{\"lowerRight\":{\"x\":256.25,\"y\":222.0},\"upperLeft\":{\"x\":226.25,\"y\":192.0}},\"resourceId\":\"sid-6600D272-B55E-4F12-8EB0-C915FD3593B4\",\"childShapes\":[],\"stencil\":{\"id\":\"StartNoneEvent\"},\"properties\":{\"overrideid\":\"sid-6600D272-B55E-4F12-8EB0-C915FD3593B4\"},\"outgoing\":[{\"resourceId\":\"sid-7D77D554-85A8-4883-A3FA-D9C947A84D5F\"}]},{\"bounds\":{\"lowerRight\":{\"x\":401.25,\"y\":247.0},\"upperLeft\":{\"x\":301.25,\"y\":167.0}},\"resourceId\":\"sid-B578258D-0171-4909-881A-711EFB9FC0D5\",\"childShapes\":[],\"stencil\":{\"id\":\"UserTask\"},\"properties\":{\"overrideid\":\"sid-B578258D-0171-4909-881A-711EFB9FC0D5\",\"asynchronousdefinition\":false,\"exclusivedefinition\":false,\"tasklisteners\":{\"taskListeners\":[]},\"executionlisteners\":{\"executionListeners\":[]}},\"outgoing\":[{\"resourceId\":\"sid-4FA2BB7F-019A-4EFA-813D-6311A9C0752A\"}]},{\"bounds\":{\"lowerRight\":{\"x\":172.0,\"y\":212.0},\"upperLeft\":{\"x\":128.0,\"y\":212.0}},\"resourceId\":\"sid-7D77D554-85A8-4883-A3FA-D9C947A84D5F\",\"childShapes\":[],\"stencil\":{\"id\":\"SequenceFlow\"},\"dockers\":[{\"x\":15.0,\"y\":15.0},{\"x\":50.0,\"y\":40.0}],\"outgoing\":[{\"resourceId\":\"sid-B578258D-0171-4909-881A-711EFB9FC0D5\"}],\"target\":{\"resourceId\":\"sid-B578258D-0171-4909-881A-711EFB9FC0D5\"},\"properties\":{\"overrideid\":\"sid-7D77D554-85A8-4883-A3FA-D9C947A84D5F\"}},{\"bounds\":{\"lowerRight\":{\"x\":546.25,\"y\":247.0},\"upperLeft\":{\"x\":446.25,\"y\":167.0}},\"resourceId\":\"sid-BD082C9E-4CA6-45D7-B010-CC80A88C3B97\",\"childShapes\":[],\"stencil\":{\"id\":\"UserTask\"},\"properties\":{\"overrideid\":\"sid-BD082C9E-4CA6-45D7-B010-CC80A88C3B97\",\"asynchronousdefinition\":false,\"exclusivedefinition\":false,\"tasklisteners\":{\"taskListeners\":[]},\"executionlisteners\":{\"executionListeners\":[]}},\"outgoing\":[{\"resourceId\":\"sid-F0A1EEFC-DB65-4A91-93D3-A253922E4FE2\"}]},{\"bounds\":{\"lowerRight\":{\"x\":172.0,\"y\":212.0},\"upperLeft\":{\"x\":128.0,\"y\":212.0}},\"resourceId\":\"sid-4FA2BB7F-019A-4EFA-813D-6311A9C0752A\",\"childShapes\":[],\"stencil\":{\"id\":\"SequenceFlow\"},\"dockers\":[{\"x\":50.0,\"y\":40.0},{\"x\":50.0,\"y\":40.0}],\"outgoing\":[{\"resourceId\":\"sid-BD082C9E-4CA6-45D7-B010-CC80A88C3B97\"}],\"target\":{\"resourceId\":\"sid-BD082C9E-4CA6-45D7-B010-CC80A88C3B97\"},\"properties\":{\"overrideid\":\"sid-4FA2BB7F-019A-4EFA-813D-6311A9C0752A\"}},{\"bounds\":{\"lowerRight\":{\"x\":619.25,\"y\":221.0},\"upperLeft\":{\"x\":591.25,\"y\":193.0}},\"resourceId\":\"sid-CDFCCF33-007A-4B60-9D08-FFF6D57E8C88\",\"childShapes\":[],\"stencil\":{\"id\":\"EndNoneEvent\"},\"properties\":{\"overrideid\":\"sid-CDFCCF33-007A-4B60-9D08-FFF6D57E8C88\"},\"outgoing\":[]},{\"bounds\":{\"lowerRight\":{\"x\":172.0,\"y\":212.0},\"upperLeft\":{\"x\":128.0,\"y\":212.0}},\"resourceId\":\"sid-F0A1EEFC-DB65-4A91-93D3-A253922E4FE2\",\"childShapes\":[],\"stencil\":{\"id\":\"SequenceFlow\"},\"dockers\":[{\"x\":50.0,\"y\":40.0},{\"x\":14.0,\"y\":14.0}],\"outgoing\":[{\"resourceId\":\"sid-CDFCCF33-007A-4B60-9D08-FFF6D57E8C88\"}],\"target\":{\"resourceId\":\"sid-CDFCCF33-007A-4B60-9D08-FFF6D57E8C88\"},\"properties\":{\"overrideid\":\"sid-F0A1EEFC-DB65-4A91-93D3-A253922E4FE2\"}}]}',NULL),('92502',3,'source',NULL,'{\"bounds\":{\"lowerRight\":{\"x\":1485.0,\"y\":700.0},\"upperLeft\":{\"x\":0.0,\"y\":0.0}},\"resourceId\":\"canvas\",\"stencil\":{\"id\":\"BPMNDiagram\"},\"stencilset\":{\"namespace\":\"http://b3mn.org/stencilset/bpmn2.0#\",\"url\":\"../editor/stencilsets/bpmn2.0/bpmn2.0.json\"},\"properties\":{\"process_id\":\"cs\",\"name\":\"cs\",\"process_namespace\":\"http://www.activiti.org/processdef\",\"messages\":[],\"executionlisteners\":{\"executionListeners\":[]},\"eventlisteners\":{\"eventListeners\":[]},\"signaldefinitions\":[],\"messagedefinitions\":[]},\"childShapes\":[{\"bounds\":{\"lowerRight\":{\"x\":75.0,\"y\":130.0},\"upperLeft\":{\"x\":45.0,\"y\":100.0}},\"resourceId\":\"sid-8BFF7B93-85D4-40D2-8466-7DA036E42C4C\",\"childShapes\":[],\"stencil\":{\"id\":\"StartNoneEvent\"},\"properties\":{\"overrideid\":\"sid-8BFF7B93-85D4-40D2-8466-7DA036E42C4C\"},\"outgoing\":[{\"resourceId\":\"sid-7772EAA3-8304-45E1-A29E-66BC0BF53036\"}]},{\"bounds\":{\"lowerRight\":{\"x\":415.0,\"y\":155.0},\"upperLeft\":{\"x\":315.0,\"y\":75.0}},\"resourceId\":\"sid-9D315FF5-4138-4583-9B27-4083FB9CC563\",\"childShapes\":[],\"stencil\":{\"id\":\"UserTask\"},\"properties\":{\"overrideid\":\"sid-9D315FF5-4138-4583-9B27-4083FB9CC563\",\"name\":\"cs01\",\"asynchronousdefinition\":false,\"exclusivedefinition\":false,\"tasklisteners\":{\"taskListeners\":[]},\"executionlisteners\":{\"executionListeners\":[]}},\"outgoing\":[{\"resourceId\":\"sid-1CFFE204-30C7-4934-87CC-E378870D70D4\"}]},{\"bounds\":{\"lowerRight\":{\"x\":610.0,\"y\":158.0},\"upperLeft\":{\"x\":510.0,\"y\":78.0}},\"resourceId\":\"sid-DBD2D36A-C1B8-4B1B-8D8E-56A9841B18E7\",\"childShapes\":[],\"stencil\":{\"id\":\"UserTask\"},\"properties\":{\"overrideid\":\"sid-DBD2D36A-C1B8-4B1B-8D8E-56A9841B18E7\",\"name\":\"cs03\",\"asynchronousdefinition\":false,\"exclusivedefinition\":false,\"tasklisteners\":{\"taskListeners\":[]},\"executionlisteners\":{\"executionListeners\":[]}},\"outgoing\":[{\"resourceId\":\"sid-D924486F-4087-46BF-8D15-E60AF9611DD7\"}]},{\"bounds\":{\"lowerRight\":{\"x\":172.0,\"y\":212.0},\"upperLeft\":{\"x\":128.0,\"y\":212.0}},\"resourceId\":\"sid-1CFFE204-30C7-4934-87CC-E378870D70D4\",\"childShapes\":[],\"stencil\":{\"id\":\"SequenceFlow\"},\"dockers\":[{\"x\":50.0,\"y\":40.0},{\"x\":462.5,\"y\":115.0},{\"x\":462.5,\"y\":118.0},{\"x\":50.0,\"y\":40.0}],\"outgoing\":[{\"resourceId\":\"sid-DBD2D36A-C1B8-4B1B-8D8E-56A9841B18E7\"}],\"target\":{\"resourceId\":\"sid-DBD2D36A-C1B8-4B1B-8D8E-56A9841B18E7\"},\"properties\":{\"overrideid\":\"sid-1CFFE204-30C7-4934-87CC-E378870D70D4\"}},{\"bounds\":{\"lowerRight\":{\"x\":250.0,\"y\":155.0},\"upperLeft\":{\"x\":150.0,\"y\":75.0}},\"resourceId\":\"sid-0F6B9863-B1C5-41ED-BC1F-3DFF4F5DA581\",\"childShapes\":[],\"stencil\":{\"id\":\"UserTask\"},\"properties\":{\"overrideid\":\"sid-0F6B9863-B1C5-41ED-BC1F-3DFF4F5DA581\",\"name\":\"cs \",\"asynchronousdefinition\":false,\"exclusivedefinition\":false,\"tasklisteners\":{\"taskListeners\":[]},\"executionlisteners\":{\"executionListeners\":[]}},\"outgoing\":[{\"resourceId\":\"sid-B5165EBC-5435-447D-9BE0-1514C025A75E\"}]},{\"bounds\":{\"lowerRight\":{\"x\":172.0,\"y\":212.0},\"upperLeft\":{\"x\":128.0,\"y\":212.0}},\"resourceId\":\"sid-7772EAA3-8304-45E1-A29E-66BC0BF53036\",\"childShapes\":[],\"stencil\":{\"id\":\"SequenceFlow\"},\"dockers\":[{\"x\":15.0,\"y\":15.0},{\"x\":50.0,\"y\":40.0}],\"outgoing\":[{\"resourceId\":\"sid-0F6B9863-B1C5-41ED-BC1F-3DFF4F5DA581\"}],\"target\":{\"resourceId\":\"sid-0F6B9863-B1C5-41ED-BC1F-3DFF4F5DA581\"},\"properties\":{\"overrideid\":\"sid-7772EAA3-8304-45E1-A29E-66BC0BF53036\"}},{\"bounds\":{\"lowerRight\":{\"x\":172.0,\"y\":212.0},\"upperLeft\":{\"x\":128.0,\"y\":212.0}},\"resourceId\":\"sid-B5165EBC-5435-447D-9BE0-1514C025A75E\",\"childShapes\":[],\"stencil\":{\"id\":\"SequenceFlow\"},\"dockers\":[{\"x\":50.0,\"y\":40.0},{\"x\":50.0,\"y\":40.0}],\"outgoing\":[{\"resourceId\":\"sid-9D315FF5-4138-4583-9B27-4083FB9CC563\"}],\"target\":{\"resourceId\":\"sid-9D315FF5-4138-4583-9B27-4083FB9CC563\"},\"properties\":{\"overrideid\":\"sid-B5165EBC-5435-447D-9BE0-1514C025A75E\"}},{\"bounds\":{\"lowerRight\":{\"x\":683.0,\"y\":132.0},\"upperLeft\":{\"x\":655.0,\"y\":104.0}},\"resourceId\":\"sid-1BE506D7-2994-4629-9648-17CE6F4650E7\",\"childShapes\":[],\"stencil\":{\"id\":\"EndNoneEvent\"},\"properties\":{\"overrideid\":\"sid-1BE506D7-2994-4629-9648-17CE6F4650E7\"},\"outgoing\":[]},{\"bounds\":{\"lowerRight\":{\"x\":172.0,\"y\":212.0},\"upperLeft\":{\"x\":128.0,\"y\":212.0}},\"resourceId\":\"sid-D924486F-4087-46BF-8D15-E60AF9611DD7\",\"childShapes\":[],\"stencil\":{\"id\":\"SequenceFlow\"},\"dockers\":[{\"x\":50.0,\"y\":40.0},{\"x\":14.0,\"y\":14.0}],\"outgoing\":[{\"resourceId\":\"sid-1BE506D7-2994-4629-9648-17CE6F4650E7\"}],\"target\":{\"resourceId\":\"sid-1BE506D7-2994-4629-9648-17CE6F4650E7\"},\"properties\":{\"overrideid\":\"sid-D924486F-4087-46BF-8D15-E60AF9611DD7\"}}]}',NULL),('92503',1,'source-extra',NULL,'PNG\r\n\Z\n\0\0\0\rIHDR\0\0\0\0\0\0\0\06\0\0\0 cHRM\0\0z&\0\0\0\0\0\0\0\0\0u0\0\0`\0\0:\0\0pQ<\0\0\0gAMA\0\0|Q\0\0\0sRGB\0\0\0\0bKGD\0\0\0\0\0\0	pHYs\0\0\0\0+\0\0oIDATxtT/A /U֣m/*=jg뵧=l\"쩶=\n4TQ[_^KLmP %py*LI>03${~{wo$\0\0\0\0\0\0\0\0\0\0\0\0\0\0\0\0\0\0\0\0\0\0\0\0\0\0\0\0\0\0\0\0\0\0\0\0\0\0\0\0\0\0\0\0\0\0\0\0\0\0\0\0\0\0\0\0\0\0\0\0\0\0\0\0\0\0\0\0\0\0\0\0\0\0\0\0\0\0\0\0\0\0\0\0\0\0\0\0\0\0\0\0\0\0\0\0\0\0\0\0\0\0\0\0\0\0\0\0\0\0\0\0\0\0\0\0\0\0\0\0\0\0\0\0\0\0\0\0\0\0\0\0\0\0\0\0\0\0\0\0\0\0\0\0\0\0\0\0\0\0\0\0\0\0\0\0\0\0\0\0\0\0\0\0\0\0\0\0\0\0\0\0\0\0\0\0\0\0\0\0\0\0\0\0\0\0\0\0\0\0\0\0\0\0\0\0\0\0\0\0\0\0\0\0\0\0\0\0\0\0\0\0\0ZY@sI˖-_ׯaÆũTʌiB.**M6M2d+jRMݴC!ڵko٫W^I׮]Ν;\'fN#ŐBcRYYY擺mܸqiVjI5	 tNXѷ~_޽{Q03%VZmL#O>Y戚T\0B7 ܄Htb4dѢEU6	sDMI>V,,V4~\r\Zp|&ѲO%IjR 3BC9n}5&BUvhbk!yvٳN;~Tϭ/H%6~TY_dc/\rL:^5&$ۋ{~ʮnݺ%ZHEEE޽{w߫ҋ/{]b/6cɊ2~ٝYG>I.c6>{AA>դTlcUsA	 )fϞ}9\"tCžrW++w8HׄsդTl`]k%o׸dscIj>eaQG9{駿h(@+M~q;MG!yTjL9ű;gW;Z_$\'M6{+Yd	w߾}S:tQ@Z^7GI5&ZZnhmG|P&դ$jzh!:vwVPd45	٢ժj%tCuW½wxCNI>C $dVC\rYO#{d&!KZJPi~\\eƠ&i62Zv&+^;PZMPj^7\r-s6/O^|$$4+Vhq75|U-}#)kjV+hzFiqpwfjB79,~^Ġ&!ZAvi/Y6L@MB+\nn\0hǴZ\r\0dV+hK\0jH7\0\0dYNŋ/x^UVUYYYPSS;w{+tbxM]w\0\0нa]ǏqСCC9$	!;)..NBΫ*|w---=t޼y?\\Q]]=,\0\0wᥗ^ŝE#FHta={&sLrE-\\OII3f5֭;kƌo*\0\0zt{fʔ)_;3O?}aĀO?zhW\\}\0\0{nԨQ֞wR{tzi0ՄiMn¿9䵒ӧ+tH~_={?G?J?Fi8-r_^4iҤ;,:\0\0mȑ焛Rԉ!T)ao=F1\'ܟLk&^GgΜ7pCw>}$ƍ딟K(!\0]oLOG4,L{xVQNtRGcvSdo񷡈^\r[_H\0lk#LR6<|/&|ҿ[nIΝ\r6$IYYY+$K6m!uC-zlg)馛&\Z^Tt~b\0M>3i!pwhغSO=u{Wfݻwկ~5?&O>dRWWO86ul]ζ<裓ibv6}ԵkC\0\0l!$gw7|s<r;x|~|]<sw앓;r~;cǎYƌo(ӂC-ZAM:olHƎMpuGyyobXl+,\'&xpQG\Z,O7bO8~2//ڹ3fXoUCKd^hܝ&ZFXOj#\\sMg1b~L~wCp{Bwul	[^k^~BvpO)apa#dΔ)Sjvh{jrTʰQ8+ܿAޱ.~r𼧞z*y뭷J\0M*u1Šu꫓믿{Hl3iVd^zBI-to\'nqnϯ8,s̩\Zt	Ӆ./5Yjp\\?O5k$xRܭ/9L\0wqG\'{\nibU,kh|\\}ޖ]wg&f1Fn	V+Y9odج(,#۫W8\\yb.6&\'NL^}դ ַY/^y睙&\\rI2h (^>8LBk=#8\"<yr/\']ta|{n??UDa߫ՊSC]/^i2J}-pl׿Oj8⛓ ڜ3hmZVwGg-e|Aw^QK.򤺺:o~3	}73s)t]63j7|]9~ ܏=6~O>Q3@بA#\0H}Zm6}dڴiɢE2E6]۽{b1s1Ae9hqqq/R\\sg:4>vmQ9sdv7VVvS;묳}\'fr/Hy\ZkrOƐ |9fBli!nh^*;jʕc\ZN<_yɁ\\z饾w]Cٮ꤆;B\n9⛓;|ɤC=5gڇ~[(_owaJv/o{r]lYغbagҤIQ|+	\'+ +|rw;ɺ@n5uwAqo߾9AxMBqCx:B|6Z]{[;>/8WCjkKm~]nnߜaT^^^ұcujJJJƶ-,`b	b]pvR9!pzm⏻.cl~|1=zdv]wucbMƶ0cMr&~fz(cLÅ\'H¸Z6ܪe R\"sj !z72v[sjvd`[F[}{Bw˗o\n7uu7,lwQJ<xSazSNC)ONB(KfϞ6,،3fF!?s@~yըv]q{M~gFN|{S-#c]ߞhWڵksjLoJ<}Vs}#χl/Gɞo,;ǰR|-W%%%W\\YnH8̨b\\YǑ<Z\\VA;gk]1<cLNɱMj|+L܏{f>lU4HOV$(?>7n\\[ժ1z2;g7lذݜ9+**nEzi]]]~3] fҥ2*q7}OIUXV8og8XX9׭Xb˂V7j.(w]6õ=g,ےçqPǘYC8jtIϷjjL^MMo˳\Zoe[aKwŚm<T*է]>!,`e+O,Xja\"HCv<q\"ίZ3gG+++02!t0ʶ]RQQq<]\nl4gjZVZ~_%w2)nQ1=jKχLϙlￕo=ycƌ\'<2R([&LGk\0\ZZ>*N0^ *^\'h\\\rѺ?.\\0Yn]V.[K^{\nWBw8Gy=,x⮧x~FآZ[\0\09GV>*8N9r؇Q|ꩧbPCZ|s:t`߽[馛j8)\\Ϸrѡ(VݧՊ;i;^){A?Q-\\M6}Wg?[t&y8}&=	\0YF<sq;^Ȩ4[nT*e{m7-ӧO}EEwǍW9k֬X\0S)/|[,Z\0\0;GfNd[c>rʆ3dn[io+|%z街ϟq^^ϖ\\xo/{KJJX\0\0v[|L ^dI2v؝o}wxu/nm%W߂V\0Gqބ	,,,<r2dC={>7n^yyy믿tܹ.]:;֬Y3A\0\0.xw̔qON?̩Ye>K<KI<h2pR-ToA[,!<<jԨ.\\xނg_Gl@l0].|\0kc->,wqI~2<=Ġ/|k)΋xCUA[.xZp	\0&V?RwS	b7o^f[:ύ=mqJ\0ƨ8%<&{3ir[o\0h7JwCodsolEg=YlW\0IiQY\0\0\0B7\0\0\0\0\r\0\0B7\0\0\0\0\r\0\0B7\0\0\0\0\r\0\0B7\0\0 tOR)3pS&դic߯2#Z>4,PjRMݴ1;v[QQaFk֬7sԤT\0B7mLMMͯV^)N-lݺuL5&$/~VV+\ZO|%EV23ZPiisXu)&դ$jzhIԌ.++PYYifY֭;+JPjZZVB74N;_+7/>2//s(5GԤdOVVvY@6M:ѣG{lt)ܚ1Y\\(++;9\r6	DMIv=K;ԿBrqƂSN9fsC&9FzbUԼVyEEE;Ynݟ-[ڒ%K+بSO=u&$;3r[UUuYn:7CY7Dr1mڴ͑g9:sÏCtl͕FGqiԤdw̞={XAAÃ\rjĻywl\n?=?B7\0Nw0ӧO!ݞVƃ\r\r\0#O?\n\n\nGϞ=ѣǁ]v3s\Z)ZƳă&2{L,t\0Vj\0\0\0\0\0\0\0\0\0\0\0\0\0\0\0\0\0\0\0\0\0\0\0\0\0\0\0\0\0\0\0\0\0\0\0\0\0\0\0\0\0\0\0\0\0\0\0\0\0\0\0\0\0\0\0\0\0\0\0\0\0\0\0\0\0\0\0\0\0\0\0\0\0\0\0\0\0\0\0\0\0\0\0\0\0\0\0\0\0\0\0\0\0\0\0\0\0\0\0\0\0\0\0\0\0\0\0\0\0\0\0\0\0\0\0\0\0\0\0\0\0\0\0\0\0\0\0\0\0\0\0\0\0\0\0\0\0\0\0;\0<pC\\\0\0\0\0IENDB`',NULL),('92505',1,'92501.bpmn20.xml','92504','<?xml version=\"1.0\" encoding=\"UTF-8\"?>\n<definitions xmlns=\"http://www.omg.org/spec/BPMN/20100524/MODEL\" xmlns:xsi=\"http://www.w3.org/2001/XMLSchema-instance\" xmlns:xsd=\"http://www.w3.org/2001/XMLSchema\" xmlns:activiti=\"http://activiti.org/bpmn\" xmlns:bpmndi=\"http://www.omg.org/spec/BPMN/20100524/DI\" xmlns:omgdc=\"http://www.omg.org/spec/DD/20100524/DC\" xmlns:omgdi=\"http://www.omg.org/spec/DD/20100524/DI\" typeLanguage=\"http://www.w3.org/2001/XMLSchema\" expressionLanguage=\"http://www.w3.org/1999/XPath\" targetNamespace=\"http://www.activiti.org/processdef\">\n  <process id=\"cs\" name=\"cs\" isExecutable=\"true\">\n    <startEvent id=\"sid-8BFF7B93-85D4-40D2-8466-7DA036E42C4C\"></startEvent>\n    <userTask id=\"sid-9D315FF5-4138-4583-9B27-4083FB9CC563\" name=\"cs01\"></userTask>\n    <userTask id=\"sid-DBD2D36A-C1B8-4B1B-8D8E-56A9841B18E7\" name=\"cs03\"></userTask>\n    <sequenceFlow id=\"sid-1CFFE204-30C7-4934-87CC-E378870D70D4\" sourceRef=\"sid-9D315FF5-4138-4583-9B27-4083FB9CC563\" targetRef=\"sid-DBD2D36A-C1B8-4B1B-8D8E-56A9841B18E7\"></sequenceFlow>\n    <userTask id=\"sid-0F6B9863-B1C5-41ED-BC1F-3DFF4F5DA581\" name=\"cs \"></userTask>\n    <sequenceFlow id=\"sid-7772EAA3-8304-45E1-A29E-66BC0BF53036\" sourceRef=\"sid-8BFF7B93-85D4-40D2-8466-7DA036E42C4C\" targetRef=\"sid-0F6B9863-B1C5-41ED-BC1F-3DFF4F5DA581\"></sequenceFlow>\n    <sequenceFlow id=\"sid-B5165EBC-5435-447D-9BE0-1514C025A75E\" sourceRef=\"sid-0F6B9863-B1C5-41ED-BC1F-3DFF4F5DA581\" targetRef=\"sid-9D315FF5-4138-4583-9B27-4083FB9CC563\"></sequenceFlow>\n    <endEvent id=\"sid-1BE506D7-2994-4629-9648-17CE6F4650E7\"></endEvent>\n    <sequenceFlow id=\"sid-D924486F-4087-46BF-8D15-E60AF9611DD7\" sourceRef=\"sid-DBD2D36A-C1B8-4B1B-8D8E-56A9841B18E7\" targetRef=\"sid-1BE506D7-2994-4629-9648-17CE6F4650E7\"></sequenceFlow>\n  </process>\n  <bpmndi:BPMNDiagram id=\"BPMNDiagram_cs\">\n    <bpmndi:BPMNPlane bpmnElement=\"cs\" id=\"BPMNPlane_cs\">\n      <bpmndi:BPMNShape bpmnElement=\"sid-8BFF7B93-85D4-40D2-8466-7DA036E42C4C\" id=\"BPMNShape_sid-8BFF7B93-85D4-40D2-8466-7DA036E42C4C\">\n        <omgdc:Bounds height=\"30.0\" width=\"30.0\" x=\"45.0\" y=\"100.0\"></omgdc:Bounds>\n      </bpmndi:BPMNShape>\n      <bpmndi:BPMNShape bpmnElement=\"sid-9D315FF5-4138-4583-9B27-4083FB9CC563\" id=\"BPMNShape_sid-9D315FF5-4138-4583-9B27-4083FB9CC563\">\n        <omgdc:Bounds height=\"80.0\" width=\"100.0\" x=\"315.0\" y=\"75.0\"></omgdc:Bounds>\n      </bpmndi:BPMNShape>\n      <bpmndi:BPMNShape bpmnElement=\"sid-DBD2D36A-C1B8-4B1B-8D8E-56A9841B18E7\" id=\"BPMNShape_sid-DBD2D36A-C1B8-4B1B-8D8E-56A9841B18E7\">\n        <omgdc:Bounds height=\"80.0\" width=\"100.0\" x=\"510.0\" y=\"78.0\"></omgdc:Bounds>\n      </bpmndi:BPMNShape>\n      <bpmndi:BPMNShape bpmnElement=\"sid-0F6B9863-B1C5-41ED-BC1F-3DFF4F5DA581\" id=\"BPMNShape_sid-0F6B9863-B1C5-41ED-BC1F-3DFF4F5DA581\">\n        <omgdc:Bounds height=\"80.0\" width=\"100.0\" x=\"150.0\" y=\"75.0\"></omgdc:Bounds>\n      </bpmndi:BPMNShape>\n      <bpmndi:BPMNShape bpmnElement=\"sid-1BE506D7-2994-4629-9648-17CE6F4650E7\" id=\"BPMNShape_sid-1BE506D7-2994-4629-9648-17CE6F4650E7\">\n        <omgdc:Bounds height=\"28.0\" width=\"28.0\" x=\"655.0\" y=\"104.0\"></omgdc:Bounds>\n      </bpmndi:BPMNShape>\n      <bpmndi:BPMNEdge bpmnElement=\"sid-7772EAA3-8304-45E1-A29E-66BC0BF53036\" id=\"BPMNEdge_sid-7772EAA3-8304-45E1-A29E-66BC0BF53036\">\n        <omgdi:waypoint x=\"75.0\" y=\"115.0\"></omgdi:waypoint>\n        <omgdi:waypoint x=\"150.0\" y=\"115.0\"></omgdi:waypoint>\n      </bpmndi:BPMNEdge>\n      <bpmndi:BPMNEdge bpmnElement=\"sid-D924486F-4087-46BF-8D15-E60AF9611DD7\" id=\"BPMNEdge_sid-D924486F-4087-46BF-8D15-E60AF9611DD7\">\n        <omgdi:waypoint x=\"610.0\" y=\"118.0\"></omgdi:waypoint>\n        <omgdi:waypoint x=\"655.0\" y=\"118.0\"></omgdi:waypoint>\n      </bpmndi:BPMNEdge>\n      <bpmndi:BPMNEdge bpmnElement=\"sid-B5165EBC-5435-447D-9BE0-1514C025A75E\" id=\"BPMNEdge_sid-B5165EBC-5435-447D-9BE0-1514C025A75E\">\n        <omgdi:waypoint x=\"250.0\" y=\"115.0\"></omgdi:waypoint>\n        <omgdi:waypoint x=\"315.0\" y=\"115.0\"></omgdi:waypoint>\n      </bpmndi:BPMNEdge>\n      <bpmndi:BPMNEdge bpmnElement=\"sid-1CFFE204-30C7-4934-87CC-E378870D70D4\" id=\"BPMNEdge_sid-1CFFE204-30C7-4934-87CC-E378870D70D4\">\n        <omgdi:waypoint x=\"415.0\" y=\"115.0\"></omgdi:waypoint>\n        <omgdi:waypoint x=\"462.5\" y=\"115.0\"></omgdi:waypoint>\n        <omgdi:waypoint x=\"462.5\" y=\"118.0\"></omgdi:waypoint>\n        <omgdi:waypoint x=\"510.0\" y=\"118.0\"></omgdi:waypoint>\n      </bpmndi:BPMNEdge>\n    </bpmndi:BPMNPlane>\n  </bpmndi:BPMNDiagram>\n</definitions>',0),('92506',1,'92501.cs.png','92504','PNG\r\n\Z\n\0\0\0\rIHDR\0\0\0\0\0\0\0\0w-\0\09IDATxo\0Klqƿ`&WimDX4-&d	1h*\0Q/*Z*VZjgϹrɥЗ{oo|Kos9{}\0\0\0\0\0\0\0\0\0\0\0\0\0\0\0\0\0\0\0\0\0\0\0\0\0\0\0\0\0\0\0\0\0\0\0\0\0\0\0\0\0\0\0\0\0\0\0\0\0\0\0\0\0\0\0\0\0\0\0\0\0\0\0\0\0\0\0\0\0\0\0\0\0\0\0\0\0\0\0\0\0\0\0\0\0\0\0\0\0\0\0\0\0\0\0\0\0\0\0\0\0\0\0\0\0\0\0\0\0\0\0\0\0\0\0\0\0\0\0\0\0\0\0\0\0\0\0\0\0\0\0\0\0\0\0\0\0\0\0\0\0\0\0\0\0\0\0\0\0\0\0\0\0\0\0\0\0\0\0\0\0\0\0\0\0\0\0\0\0\0\0\0\0\0\0\0\0\0\0\0\0\0\0\0\0\0\0\0\0\0\0\0\0\0\0\0\0\0\0\0\0$رcw͛QhmmMm4je\00\n1<l߾=L8ř3g[KrRNI\08\r3<rHNI9	\0#/]:rRNIU8D]RD\"\'夜$Xű`ɱON.D|rRNRVq\0y ړO7.J_pU1\r\0!\'$g*fxɃ4;B-\0l>Z:\0ivPkG-\0l,r4;MSNIƧ\0iI!\'\'|-XQf5Tӌ4;MSNIƧ`M?\r41NӔrZɧm1NӔrCZ\0JiF׊k\Zf|N4夜dj*Z\0F2@\\k_M?ivO-XQ0f\\?414夜d|Z8jQӼp!9}dK\rrxF|M|2MSNIU\04otLӔrj`9띐i~~44M9)\')PkG-\0|yKhrRNR`G-\0MSN\n99k*Z\0rrׂU\0 4M9)ZjInmnn>7wdԩImm;tҕi3ijrRI %5̾+^xy%of{=MB3ٳgOɓO>y驧:03ijrRI *^_|,/^Lk߾}/Κ5Д)S~45M9)Zjb޴v-=Xnݺ\rmذ!qjijrRI jԩSWq$XM7ck>_*sڶΙ3\'9|p\'NHg̙krR-0<ӦM{ 4.ÉүhcG6khh$krR-p}`:)6`,W\nhANh;>}zWt6ijrRI µVWW/w@I^~d˖-W_}|w7ܹ3YlY#l+@1rdɒء-0k)\'TB-\\3ޟsٕ+Wn?r۴f͚U~ᇤОxk)\'TB-\\}B;666fNeG#~_u6C*945M9)Zj\'Crte`b5ᥗ^\ZP+qxsX.5RX;\ZijrRICZHڱe]q˗\'Ŵlٲ}q=Jo9/	TUUF4夐ZQYݡVrwlz\r\\vu\"}bjƇiZC(ۡ%sM^jժ8;wnӧ:vtttO׆-7%`MSӔP[A*Z(toԳgd\"פ,ܺCm}qk7C\r/aijrRj∉Uɡ˷|+R^tx]2**4\n9S9#y^[}sWܠ!<W@g̘q\'===Nj{*I\\{I4(眜@CUJ}$|AlXGyΙ3;NN	ijrRj\Zjss(u]+.σE)6nW?*?Kz,ND衇5׬Yrr|[Sϲ&ꫯ./ujֻNmz\nf5Fu\'٣G^lvm_}rzU99wrRG?/gϞc([]]}ņo\"63g$aW{wociirr\\.~}뭷f>s1IaVq|搝hllϞ={zofMfΜ>d޽W\r	١\"ޠiRȻwܑ3bgU}%ӧO|[nkΫ1搫>:eE8[ַh3^3$Ǐ\'>앦/\Zjx]I[oe* 8>0^X\'ja9:2k֬֭+\ZqJ{&oٗ\'x71X\"3<S\011sryFo乧rRZK-QQ,qGKeG(&>| O֦iӦݩ\rP=siƯ?@eNӲZ99y/>Ã}XD|d\"BVqur7\'j!⺵asʕVZ{J[+_6󝝝y}2O<#Kk3z#rR-*NĹsJՋ	:>86o?/.rf	ohh׉m@[UUP3@ 䤐jabw_愷PW?^/V\nh:N=|?7ukoA\ZuZ\0!\'Tw\'~WBIiMMMcl.!%wbW@	Nۜ&޽{{FrM6J\0!\'TB-@1hW\r8M4Nᶮ;loo?/?SN}ŋXSSs,8uMSӔBN=sco*+e\')[eowu)L4夐jAџئѕ;pױ4)lv5!VNaqc_=1cƏbmMS 䤜D-:{QP4MarJb|y0kMS 䤜D-cMShrRNi\nMSNIԂZ\04MMSN\n9Z\04MMSN\n9Z\0MShrRNi\nMSNIԂZ\04MMSN\n9Z\04MMSN\n9Z\0MShrRNi\nMSNIԂZ\04MMSN\n9Z\04MMSN\n9Z\0MShrRNi\nMSNIԂZ\04MMSN\n9Z\04MMSN\n9Z\0MShrRNi\nMSNIԂZ\0h͚UDo4夜j\rm۶tggU״irRNb5#e˖ߵ}7hZw\ZCkkiLrRNb5~Ӻ?-Oe(ZQANIrYű\00Yű\00Yű\0PX\0\0\0\0\0\0\0\0\0\0\0\0\0\0\0\0\0\0\0\0\0\0\0HX\0\0\0\0IENDB`',1),('92509',1,'92501.bpmn20.xml','92508','<?xml version=\"1.0\" encoding=\"UTF-8\"?>\n<definitions xmlns=\"http://www.omg.org/spec/BPMN/20100524/MODEL\" xmlns:xsi=\"http://www.w3.org/2001/XMLSchema-instance\" xmlns:xsd=\"http://www.w3.org/2001/XMLSchema\" xmlns:activiti=\"http://activiti.org/bpmn\" xmlns:bpmndi=\"http://www.omg.org/spec/BPMN/20100524/DI\" xmlns:omgdc=\"http://www.omg.org/spec/DD/20100524/DC\" xmlns:omgdi=\"http://www.omg.org/spec/DD/20100524/DI\" typeLanguage=\"http://www.w3.org/2001/XMLSchema\" expressionLanguage=\"http://www.w3.org/1999/XPath\" targetNamespace=\"http://www.activiti.org/processdef\">\n  <process id=\"cs\" name=\"cs\" isExecutable=\"true\">\n    <startEvent id=\"sid-8BFF7B93-85D4-40D2-8466-7DA036E42C4C\"></startEvent>\n    <userTask id=\"sid-9D315FF5-4138-4583-9B27-4083FB9CC563\" name=\"cs01\"></userTask>\n    <userTask id=\"sid-DBD2D36A-C1B8-4B1B-8D8E-56A9841B18E7\" name=\"cs03\"></userTask>\n    <sequenceFlow id=\"sid-1CFFE204-30C7-4934-87CC-E378870D70D4\" sourceRef=\"sid-9D315FF5-4138-4583-9B27-4083FB9CC563\" targetRef=\"sid-DBD2D36A-C1B8-4B1B-8D8E-56A9841B18E7\"></sequenceFlow>\n    <userTask id=\"sid-0F6B9863-B1C5-41ED-BC1F-3DFF4F5DA581\" name=\"cs \"></userTask>\n    <sequenceFlow id=\"sid-7772EAA3-8304-45E1-A29E-66BC0BF53036\" sourceRef=\"sid-8BFF7B93-85D4-40D2-8466-7DA036E42C4C\" targetRef=\"sid-0F6B9863-B1C5-41ED-BC1F-3DFF4F5DA581\"></sequenceFlow>\n    <sequenceFlow id=\"sid-B5165EBC-5435-447D-9BE0-1514C025A75E\" sourceRef=\"sid-0F6B9863-B1C5-41ED-BC1F-3DFF4F5DA581\" targetRef=\"sid-9D315FF5-4138-4583-9B27-4083FB9CC563\"></sequenceFlow>\n    <endEvent id=\"sid-1BE506D7-2994-4629-9648-17CE6F4650E7\"></endEvent>\n    <sequenceFlow id=\"sid-D924486F-4087-46BF-8D15-E60AF9611DD7\" sourceRef=\"sid-DBD2D36A-C1B8-4B1B-8D8E-56A9841B18E7\" targetRef=\"sid-1BE506D7-2994-4629-9648-17CE6F4650E7\"></sequenceFlow>\n  </process>\n  <bpmndi:BPMNDiagram id=\"BPMNDiagram_cs\">\n    <bpmndi:BPMNPlane bpmnElement=\"cs\" id=\"BPMNPlane_cs\">\n      <bpmndi:BPMNShape bpmnElement=\"sid-8BFF7B93-85D4-40D2-8466-7DA036E42C4C\" id=\"BPMNShape_sid-8BFF7B93-85D4-40D2-8466-7DA036E42C4C\">\n        <omgdc:Bounds height=\"30.0\" width=\"30.0\" x=\"45.0\" y=\"100.0\"></omgdc:Bounds>\n      </bpmndi:BPMNShape>\n      <bpmndi:BPMNShape bpmnElement=\"sid-9D315FF5-4138-4583-9B27-4083FB9CC563\" id=\"BPMNShape_sid-9D315FF5-4138-4583-9B27-4083FB9CC563\">\n        <omgdc:Bounds height=\"80.0\" width=\"100.0\" x=\"315.0\" y=\"75.0\"></omgdc:Bounds>\n      </bpmndi:BPMNShape>\n      <bpmndi:BPMNShape bpmnElement=\"sid-DBD2D36A-C1B8-4B1B-8D8E-56A9841B18E7\" id=\"BPMNShape_sid-DBD2D36A-C1B8-4B1B-8D8E-56A9841B18E7\">\n        <omgdc:Bounds height=\"80.0\" width=\"100.0\" x=\"510.0\" y=\"78.0\"></omgdc:Bounds>\n      </bpmndi:BPMNShape>\n      <bpmndi:BPMNShape bpmnElement=\"sid-0F6B9863-B1C5-41ED-BC1F-3DFF4F5DA581\" id=\"BPMNShape_sid-0F6B9863-B1C5-41ED-BC1F-3DFF4F5DA581\">\n        <omgdc:Bounds height=\"80.0\" width=\"100.0\" x=\"150.0\" y=\"75.0\"></omgdc:Bounds>\n      </bpmndi:BPMNShape>\n      <bpmndi:BPMNShape bpmnElement=\"sid-1BE506D7-2994-4629-9648-17CE6F4650E7\" id=\"BPMNShape_sid-1BE506D7-2994-4629-9648-17CE6F4650E7\">\n        <omgdc:Bounds height=\"28.0\" width=\"28.0\" x=\"655.0\" y=\"104.0\"></omgdc:Bounds>\n      </bpmndi:BPMNShape>\n      <bpmndi:BPMNEdge bpmnElement=\"sid-7772EAA3-8304-45E1-A29E-66BC0BF53036\" id=\"BPMNEdge_sid-7772EAA3-8304-45E1-A29E-66BC0BF53036\">\n        <omgdi:waypoint x=\"75.0\" y=\"115.0\"></omgdi:waypoint>\n        <omgdi:waypoint x=\"150.0\" y=\"115.0\"></omgdi:waypoint>\n      </bpmndi:BPMNEdge>\n      <bpmndi:BPMNEdge bpmnElement=\"sid-D924486F-4087-46BF-8D15-E60AF9611DD7\" id=\"BPMNEdge_sid-D924486F-4087-46BF-8D15-E60AF9611DD7\">\n        <omgdi:waypoint x=\"610.0\" y=\"118.0\"></omgdi:waypoint>\n        <omgdi:waypoint x=\"655.0\" y=\"118.0\"></omgdi:waypoint>\n      </bpmndi:BPMNEdge>\n      <bpmndi:BPMNEdge bpmnElement=\"sid-B5165EBC-5435-447D-9BE0-1514C025A75E\" id=\"BPMNEdge_sid-B5165EBC-5435-447D-9BE0-1514C025A75E\">\n        <omgdi:waypoint x=\"250.0\" y=\"115.0\"></omgdi:waypoint>\n        <omgdi:waypoint x=\"315.0\" y=\"115.0\"></omgdi:waypoint>\n      </bpmndi:BPMNEdge>\n      <bpmndi:BPMNEdge bpmnElement=\"sid-1CFFE204-30C7-4934-87CC-E378870D70D4\" id=\"BPMNEdge_sid-1CFFE204-30C7-4934-87CC-E378870D70D4\">\n        <omgdi:waypoint x=\"415.0\" y=\"115.0\"></omgdi:waypoint>\n        <omgdi:waypoint x=\"462.5\" y=\"115.0\"></omgdi:waypoint>\n        <omgdi:waypoint x=\"462.5\" y=\"118.0\"></omgdi:waypoint>\n        <omgdi:waypoint x=\"510.0\" y=\"118.0\"></omgdi:waypoint>\n      </bpmndi:BPMNEdge>\n    </bpmndi:BPMNPlane>\n  </bpmndi:BPMNDiagram>\n</definitions>',0),('92510',1,'92501.cs.png','92508','PNG\r\n\Z\n\0\0\0\rIHDR\0\0\0\0\0\0\0\0w-\0\09IDATxo\0Klqƿ`&WimDX4-&d	1h*\0Q/*Z*VZjgϹrɥЗ{oo|Kos9{}\0\0\0\0\0\0\0\0\0\0\0\0\0\0\0\0\0\0\0\0\0\0\0\0\0\0\0\0\0\0\0\0\0\0\0\0\0\0\0\0\0\0\0\0\0\0\0\0\0\0\0\0\0\0\0\0\0\0\0\0\0\0\0\0\0\0\0\0\0\0\0\0\0\0\0\0\0\0\0\0\0\0\0\0\0\0\0\0\0\0\0\0\0\0\0\0\0\0\0\0\0\0\0\0\0\0\0\0\0\0\0\0\0\0\0\0\0\0\0\0\0\0\0\0\0\0\0\0\0\0\0\0\0\0\0\0\0\0\0\0\0\0\0\0\0\0\0\0\0\0\0\0\0\0\0\0\0\0\0\0\0\0\0\0\0\0\0\0\0\0\0\0\0\0\0\0\0\0\0\0\0\0\0\0\0\0\0\0\0\0\0\0\0\0\0\0\0\0\0\0\0$رcw͛QhmmMm4je\00\n1<l߾=L8ř3g[KrRNI\08\r3<rHNI9	\0#/]:rRNIU8D]RD\"\'夜$Xű`ɱON.D|rRNRVq\0y ړO7.J_pU1\r\0!\'$g*fxɃ4;B-\0l>Z:\0ivPkG-\0l,r4;MSNIƧ\0iI!\'\'|-XQf5Tӌ4;MSNIƧ`M?\r41NӔrZɧm1NӔrCZ\0JiF׊k\Zf|N4夜dj*Z\0F2@\\k_M?ivO-XQ0f\\?414夜d|Z8jQӼp!9}dK\rrxF|M|2MSNIU\04otLӔrj`9띐i~~44M9)\')PkG-\0|yKhrRNR`G-\0MSN\n99k*Z\0rrׂU\0 4M9)ZjInmnn>7wdԩImm;tҕi3ijrRI %5̾+^xy%of{=MB3ٳgOɓO>y驧:03ijrRI *^_|,/^Lk߾}/Κ5Д)S~45M9)Zjb޴v-=Xnݺ\rmذ!qjijrRI jԩSWq$XM7ck>_*sڶΙ3\'9|p\'NHg̙krR-0<ӦM{ 4.ÉүhcG6khh$krR-p}`:)6`,W\nhANh;>}zWt6ijrRI µVWW/w@I^~d˖-W_}|w7ܹ3YlY#l+@1rdɒء-0k)\'TB-\\3ޟsٕ+Wn?r۴f͚U~ᇤОxk)\'TB-\\}B;666fNeG#~_u6C*945M9)Zj\'Crte`b5ᥗ^\ZP+qxsX.5RX;\ZijrRICZHڱe]q˗\'Ŵlٲ}q=Jo9/	TUUF4夐ZQYݡVrwlz\r\\vu\"}bjƇiZC(ۡ%sM^jժ8;wnӧ:vtttO׆-7%`MSӔP[A*Z(toԳgd\"פ,ܺCm}qk7C\r/aijrRj∉Uɡ˷|+R^tx]2**4\n9S9#y^[}sWܠ!<W@g̘q\'===Nj{*I\\{I4(眜@CUJ}$|AlXGyΙ3;NN	ijrRj\Zjss(u]+.σE)6nW?*?Kz,ND衇5׬Yrr|[Sϲ&ꫯ./ujֻNmz\nf5Fu\'٣G^lvm_}rzU99wrRG?/gϞc([]]}ņo\"63g$aW{wociirr\\.~}뭷f>s1IaVq|搝hllϞ={zofMfΜ>d޽W\r	١\"ޠiRȻwܑ3bgU}%ӧO|[nkΫ1搫>:eE8[ַh3^3$Ǐ\'>앦/\Zjx]I[oe* 8>0^X\'ja9:2k֬֭+\ZqJ{&oٗ\'x71X\"3<S\011sryFo乧rRZK-QQ,qGKeG(&>| O֦iӦݩ\rP=siƯ?@eNӲZ99y/>Ã}XD|d\"BVqur7\'j!⺵asʕVZ{J[+_6󝝝y}2O<#Kk3z#rR-*NĹsJՋ	:>86o?/.rf	ohh׉m@[UUP3@ 䤐jabw_愷PW?^/V\nh:N=|?7ukoA\ZuZ\0!\'Tw\'~WBIiMMMcl.!%wbW@	Nۜ&޽{{FrM6J\0!\'TB-@1hW\r8M4Nᶮ;loo?/?SN}ŋXSSs,8uMSӔBN=sco*+e\')[eowu)L4夐jAџئѕ;pױ4)lv5!VNaqc_=1cƏbmMS 䤜D-:{QP4MarJb|y0kMS 䤜D-cMShrRNi\nMSNIԂZ\04MMSN\n9Z\04MMSN\n9Z\0MShrRNi\nMSNIԂZ\04MMSN\n9Z\04MMSN\n9Z\0MShrRNi\nMSNIԂZ\04MMSN\n9Z\04MMSN\n9Z\0MShrRNi\nMSNIԂZ\04MMSN\n9Z\04MMSN\n9Z\0MShrRNi\nMSNIԂZ\0h͚UDo4夜j\rm۶tggU״irRNb5#e˖ߵ}7hZw\ZCkkiLrRNb5~Ӻ?-Oe(ZQANIrYű\00Yű\00Yű\0PX\0\0\0\0\0\0\0\0\0\0\0\0\0\0\0\0\0\0\0\0\0\0\0HX\0\0\0\0IENDB`',1),('92513',1,'92501.bpmn20.xml','92512','<?xml version=\"1.0\" encoding=\"UTF-8\"?>\n<definitions xmlns=\"http://www.omg.org/spec/BPMN/20100524/MODEL\" xmlns:xsi=\"http://www.w3.org/2001/XMLSchema-instance\" xmlns:xsd=\"http://www.w3.org/2001/XMLSchema\" xmlns:activiti=\"http://activiti.org/bpmn\" xmlns:bpmndi=\"http://www.omg.org/spec/BPMN/20100524/DI\" xmlns:omgdc=\"http://www.omg.org/spec/DD/20100524/DC\" xmlns:omgdi=\"http://www.omg.org/spec/DD/20100524/DI\" typeLanguage=\"http://www.w3.org/2001/XMLSchema\" expressionLanguage=\"http://www.w3.org/1999/XPath\" targetNamespace=\"http://www.activiti.org/processdef\">\n  <process id=\"cs\" name=\"cs\" isExecutable=\"true\">\n    <startEvent id=\"sid-8BFF7B93-85D4-40D2-8466-7DA036E42C4C\"></startEvent>\n    <userTask id=\"sid-9D315FF5-4138-4583-9B27-4083FB9CC563\" name=\"cs01\"></userTask>\n    <userTask id=\"sid-DBD2D36A-C1B8-4B1B-8D8E-56A9841B18E7\" name=\"cs03\"></userTask>\n    <sequenceFlow id=\"sid-1CFFE204-30C7-4934-87CC-E378870D70D4\" sourceRef=\"sid-9D315FF5-4138-4583-9B27-4083FB9CC563\" targetRef=\"sid-DBD2D36A-C1B8-4B1B-8D8E-56A9841B18E7\"></sequenceFlow>\n    <userTask id=\"sid-0F6B9863-B1C5-41ED-BC1F-3DFF4F5DA581\" name=\"cs \"></userTask>\n    <sequenceFlow id=\"sid-7772EAA3-8304-45E1-A29E-66BC0BF53036\" sourceRef=\"sid-8BFF7B93-85D4-40D2-8466-7DA036E42C4C\" targetRef=\"sid-0F6B9863-B1C5-41ED-BC1F-3DFF4F5DA581\"></sequenceFlow>\n    <sequenceFlow id=\"sid-B5165EBC-5435-447D-9BE0-1514C025A75E\" sourceRef=\"sid-0F6B9863-B1C5-41ED-BC1F-3DFF4F5DA581\" targetRef=\"sid-9D315FF5-4138-4583-9B27-4083FB9CC563\"></sequenceFlow>\n    <endEvent id=\"sid-1BE506D7-2994-4629-9648-17CE6F4650E7\"></endEvent>\n    <sequenceFlow id=\"sid-D924486F-4087-46BF-8D15-E60AF9611DD7\" sourceRef=\"sid-DBD2D36A-C1B8-4B1B-8D8E-56A9841B18E7\" targetRef=\"sid-1BE506D7-2994-4629-9648-17CE6F4650E7\"></sequenceFlow>\n  </process>\n  <bpmndi:BPMNDiagram id=\"BPMNDiagram_cs\">\n    <bpmndi:BPMNPlane bpmnElement=\"cs\" id=\"BPMNPlane_cs\">\n      <bpmndi:BPMNShape bpmnElement=\"sid-8BFF7B93-85D4-40D2-8466-7DA036E42C4C\" id=\"BPMNShape_sid-8BFF7B93-85D4-40D2-8466-7DA036E42C4C\">\n        <omgdc:Bounds height=\"30.0\" width=\"30.0\" x=\"45.0\" y=\"100.0\"></omgdc:Bounds>\n      </bpmndi:BPMNShape>\n      <bpmndi:BPMNShape bpmnElement=\"sid-9D315FF5-4138-4583-9B27-4083FB9CC563\" id=\"BPMNShape_sid-9D315FF5-4138-4583-9B27-4083FB9CC563\">\n        <omgdc:Bounds height=\"80.0\" width=\"100.0\" x=\"315.0\" y=\"75.0\"></omgdc:Bounds>\n      </bpmndi:BPMNShape>\n      <bpmndi:BPMNShape bpmnElement=\"sid-DBD2D36A-C1B8-4B1B-8D8E-56A9841B18E7\" id=\"BPMNShape_sid-DBD2D36A-C1B8-4B1B-8D8E-56A9841B18E7\">\n        <omgdc:Bounds height=\"80.0\" width=\"100.0\" x=\"510.0\" y=\"78.0\"></omgdc:Bounds>\n      </bpmndi:BPMNShape>\n      <bpmndi:BPMNShape bpmnElement=\"sid-0F6B9863-B1C5-41ED-BC1F-3DFF4F5DA581\" id=\"BPMNShape_sid-0F6B9863-B1C5-41ED-BC1F-3DFF4F5DA581\">\n        <omgdc:Bounds height=\"80.0\" width=\"100.0\" x=\"150.0\" y=\"75.0\"></omgdc:Bounds>\n      </bpmndi:BPMNShape>\n      <bpmndi:BPMNShape bpmnElement=\"sid-1BE506D7-2994-4629-9648-17CE6F4650E7\" id=\"BPMNShape_sid-1BE506D7-2994-4629-9648-17CE6F4650E7\">\n        <omgdc:Bounds height=\"28.0\" width=\"28.0\" x=\"655.0\" y=\"104.0\"></omgdc:Bounds>\n      </bpmndi:BPMNShape>\n      <bpmndi:BPMNEdge bpmnElement=\"sid-7772EAA3-8304-45E1-A29E-66BC0BF53036\" id=\"BPMNEdge_sid-7772EAA3-8304-45E1-A29E-66BC0BF53036\">\n        <omgdi:waypoint x=\"75.0\" y=\"115.0\"></omgdi:waypoint>\n        <omgdi:waypoint x=\"150.0\" y=\"115.0\"></omgdi:waypoint>\n      </bpmndi:BPMNEdge>\n      <bpmndi:BPMNEdge bpmnElement=\"sid-D924486F-4087-46BF-8D15-E60AF9611DD7\" id=\"BPMNEdge_sid-D924486F-4087-46BF-8D15-E60AF9611DD7\">\n        <omgdi:waypoint x=\"610.0\" y=\"118.0\"></omgdi:waypoint>\n        <omgdi:waypoint x=\"655.0\" y=\"118.0\"></omgdi:waypoint>\n      </bpmndi:BPMNEdge>\n      <bpmndi:BPMNEdge bpmnElement=\"sid-B5165EBC-5435-447D-9BE0-1514C025A75E\" id=\"BPMNEdge_sid-B5165EBC-5435-447D-9BE0-1514C025A75E\">\n        <omgdi:waypoint x=\"250.0\" y=\"115.0\"></omgdi:waypoint>\n        <omgdi:waypoint x=\"315.0\" y=\"115.0\"></omgdi:waypoint>\n      </bpmndi:BPMNEdge>\n      <bpmndi:BPMNEdge bpmnElement=\"sid-1CFFE204-30C7-4934-87CC-E378870D70D4\" id=\"BPMNEdge_sid-1CFFE204-30C7-4934-87CC-E378870D70D4\">\n        <omgdi:waypoint x=\"415.0\" y=\"115.0\"></omgdi:waypoint>\n        <omgdi:waypoint x=\"462.5\" y=\"115.0\"></omgdi:waypoint>\n        <omgdi:waypoint x=\"462.5\" y=\"118.0\"></omgdi:waypoint>\n        <omgdi:waypoint x=\"510.0\" y=\"118.0\"></omgdi:waypoint>\n      </bpmndi:BPMNEdge>\n    </bpmndi:BPMNPlane>\n  </bpmndi:BPMNDiagram>\n</definitions>',0),('92514',1,'92501.cs.png','92512','PNG\r\n\Z\n\0\0\0\rIHDR\0\0\0\0\0\0\0\0w-\0\09IDATxo\0Klqƿ`&WimDX4-&d	1h*\0Q/*Z*VZjgϹrɥЗ{oo|Kos9{}\0\0\0\0\0\0\0\0\0\0\0\0\0\0\0\0\0\0\0\0\0\0\0\0\0\0\0\0\0\0\0\0\0\0\0\0\0\0\0\0\0\0\0\0\0\0\0\0\0\0\0\0\0\0\0\0\0\0\0\0\0\0\0\0\0\0\0\0\0\0\0\0\0\0\0\0\0\0\0\0\0\0\0\0\0\0\0\0\0\0\0\0\0\0\0\0\0\0\0\0\0\0\0\0\0\0\0\0\0\0\0\0\0\0\0\0\0\0\0\0\0\0\0\0\0\0\0\0\0\0\0\0\0\0\0\0\0\0\0\0\0\0\0\0\0\0\0\0\0\0\0\0\0\0\0\0\0\0\0\0\0\0\0\0\0\0\0\0\0\0\0\0\0\0\0\0\0\0\0\0\0\0\0\0\0\0\0\0\0\0\0\0\0\0\0\0\0\0\0\0\0$رcw͛QhmmMm4je\00\n1<l߾=L8ř3g[KrRNI\08\r3<rHNI9	\0#/]:rRNIU8D]RD\"\'夜$Xű`ɱON.D|rRNRVq\0y ړO7.J_pU1\r\0!\'$g*fxɃ4;B-\0l>Z:\0ivPkG-\0l,r4;MSNIƧ\0iI!\'\'|-XQf5Tӌ4;MSNIƧ`M?\r41NӔrZɧm1NӔrCZ\0JiF׊k\Zf|N4夜dj*Z\0F2@\\k_M?ivO-XQ0f\\?414夜d|Z8jQӼp!9}dK\rrxF|M|2MSNIU\04otLӔrj`9띐i~~44M9)\')PkG-\0|yKhrRNR`G-\0MSN\n99k*Z\0rrׂU\0 4M9)ZjInmnn>7wdԩImm;tҕi3ijrRI %5̾+^xy%of{=MB3ٳgOɓO>y驧:03ijrRI *^_|,/^Lk߾}/Κ5Д)S~45M9)Zjb޴v-=Xnݺ\rmذ!qjijrRI jԩSWq$XM7ck>_*sڶΙ3\'9|p\'NHg̙krR-0<ӦM{ 4.ÉүhcG6khh$krR-p}`:)6`,W\nhANh;>}zWt6ijrRI µVWW/w@I^~d˖-W_}|w7ܹ3YlY#l+@1rdɒء-0k)\'TB-\\3ޟsٕ+Wn?r۴f͚U~ᇤОxk)\'TB-\\}B;666fNeG#~_u6C*945M9)Zj\'Crte`b5ᥗ^\ZP+qxsX.5RX;\ZijrRICZHڱe]q˗\'Ŵlٲ}q=Jo9/	TUUF4夐ZQYݡVrwlz\r\\vu\"}bjƇiZC(ۡ%sM^jժ8;wnӧ:vtttO׆-7%`MSӔP[A*Z(toԳgd\"פ,ܺCm}qk7C\r/aijrRj∉Uɡ˷|+R^tx]2**4\n9S9#y^[}sWܠ!<W@g̘q\'===Nj{*I\\{I4(眜@CUJ}$|AlXGyΙ3;NN	ijrRj\Zjss(u]+.σE)6nW?*?Kz,ND衇5׬Yrr|[Sϲ&ꫯ./ujֻNmz\nf5Fu\'٣G^lvm_}rzU99wrRG?/gϞc([]]}ņo\"63g$aW{wociirr\\.~}뭷f>s1IaVq|搝hllϞ={zofMfΜ>d޽W\r	١\"ޠiRȻwܑ3bgU}%ӧO|[nkΫ1搫>:eE8[ַh3^3$Ǐ\'>앦/\Zjx]I[oe* 8>0^X\'ja9:2k֬֭+\ZqJ{&oٗ\'x71X\"3<S\011sryFo乧rRZK-QQ,qGKeG(&>| O֦iӦݩ\rP=siƯ?@eNӲZ99y/>Ã}XD|d\"BVqur7\'j!⺵asʕVZ{J[+_6󝝝y}2O<#Kk3z#rR-*NĹsJՋ	:>86o?/.rf	ohh׉m@[UUP3@ 䤐jabw_愷PW?^/V\nh:N=|?7ukoA\ZuZ\0!\'Tw\'~WBIiMMMcl.!%wbW@	Nۜ&޽{{FrM6J\0!\'TB-@1hW\r8M4Nᶮ;loo?/?SN}ŋXSSs,8uMSӔBN=sco*+e\')[eowu)L4夐jAџئѕ;pױ4)lv5!VNaqc_=1cƏbmMS 䤜D-:{QP4MarJb|y0kMS 䤜D-cMShrRNi\nMSNIԂZ\04MMSN\n9Z\04MMSN\n9Z\0MShrRNi\nMSNIԂZ\04MMSN\n9Z\04MMSN\n9Z\0MShrRNi\nMSNIԂZ\04MMSN\n9Z\04MMSN\n9Z\0MShrRNi\nMSNIԂZ\04MMSN\n9Z\04MMSN\n9Z\0MShrRNi\nMSNIԂZ\0h͚UDo4夜j\rm۶tggU״irRNb5#e˖ߵ}7hZw\ZCkkiLrRNb5~Ӻ?-Oe(ZQANIrYű\00Yű\00Yű\0PX\0\0\0\0\0\0\0\0\0\0\0\0\0\0\0\0\0\0\0\0\0\0\0HX\0\0\0\0IENDB`',1),('92517',11,'source',NULL,'{\"bounds\":{\"lowerRight\":{\"x\":1485.0,\"y\":700.0},\"upperLeft\":{\"x\":0.0,\"y\":0.0}},\"resourceId\":\"canvas\",\"stencil\":{\"id\":\"BPMNDiagram\"},\"stencilset\":{\"namespace\":\"http://b3mn.org/stencilset/bpmn2.0#\",\"url\":\"../editor/stencilsets/bpmn2.0/bpmn2.0.json\"},\"properties\":{\"process_id\":\"leave\",\"name\":\"cs011\",\"process_namespace\":\"http://www.activiti.org/processdef\",\"messages\":[],\"executionlisteners\":{\"executionListeners\":[]},\"eventlisteners\":{\"eventListeners\":[]},\"signaldefinitions\":[],\"messagedefinitions\":[]},\"childShapes\":[{\"bounds\":{\"lowerRight\":{\"x\":75.0,\"y\":120.0},\"upperLeft\":{\"x\":45.0,\"y\":90.0}},\"resourceId\":\"sid-6D47EAC9-109F-46F2-B0EF-0D1953D8547D\",\"childShapes\":[],\"stencil\":{\"id\":\"StartNoneEvent\"},\"properties\":{\"overrideid\":\"sid-6D47EAC9-109F-46F2-B0EF-0D1953D8547D\"},\"outgoing\":[{\"resourceId\":\"sid-45835F03-A74D-4955-8889-1F8D2D953846\"}]},{\"bounds\":{\"lowerRight\":{\"x\":250.0,\"y\":185.0},\"upperLeft\":{\"x\":150.0,\"y\":105.0}},\"resourceId\":\"sid-F5676A61-8CCE-4323-9201-1701E71CD81F\",\"childShapes\":[],\"stencil\":{\"id\":\"UserTask\"},\"properties\":{\"overrideid\":\"sid-F5676A61-8CCE-4323-9201-1701E71CD81F\",\"name\":\"cs01\",\"asynchronousdefinition\":false,\"exclusivedefinition\":false,\"tasklisteners\":{\"taskListeners\":[]},\"executionlisteners\":{\"executionListeners\":[]}},\"outgoing\":[{\"resourceId\":\"sid-A00980D9-9EF0-476B-BCB6-F2CA50966E3F\"}]},{\"bounds\":{\"lowerRight\":{\"x\":172.0,\"y\":212.0},\"upperLeft\":{\"x\":128.0,\"y\":212.0}},\"resourceId\":\"sid-45835F03-A74D-4955-8889-1F8D2D953846\",\"childShapes\":[],\"stencil\":{\"id\":\"SequenceFlow\"},\"dockers\":[{\"x\":15.0,\"y\":15.0},{\"x\":50.0,\"y\":40.0}],\"outgoing\":[{\"resourceId\":\"sid-F5676A61-8CCE-4323-9201-1701E71CD81F\"}],\"target\":{\"resourceId\":\"sid-F5676A61-8CCE-4323-9201-1701E71CD81F\"},\"properties\":{\"overrideid\":\"sid-45835F03-A74D-4955-8889-1F8D2D953846\"}},{\"bounds\":{\"lowerRight\":{\"x\":385.0,\"y\":110.0},\"upperLeft\":{\"x\":285.0,\"y\":30.0}},\"resourceId\":\"sid-7A12762F-A735-4BB5-BA28-7FF3F21F39D6\",\"childShapes\":[],\"stencil\":{\"id\":\"UserTask\"},\"properties\":{\"overrideid\":\"sid-7A12762F-A735-4BB5-BA28-7FF3F21F39D6\",\"name\":\"cs02\",\"asynchronousdefinition\":false,\"exclusivedefinition\":false,\"tasklisteners\":{\"taskListeners\":[]},\"executionlisteners\":{\"executionListeners\":[]}},\"outgoing\":[{\"resourceId\":\"sid-E780DD27-4279-4555-B08E-C665279AF239\"}]},{\"bounds\":{\"lowerRight\":{\"x\":535.0,\"y\":200.0},\"upperLeft\":{\"x\":435.0,\"y\":120.0}},\"resourceId\":\"sid-A30C477F-76F9-4C38-B057-CDA094A2B817\",\"childShapes\":[],\"stencil\":{\"id\":\"UserTask\"},\"properties\":{\"overrideid\":\"sid-A30C477F-76F9-4C38-B057-CDA094A2B817\",\"name\":\"cs03\",\"asynchronousdefinition\":false,\"exclusivedefinition\":false,\"tasklisteners\":{\"taskListeners\":[]},\"executionlisteners\":{\"executionListeners\":[]}},\"outgoing\":[{\"resourceId\":\"sid-FBB884B5-A2E1-4D80-8A84-64F6BD186E84\"}]},{\"bounds\":{\"lowerRight\":{\"x\":310.0,\"y\":265.0},\"upperLeft\":{\"x\":270.0,\"y\":225.0}},\"resourceId\":\"sid-CE95D884-6C8D-433A-B66C-13B9FF273AE1\",\"childShapes\":[],\"stencil\":{\"id\":\"ExclusiveGateway\"},\"properties\":{\"overrideid\":\"sid-CE95D884-6C8D-433A-B66C-13B9FF273AE1\",\"name\":\"pd\"},\"outgoing\":[{\"resourceId\":\"sid-6AF427D8-4C86-46F4-B387-C71D9E9ADAFC\"},{\"resourceId\":\"sid-AF8542E3-2579-4F4C-967B-A1F3A7344FF7\"}]},{\"bounds\":{\"lowerRight\":{\"x\":475.0,\"y\":380.0},\"upperLeft\":{\"x\":375.0,\"y\":300.0}},\"resourceId\":\"sid-5A7B2442-8589-46C8-9FA7-DD5DACDA574C\",\"childShapes\":[],\"stencil\":{\"id\":\"UserTask\"},\"properties\":{\"overrideid\":\"sid-5A7B2442-8589-46C8-9FA7-DD5DACDA574C\",\"name\":\"cs04\",\"asynchronousdefinition\":false,\"exclusivedefinition\":false,\"tasklisteners\":{\"taskListeners\":[]},\"executionlisteners\":{\"executionListeners\":[]}},\"outgoing\":[{\"resourceId\":\"sid-40CF83A7-6DFB-46E1-9E78-061270F4EDC9\"}]},{\"bounds\":{\"lowerRight\":{\"x\":172.0,\"y\":212.0},\"upperLeft\":{\"x\":128.0,\"y\":212.0}},\"resourceId\":\"sid-6AF427D8-4C86-46F4-B387-C71D9E9ADAFC\",\"childShapes\":[],\"stencil\":{\"id\":\"SequenceFlow\"},\"dockers\":[{\"x\":20.0,\"y\":20.0},{\"x\":425.0,\"y\":245.5},{\"x\":50.0,\"y\":40.0}],\"outgoing\":[{\"resourceId\":\"sid-5A7B2442-8589-46C8-9FA7-DD5DACDA574C\"}],\"target\":{\"resourceId\":\"sid-5A7B2442-8589-46C8-9FA7-DD5DACDA574C\"},\"properties\":{\"overrideid\":\"sid-6AF427D8-4C86-46F4-B387-C71D9E9ADAFC\",\"conditionsequenceflow\":\"${day<4}\"}},{\"bounds\":{\"lowerRight\":{\"x\":205.0,\"y\":380.0},\"upperLeft\":{\"x\":105.0,\"y\":300.0}},\"resourceId\":\"sid-CE6842C8-B248-40D6-B25D-FCE5FAFD7B78\",\"childShapes\":[],\"stencil\":{\"id\":\"UserTask\"},\"properties\":{\"overrideid\":\"sid-CE6842C8-B248-40D6-B25D-FCE5FAFD7B78\",\"name\":\"cs05\",\"asynchronousdefinition\":false,\"exclusivedefinition\":false,\"tasklisteners\":{\"taskListeners\":[]},\"executionlisteners\":{\"executionListeners\":[]}},\"outgoing\":[{\"resourceId\":\"sid-CEA47563-B6D7-4525-A5DC-5433B8900D29\"}]},{\"bounds\":{\"lowerRight\":{\"x\":172.0,\"y\":212.0},\"upperLeft\":{\"x\":128.0,\"y\":212.0}},\"resourceId\":\"sid-AF8542E3-2579-4F4C-967B-A1F3A7344FF7\",\"childShapes\":[],\"stencil\":{\"id\":\"SequenceFlow\"},\"dockers\":[{\"x\":20.0,\"y\":20.0},{\"x\":50.0,\"y\":40.0}],\"outgoing\":[{\"resourceId\":\"sid-CE6842C8-B248-40D6-B25D-FCE5FAFD7B78\"}],\"target\":{\"resourceId\":\"sid-CE6842C8-B248-40D6-B25D-FCE5FAFD7B78\"},\"properties\":{\"overrideid\":\"sid-AF8542E3-2579-4F4C-967B-A1F3A7344FF7\",\"conditionsequenceflow\":\"${day>4}\"}},{\"bounds\":{\"lowerRight\":{\"x\":304.0,\"y\":433.0},\"upperLeft\":{\"x\":276.0,\"y\":405.0}},\"resourceId\":\"sid-89C628F1-4139-4A09-A671-D66EF08FA979\",\"childShapes\":[],\"stencil\":{\"id\":\"EndNoneEvent\"},\"properties\":{\"overrideid\":\"sid-89C628F1-4139-4A09-A671-D66EF08FA979\"},\"outgoing\":[]},{\"bounds\":{\"lowerRight\":{\"x\":172.0,\"y\":212.0},\"upperLeft\":{\"x\":128.0,\"y\":212.0}},\"resourceId\":\"sid-CEA47563-B6D7-4525-A5DC-5433B8900D29\",\"childShapes\":[],\"stencil\":{\"id\":\"SequenceFlow\"},\"dockers\":[{\"x\":50.0,\"y\":40.0},{\"x\":14.0,\"y\":14.0}],\"outgoing\":[{\"resourceId\":\"sid-89C628F1-4139-4A09-A671-D66EF08FA979\"}],\"target\":{\"resourceId\":\"sid-89C628F1-4139-4A09-A671-D66EF08FA979\"},\"properties\":{\"overrideid\":\"sid-CEA47563-B6D7-4525-A5DC-5433B8900D29\"}},{\"bounds\":{\"lowerRight\":{\"x\":172.0,\"y\":212.0},\"upperLeft\":{\"x\":128.0,\"y\":212.0}},\"resourceId\":\"sid-40CF83A7-6DFB-46E1-9E78-061270F4EDC9\",\"childShapes\":[],\"stencil\":{\"id\":\"SequenceFlow\"},\"dockers\":[{\"x\":50.0,\"y\":40.0},{\"x\":14.0,\"y\":14.0}],\"outgoing\":[{\"resourceId\":\"sid-89C628F1-4139-4A09-A671-D66EF08FA979\"}],\"target\":{\"resourceId\":\"sid-89C628F1-4139-4A09-A671-D66EF08FA979\"},\"properties\":{\"overrideid\":\"sid-40CF83A7-6DFB-46E1-9E78-061270F4EDC9\"}},{\"bounds\":{\"lowerRight\":{\"x\":172.0,\"y\":212.0},\"upperLeft\":{\"x\":128.0,\"y\":212.0}},\"resourceId\":\"sid-E780DD27-4279-4555-B08E-C665279AF239\",\"childShapes\":[],\"stencil\":{\"id\":\"SequenceFlow\"},\"dockers\":[{\"x\":50.0,\"y\":40.0},{\"x\":485.0,\"y\":70.0},{\"x\":50.0,\"y\":40.0}],\"outgoing\":[{\"resourceId\":\"sid-A30C477F-76F9-4C38-B057-CDA094A2B817\"}],\"target\":{\"resourceId\":\"sid-A30C477F-76F9-4C38-B057-CDA094A2B817\"},\"properties\":{\"overrideid\":\"sid-E780DD27-4279-4555-B08E-C665279AF239\"}},{\"bounds\":{\"lowerRight\":{\"x\":172.0,\"y\":212.0},\"upperLeft\":{\"x\":128.0,\"y\":212.0}},\"resourceId\":\"sid-FBB884B5-A2E1-4D80-8A84-64F6BD186E84\",\"childShapes\":[],\"stencil\":{\"id\":\"SequenceFlow\"},\"dockers\":[{\"x\":50.0,\"y\":40.0},{\"x\":20.0,\"y\":20.0}],\"outgoing\":[{\"resourceId\":\"sid-CE95D884-6C8D-433A-B66C-13B9FF273AE1\"}],\"target\":{\"resourceId\":\"sid-CE95D884-6C8D-433A-B66C-13B9FF273AE1\"},\"properties\":{\"overrideid\":\"sid-FBB884B5-A2E1-4D80-8A84-64F6BD186E84\"}},{\"bounds\":{\"lowerRight\":{\"x\":172.0,\"y\":212.0},\"upperLeft\":{\"x\":128.0,\"y\":212.0}},\"resourceId\":\"sid-A00980D9-9EF0-476B-BCB6-F2CA50966E3F\",\"childShapes\":[],\"stencil\":{\"id\":\"SequenceFlow\"},\"dockers\":[{\"x\":50.0,\"y\":40.0},{\"x\":200.0,\"y\":70.0},{\"x\":50.0,\"y\":40.0}],\"outgoing\":[{\"resourceId\":\"sid-7A12762F-A735-4BB5-BA28-7FF3F21F39D6\"}],\"target\":{\"resourceId\":\"sid-7A12762F-A735-4BB5-BA28-7FF3F21F39D6\"},\"properties\":{\"overrideid\":\"sid-A00980D9-9EF0-476B-BCB6-F2CA50966E3F\",\"name\":\"tj\"}}]}',NULL),('92518',4,'source-extra',NULL,'PNG\r\n\Z\n\0\0\0\rIHDR\0\0I\0\0\0\0\07!\0\0\0 cHRM\0\0z&\0\0\0\0\0\0\0\0\0u0\0\0`\0\0:\0\0pQ<\0\0\0gAMA\0\0|Q\0\0\0sRGB\0\0\0\0bKGD\0\0\0\0\0\0	pHYs\0\0\0\0+\0\0 \0IDATx	|T33!% `	6A4AZ}ݾ|*TdqPm\"PV@q!$H s3H d$qΝ$93s}=\\c\0\0\0\0\0\0\0\0\0\0\0\0\0\0\0\0\0\0\0\0\0\0\0\0\0\0\0\0\0\0\0\0\0\0\0\0\0\0\0\0\0\0\0\0\0\0\0\0\0\0\0\0\0\0\0\0\0\0\0\0\0\0\0\0\0\0\0\0\0\0\0\0\0\0\0\0\0\0\0\0\0\0\0\0\0\0\0\0\0\0\0\0\0\0\0\0\0\0\0\0\0\0F\0hh~߹e˖\n\n\n:t>fGDD	_]\\\\<iS+\0!	@#!yyyZƚ(ӦMc۩\ZҠ)s~SXX8vذaY@Hrrrn޼=z.]hRva~_\ZNA\0h$~R=۷صkcǎ0w )5 m4n<,2y[>6~b\"Zu4am\Z\nנx\Z3f{E\0?zb, m[Syb)\nZ2z9@H\"tv>HٻSSrq50mɠkInڇlٲA@HtbR	Z	cǎY&\0B 0ŕjS\"\0*F\0O:QBÓס,b	b$W:!E@2@HlW}a@ $h	ouvGHӾ`*\0!	@:iաot\0\04_㶕>@\0 $hmͬ];gY\0 $h6X+iuڷd~g$\0u\0\Z}*$1vqZS\0@%	@ҖiS\0I\0&m.\nPg8A\ryJ\0hI\0\0 $\0\0\0\0\0I\0\0\0$\0\0\0B\0\0\0!	\0\0\0\0@H\0\0 $\0\0\0\0\0I\0\0\0$\0\0f**\0p*\\.l%\0B\0z؃IIIvT\r\0B\0f4p\\ErԢ,\\Ę{tMeK76l0}1~x\0$\0L[)7H`H$\'\'-ޔO=񘬬,m6sW}AY46Ro4={4^z)rJXQ7jR6+[JJJ̫j֬Ycu]gFa+Vˑ?&%%̚5ˬZʴm[gϞ]y?@HI@\'_dBMԈ04Hݻw:zhc͔)S9cn&Mdڵkg\Z-ZZ/..R\nYs<vZ}]\ZRRnw6@HB\'Z{fԨQ!Gi둞gNڦ)jӦ9riݺG}d-5TEDDX!\"<իꪫBOͺuDp%$DLUP~aَ<#-[XÂ)4͜9:\\r%0]v=9eIбy+T-Y$^HnݪAwlV@r\\\nw䒉OP,md\\%\'[n@dX5zmϞ=VMnn6mq8FO6Pǆ~|fҥNײCז.ߡ\"(\04!GxDk5dAddr	FBˍ7|r3dk[zzZ<LsZAHOixV9s昇z=w\\Y³ZʷP $hw\'`qc\'InsmY}.0&L0W_}Ze(ԩSJٱc8p曭44io?Թsgͻ $hT,2v}͛7CY-E/\'\'ڦZlYxIBaGNӟ=|0o`ٲN;MqfADۂz; $MR\0;U\0\0\0@H\0\0 $\0\0\0\0\0I\0\0\0$\0\0\0B\0\0\0!	\0\0\0\0x06vR~:j\0ܬrW>㾐2\0\\RX?OJVKrL\0Cwnذu]{;Z06m۷oc۶m#GCHw \0R\".\0@I\ZgM޳gOX~LBB޽PdNd;p@mN:}ڵ9|LMNJ_\"S)w[\0\0aʕe.08AIKLL9͍7h/{n;2==}o&II@\04ِ}ݥ]}+0*)?0^mCR9\"eO}tRD\0dHҀ\'g>3Ϭ\r6E>SǏ1sM\Z,%c;,v)>	\0$C i@0au6<ӑ|rryU\ZϥDK.5i5\0)h3nk>಻ﾻR>?޺E$(Vi\" \0MHQlK.}U [eE))))n\0\0!QXp,Ư}UW]uzrrX.\0\0B\"eeeFhѢn\0\0BRHәw9q^e\0\0 $,HeE֕>#Ѽe\Ztv@^<\0JHk߿^_C[ӹTD駟t\'vRHҋȳtg4WP-ZX~*\"x<|YdP@\Zda;t\"&.aPQQ޽{F4{jΩTEKJJzTUr.n7BRwjS9yTJܲe]c:P\"~\'ǍdGDD	_]\\\\<iK/]\'߱c]v@gC6nϔ\"IOl\nwk\Z$v͚5ukkiFw!w_uU!_4m:_x_Fޯc\r`lvvhٶm[> l߾};R;Crj*<|;5@a1ѲS-y}TEoSp֭vi-/BӣG=}gt80{U飏>&Tf	p5_}~	w6lpf5tsvcP[*Α/z}&\"I[֩z@rM||S+A{]t1G9dȐ%%%|yCzcRIob]~s>09r/wN:[TTGV#_>ӿ+>JSlTtJpN\"cs-&UG闚\n7۷x<W3y\nſsܹ[;vh+ehM9i޽}iamW\\ix^x׫ர|KL|})5F\'IvmݺfysiBɢ|RΓ2P@1.k$ٹ\"75rI[ 驵Ҷ1%Gm;,qٖ5ժU+ӫW/|ACSoXt鹹$h@ڠRc=:iT=;^}&$$Uݳ></]I}tݷm9&eJ\'\"$>f/%IIIڌO),huvS?ٻӣRّےa\rçt֭m\\l٠P+tRC&6DsFE!IOJ%IJN{K0 [͙3,y)a?iAr0yS%YVZ)[Òl[DKNXj+jOǎ=?(Y1gENɾeSmsssSKS6k֬o}|pu7uҤIڊW@y,11OXXXar;AJ/))r;ET&}\'X,oMMUAҐTs6uСj= sdru\'hQmj#$U}Fy晵6lx/ZeU}o			ar0\\~jS)N&QBG>:s\\ٔZtH	\rO^β&$n䶎>\'CH6۝=v[\'OgyeLL}ȑspZZڷ=B@1v=A&SʤM-)ZDrr\npX=Ofc>Й)4^0jM;w\\\"{d4&Qih`_~C\\\\gŊO᧝vZS[|ɾ^U	b_|WYb\'9rDOzH)tm[];G\\x9*0xO\"1EϜ*DwȧboDj=:֑moiXMrIJJ:O>zhǈ#ZU3?O?؂RoZ[(GԜKACr!mer\\+~rۭ-h5k]Ǎps4{	Ypo˾Qm#ƭAB> oo{yEVǋ-[pܹ}JJJt8e=V]Lӵh_X=7J>8:JN2i:\rOϕ1 \"\"\"1ejϴٿcqt	Y~z ݷS+ZhazI&~v\\\\>۷oՋؾ+VplܸQOux5t__(+BkL㶕>@III~gR6m:-3dkGiWΊiGw\ZKdJO4y\rʴl2^Z}G6oߵ.CR=MlkMx+dՖ_fС\\͊m:-A%*//Ϭ^\\pSNl6|iO\Z<xǄ$`+ݭƭL;^,$ݛ>pp{>Ȕ!	:v:a0hДiu2#^±Æ\rkrWpr7nzq])RuaZ֭5o\rܭIXix)R΍7UuĜSkϝumzwޜ߉&,;{6}&MgK564\'999ڝ;wngϏɵC1\"\"º.g.]<c8pM7ݔ5gΜII:TR)s$())7G$rg($VϕӠS	I?{NN?wpz/0!	R@rM~ΝG0{B׾}vzرΝ}Sߘ`	tK\r\rkK<1\"##2cOketXzzzAUpmu}͛Z9ׅܽi螦c+mW*Zje96֭{?z#$5#i\ru\0~a\rHI5䨫lĜ)^a]cxRR\r,8S<\0h\'5kLѣGiڿLLj)(\'au))R$PuM\rMeL\'y\Z$9)]{@㢣شv.]*O+0y[2LcZЭ[۶m;sٲe?$X#^RnY_7[&u[e}\ng	cǎq6XHG[$4e|k\\.S:c8><H:̿2ZԡC=wPtr4]\r\0F\'QVhx:tE\r$TH\'ϯ\\JPotC&`Q:4FZP:NRdvˎ*N.袋\0Ed;k޵\n$	v߯DyNs.8n8?U TsF9ZD=SA $n7h2Z3vc]?m:SA\'p\0͂m%P1 $\0\'nά]iyZז!	\0FKO|1Ӻ^[ejWj~uM7 >I\0&G[v~RTzy}ߘ?8~ђ\0hre<mqT ,$\0\Z_͖8##ϧ-C\0~өSCIII9%%%+dqC$N,\\Ę{tM=nɒ%~0wy\'Ԁfk)&w\\eۛzmj$ D<񘬬,m6sW}AY]̘10FV/%0N$ꫯ5k֘0suי#F\r6W^yj95)))_~f֬YfժUm۶&>>>{첐ԥKhCu)	L7teޠ	$=ںB͔)S9cn&Mdڵkg\Z-ZZ/..R̲\Zg?sȑ/Ryw\0	GzE_K`uQQؽ AHM[222gNڦ}ӦM3rHӺuk+>Zj\nV+D5&~Yn>ɻ\0MTիWs$lbR0\0i(9s*\\r%0]v=9eW^g֭\Z&.@J~f;Kno8pT!I@5i+v>Cf^~E2}tkMff|٦:t`?|#<Ż\0rU:!^)-F]>Y.2_>KO-AH/7#5˗/7C8u34^{\'m3gy衇Ns5Lni(*6큢%- 22r}TI@-FnvmV$m-̄	W_mEEEY-J85uTһkvahnwq9p@m=_\n(\Zޑ,fI@͛7CY-EkjٲeuNޚ(2::ڜviG=!P{T,2t~Z@HS tmA{Ҁ5fe;wh1!	\0\0rT\0\0\0!	\0\0\0\0P]I\0 DEqk[{17tS73ׯbǃ\0@OX5\"\nW^y5ɠAGswK/|:SܹQ󷁐\0@әuYvuי#F\r6W^yj9ӯ_?3k,j*Ӷm[om={vYHm/B\0\0ѣi?<xL2Ŝs9օ\'Mdڵkg\Z-ZZ׋hkX\nҠy~GDz_~&$\0xh^RO!!zK#%rI\ZGi\nsk:^2I/4l0rJn\0h+OBBBY@\n \rEzam=6tPO[ݺvzshR^ۮܷ~k}y8\n-I\0\0m}Y!G/駟ӧ[BӦM3޽\Z٦_|\'Tv%	\0:p嗛[˗mKOO:moܸѺ`^k[駟t%9sXNsε\'|z~~IMM5{.]GhI\0h#mn6]pf	ꫯZ?(5ҾJٱc8pQ_x3n8TMbby衇l;4\0\0 \0IDATB\0\0ː!C͛͡Cpk{NNMlٲ:\'ZLttTC:r5>I\0\04JЉݻ4i}\0\0\0I\0\0\0$\0\0\0B\0\0\0!	\0\0\0\0@H\0\0 $\0\0\0\0\0Iho,#\Z[eQBM\0\0!	!t:p\0~,YdR\0@HBhѢŊS!\"\0\0BB@QQ~hX{ ˿R\0@HBKWK@Zc*eee-aСCWRhc].STj]URTT46;;6mڴl۶-R۷h޽#}>PjMMrr`9\0H)7nHђ:3lذoj?Gy6lpfU^,jMABBBXRRK|,StWgy&B\Z!C,/))_쥏RzcR4v)))F%)ۥLznݴV.p\r>Ë_޾}y111;t9***n\'ה΃uvҖ zb	]bbb`aaKQt`{]222$4~zMK.=777w=ԝکRvKFT:is\\xD{JR\0v3!$]q:!8JJJGqMB>ZIIɬMI\0fc̘1ݼ^{˝R@4922ҝZ!	\0l$%%\rPtnΐsss$\0@C;u4ZÑ)p-B\0! 4Nn	l!NN\0hVsn|>ӊ4<Ĕ%$\0P^Cw:8)**mtZB\0\0\r=E+?tb[S:o!	\0|~	h/{-#0uYNm\n$\0)ձt\'|FB]vj zH	IM%	\0P%>hlvvmڴio߾}I@\Z׎l*-I\0jLC/_>$,,(R\r6-2d1!	\0ФC3tΝ;	Y5(={,޽{{(թ쬬eڂ$|kS\nH$\0q/E<\rG,X?0nv^LL:teytbN!6lXVS_	I\0\n\"|MooҥKϵlLiR59SJ:teSG	I\0ЌK*?_[8Ι\\2!	\0J/2,F\0!	\0PN0?UÑ^C-$\0h6*\'k\0B\0Z*\Z/v}FDD;7I\0ЬT4_b	J/j $@Q~	FRfo\0B\04$zJ-Sj\0!	\0J|vڕ~\0-p)7/mg?@Hf%11{/pn̗B]U\0\0rSj>r3H,;)==Z-I\0zH/ĪԮ-w0}̣@HfC/ҹsgSn\nl.lȶי $@p8˪Tt~#ZII,7I\0Ь$%%m\Z&;N7$\0hVB`(Csss $@]TT<\'H[QZZڷ@HfCN?%C!Ns\n\0B\04+Ƀha?@H,%%yzY?!\0!	\0Uߨnc?@HfKgŖ0tfsցI\0P{tWc	III.	FzJmPI\0P&L0vƍo/\'R|\ZZ\\`3CB\0ԍK޶mۼ{FFs?ߗn)AH8\nRgDFF)5\0{w}7_~6mm۶7Ko;SzIIIz*	G#p\n$\0uˮ)hÆ\rO]v\Z$KBOUEEE	[O\rl.`D~skx\0B\0ԙ\'ޔcR(M2۪U3f7ݾPV[cC06ߨn2cy\0B\0K@{qڢ4yb	+s]Tߗt?j5(.m=rQyEb\0!	\0# 4d|P4i	93g{bcco+y;R5ok׮ $7wߵ{\'I4(%%%JKK[RgEEEi:$Ֆv}[oɫX\0@]$ǓvIuǱr򫯾Dm6۠=錙7o%yx\0\0+(2\'\'gnuRtg^\'\nJA[K% u󖔔<5W	\0!	@۷>Hw^+66V[VZUaP\ntNT^)6mAj\'z[ru_H٤\r\Zg	GOH	;$$8:nUuҖ;8SN5111e:dƍwf̘aڷookg^x{H+5{+\\\0hIPk*t:Mǎ_mmvdgg_G]v	?vڙѣGQڢԻw+Vk*Y:]Rlz?~1Q\0j) YEJ@p&K/,]m\rB[l1k֬14}JQaaam۶fGkh\Z7no֬Yzs)zGQII\'<<0ꢙ@Ax<\'NEEE\\H3{)ۮGёm>돼FWu%\0*NXmNNΜtnݺ9ruG[233M^^^i6mژ_.;uѻwog}vYgQ\0Bz}K Uu\\\\?i\nBR~~zeiժM-N|-N?tʕ+-AiA	\0!	@`@:\"v޽^hk[Ϟ=;wӧOg}6\'	)Ny]w٫;/lV^]v-$X###c믿ixT۝M51\r)nܸ+T7 cǚUVMyyyс+<E SSM81%##/olV0\nҖEYIqiɢ\r-IMƓTI\0\Z7דOy_z饴{OHׯ?T[n-;T[no)h^̫\\.\Z*\0Pn׮ݨiӦy*ӧmڢ~3{R:	U;_|H	]c,X@@@HаL0::z,k׮o;*\00=z5_GUz>^\n\'  $ԪUĩS,(K,9*$EFFZtɠ+W͛7ĉ~-$\0$\0!gƌ/,,_>rkY3nlr-V@뮻dLdKKK[ȫ\0 $%\0?Dg>֊+.Gtȋ/Zׯ9snJ|$\0B<Ozaf*)ߙ{߾}dnn~Gxۻw;w$	b)6\0uԈN.YTT5ӊ|+aW>gM&< RZZjis\\O)\0&7Z\0T_o4+i@p4^`ه9eʔ/[[)8>p[\0,!!!lРAH(#7K.\Z	GV쯾js\\\\ܪ?<gϞ.]TLOM<Y )	vIVVV5FKS(6<}ܗvzLr833Z-JNڦz}tW\0@HP\\~_ )nx<ץU3zjLҤIۑS};iW[RF $9r͖P&7;r,ϖ2/##d?ڗ^zA)8}\04$8!	G	%%%`)Eͽw{OyR~VZJ(w%F{z~\'I9,A)Li5RrIYWO\Z\Z-I\0*CI=JKKR֣h%ߟK/֮]_cĉ\'I[\'W!E\'bzOD)ɁڅRJw\0B蜽ΔQ&y/ۚ>:+))fɶ?$Ɠ̤}YRfKyFJ2Z\Z\\ǫ	V\\|C%<^P[C[$(zʔ)իWH>H8m{  KHJ\"X\0Xá-3\Zcl6[<u4(7Ѡo_bEj$߾R,$BK\0su-17%U@*d駟v36Rd`4in\nA֯sǫhIgk{M7h%;ڥ;{CJ):BN;iOlGj)zjp\0BS% 6<[ݑk5qItWϻy\0I\0NIRRң~_Ud5I)H\0I\0Nv{SBѐT{wm\\\0\0\Zf{IN>x5\0Xs\ZؤG\0!	@ҡt$X)%~Lf\04)ث~r\"wH@ʠf\04K:k`-3}>s6\0\0Ԟuצҡy6~=\0B,5W`4o9[i6mBnn9\0I\0\Z?|\n|$ %}K\0\0!	h*Dl\0 $͖єv>Gn;\0B,%\'\'w0}_w1:g\0!	h\\.@	Goj)}GZZ\ZC4O			aOꣁqS;\0PlTH ֣As=ϳGSf{w|ђ 9[9MnTI\0*}W͜=O/-G)}~9BМHw/pݵTj;RƟ~|>PU $@bbbk񪬎\rlZ!	H	?dÇ@H0[V:gkٲ劢\"=ܡ\'ꃃ*\0jט1cmذ!Dѡ\r?YBȒ2veff,Y={Eꃝ*\0j}D\\^˪ӝN%P{SF	Gn+UBI\0zHeYXdwI8;55uqYۀZ\"H/Jvʚzz/~]VRvǰzk55n>쳻E6+	Oos\r@-|i~tGSdjlj\\/S919\ZBlb>]Oj$INN~NvHA>|ִs=NlΝKbccwj&m͓}\Zϕ	>StNAc6/IOO/v@H\Z	RnnN*{\'Sr(7ƨ6pU{l\'ˁSt:WA4eqWU?KM\0xE:°6m#[l`C<x1Qs?6_X...4x+	H5X\'NRr7R`qryyyf.0:uj\rPd\'[yL.**jkL6mtSC!_ &??_\';z),,;lذs\\o^D_J:)RymNtI` $,ܼy5=z0]t#*رC\'+|/\n[L5*sP_t:s\07ozIo߾m۶TH=9xY~gϞ\'GUҥ\'h1-F`~#2d;P|֭W;\\޴i}&2\nlەʫ޺uIR\\\\||]>GGbh!AN5N\\Ζ6mgΝ[T۶/@<+?3Ņ?|z>&,ǚ\n׾Zl!iEVVַ*o߿sΡF\Zz5%ޭ#1y[2Zҭ[yܸq=)5@Uaaag.[lAHB:\ZΖ?VzӱcG,FQ`$\0DV-̝T:t蠝5	\0/*}:g\'CgYP`M-INTƄo!)}8\0\r $1hٮ\"8~ $5S{:nEis0@HjZ3:p{T\0\0!*\0\r<9|1hrּa=\0o\0fci]w2m5٫_5?Ǻ6\07aHb#=\n_Ue䨱Ϯ2Nk\07o\0\'BKR#GxUut(G[?\no\0IMUWB7o\0UF(nȳT\0@%	\0\0\0\0@H\0\0 $\0\0\0\0\0I\0\0\0$\0\0\0B\0\0\0!	\0\0\0\0@H\0\0 $\0\0\0\0\0I\0\0\0 $\0\0@URPP`qpBcsM7?sLtң~梋.2=ߨpQތ3́̣>JŁ\'0deem۶+\Z4ȺÆ\rf/;Rq\0JAg9n;@HB())1Yf	3]w1bv^y066֤~YfUVmۚxkٳکu>>#xT?<ߧAHB=zffʔ)sαBΤILvEYN/HwxG=֭[MV%\\bN;4*\Zh\rI999olٲq3}B\Z	fddXN6j((M6fȑueB}dPDD3,ӣ+VXv|&Pׯ~㧟~2oaB$=zKHH(wds\\j\rzL׮]{=BիWm\rEZ|AvS@g7yZ[\\Zt0hN[{{CYPc>S3}tk5m4p8ݻ*J(+	Ow\0>&\rj}V?պ	I\r̓j˭#˗mӣ7|qF/ѵ^kAНpΜ9cܹs	Z`|ֺvNt\r=]/\Zଳβց@KE\ri0==}	.0&L0W_}ueOM:s;vX}nQ/zk.ks$M{->:Qu@]QoٲeK/4dCYG|GmS-[<$]ȵ#GX8T[%ڼ?tP>;`Q7\Z-IvhmݻwNl@gd$\0\0\0\0\0I\0\0\0$\0\0\0B\0\0\0!	\0\0\0\0@H\0\0 $\0\0\0\0\0I\0\0\0$\0\0\0B\0\0\0!	\0\0\0$\0\0\0B\0\0\0!	\0\0\0\0@H\0\0 $\0\0\0\0\0I@cg؇@(fz\0j(*\0?6p|#_D^tbccO诿\\uUTP$.3{	|%\0\0`IDAT`<#aicrr\ZRRR	HdE-qqqT@Hj/|TDh߾V9b/Ѽ$G왲]._8y} rSSQG7B[eQBM4>nkNt2\ZO?%%!aN:Vm	#\\\'G3###NMMGm$&&v8H zHwRN\nez\rj:ТEήy<|Y|zd8=%%e^QQOrt{ycZw4^VM[\'$(͔%gIeBnnwBvTH޻w\0YN-1jOH.;u4&))iSu)yjM+voV&Ʒ@\nBٳLIIFv]ڶmK4°C>W;9YR߿)>N:ᨗ^IR:Jɓry{FFB\nfggϧ2\Z}Hw6tR!c|%6Qp\r~%	{L۝ZS7\Z~6FdCމȰ~wt6ls!CN٘1cyޗdU	R&z<yWBe$P$=#IKM7~$ (={,޽{{\Zԩ쬬ez$(|kMvt7H_zR&5T3ʽOD%6mw-a $\Z>8CbeSC:(ЦaÆeudRNt#	<ȉLмDi&}?qΝjőFojZte;*p9ДΗ/$-GC]Y_:\n.%C^k\\y	s,R<7o4K:CmꨥAMzyNTI4}_)ᴴ@H`J+ic۩&z\\`Ě\0T p	e&;	EPwt>(E!\"\"\"H4anJ6mvJv̎\rl~\0$YKNN.HWlZ#o^`e\Z/`譍!\0I@3./U@hKҼ@<j(t%&&:m9փ#LZBZAdup/_S\r-̅L\0B:8uSl|w˩zTG)gUϐws $/ckAYؤ=M<&M\0$\0ŬSVV4u]tHÇ@:U5k\0\041ct/7[16:v/vαC%%%\0$l8CZZR2\0!	@b:5G.qR3:PRzɐ~~kP)SԌ`S0;ʿƐ~`ʀ)N¦\\֣@Ht:Rzzکhԓ+)[ф\\7-q\0!	@诤*]LQQCR7tt	\04qIII\\-2ڭUo~!v]OMlZzfH?@H$\'\'%PrnQ3-g́!BeJX~GKx\0pP@󓕕ӡC7Zn],|vǷWeff3JP\r\Z,F^me{F?ͳdddw\0EK%&&:\'dU5tNOMM\"Qrχt>~DJn+ߚl\\Riiiy\0\0T.fؔ8@S:6lPIo?4ȕ߮!)0%*-[[%@HpRcunYv~*>;}Vncܖ2\0!	)ILLlp8t\"Ň*yHRK8TNUEyKJJ<הjmJOyo^NE}&qi\n<t:\'3[6\0B\Z)\"DHYx.;YLrr򵲸Sʥ«\'dH`%!l^eБl;w@s,Yc<\0$\07 @l6-J@nyz^\r\\I.֭\"( $Ӏ$+!H;v?,dR\\.Mnt/6}1ѦM6СCf߾}&;;۬^ڬ]=woU*7\'^^BR0+avep\"F	0#vB	Q`8+W\\abbbN\Z{=ߝvd#( $zW	6@Y\'$~P~\"Y\03/tb>ӽ{S{mfMf-Gjl}\nO_ӑxk$$+\rڴStLLL/ásK$\'?_Vk|AZu驸)S\r6T߰Q+$}%VDDDd\'\0B:O],a\\/I>N[z\ZAI|RTʷ:u-z<L@@H8e6}{jbG}|X餐D\0ꂝ*\0Ptx3vm$7rȲ~j\0B3i2]dÇ7-ZM4Xa\0,Hp4ۀLJ~M}\0$\0!+p-6E]T% \\93ի\0$\0(61߁@HfyNe˖o:z\0$\0 r:E:d9̢\r y+zqںtQ\0I\0BYfpeu+\0@Hr~\'իW:?\0._{Sm_|ܦw}\0$\0!km6[{^Yd8\n۝M $u3+\ZmVOIBT9\0B2t][LRk_~Zrss:\0Bfc3y\Z%\rH?#fݚQBu+\0@mMB̵z ghm:,uϧ؞yMǥ}Dm $hTꫬk\Z%飏>2G<Dt+/H~1\n٨\0u%))%Wm6[i0`袋ga]V4D$w]\'wK@Jf\04z.7~\Z<\n탔-5\ntn 7ê\Zx<\rI3fL77Z\'7JL8^j&\0\0\0\0\0\0\0\0\0\0\0\0\0\0\0\0\0\0\0\0\0\0\0\0\0\0\0\0\0\0\0\0\0\0\0\0\0\0\0\0\0\0\0\0\0\0\0\0\0\0\0\0\0\0\0\0\0\0\0\0\0\0\0\0\0\0\0\0\0\0\0\0\0\0\0\0\0\0\0\0\0\0\0\0\0\0\0\0\0\0\0\0\0\0\0\0\0\0\0\0\0\0\0\0\0\0\0\0\0\0\0\0\0\0\0\0\0\0\0\0\0\0\0\0\0\0\0\0\0\0\0\0\0\0\0\0\0\0\0\0\0\0\0\0\0\0\0\0\0\0\0\0\0\0\0\0\0\0\0\0\0\0\0\0mÈ\0\0\0\0IENDB`',NULL),('92520',1,'92516.bpmn20.xml','92519','<?xml version=\"1.0\" encoding=\"UTF-8\"?>\n<definitions xmlns=\"http://www.omg.org/spec/BPMN/20100524/MODEL\" xmlns:xsi=\"http://www.w3.org/2001/XMLSchema-instance\" xmlns:xsd=\"http://www.w3.org/2001/XMLSchema\" xmlns:activiti=\"http://activiti.org/bpmn\" xmlns:bpmndi=\"http://www.omg.org/spec/BPMN/20100524/DI\" xmlns:omgdc=\"http://www.omg.org/spec/DD/20100524/DC\" xmlns:omgdi=\"http://www.omg.org/spec/DD/20100524/DI\" typeLanguage=\"http://www.w3.org/2001/XMLSchema\" expressionLanguage=\"http://www.w3.org/1999/XPath\" targetNamespace=\"http://www.activiti.org/processdef\">\n  <process id=\"leave\" name=\"cs01\" isExecutable=\"true\">\n    <startEvent id=\"sid-6D47EAC9-109F-46F2-B0EF-0D1953D8547D\"></startEvent>\n    <userTask id=\"sid-F5676A61-8CCE-4323-9201-1701E71CD81F\" name=\"cs01\"></userTask>\n    <sequenceFlow id=\"sid-45835F03-A74D-4955-8889-1F8D2D953846\" sourceRef=\"sid-6D47EAC9-109F-46F2-B0EF-0D1953D8547D\" targetRef=\"sid-F5676A61-8CCE-4323-9201-1701E71CD81F\"></sequenceFlow>\n    <userTask id=\"sid-7A12762F-A735-4BB5-BA28-7FF3F21F39D6\" name=\"cs02\"></userTask>\n    <sequenceFlow id=\"sid-A00980D9-9EF0-476B-BCB6-F2CA50966E3F\" sourceRef=\"sid-F5676A61-8CCE-4323-9201-1701E71CD81F\" targetRef=\"sid-7A12762F-A735-4BB5-BA28-7FF3F21F39D6\"></sequenceFlow>\n    <userTask id=\"sid-A30C477F-76F9-4C38-B057-CDA094A2B817\" name=\"cs03\"></userTask>\n    <sequenceFlow id=\"sid-E780DD27-4279-4555-B08E-C665279AF239\" sourceRef=\"sid-7A12762F-A735-4BB5-BA28-7FF3F21F39D6\" targetRef=\"sid-A30C477F-76F9-4C38-B057-CDA094A2B817\"></sequenceFlow>\n    <exclusiveGateway id=\"sid-CE95D884-6C8D-433A-B66C-13B9FF273AE1\"></exclusiveGateway>\n    <sequenceFlow id=\"sid-FBB884B5-A2E1-4D80-8A84-64F6BD186E84\" sourceRef=\"sid-A30C477F-76F9-4C38-B057-CDA094A2B817\" targetRef=\"sid-CE95D884-6C8D-433A-B66C-13B9FF273AE1\"></sequenceFlow>\n    <userTask id=\"sid-5A7B2442-8589-46C8-9FA7-DD5DACDA574C\" name=\"cs04\"></userTask>\n    <sequenceFlow id=\"sid-6AF427D8-4C86-46F4-B387-C71D9E9ADAFC\" sourceRef=\"sid-CE95D884-6C8D-433A-B66C-13B9FF273AE1\" targetRef=\"sid-5A7B2442-8589-46C8-9FA7-DD5DACDA574C\"></sequenceFlow>\n    <userTask id=\"sid-CE6842C8-B248-40D6-B25D-FCE5FAFD7B78\" name=\"cs05\"></userTask>\n    <sequenceFlow id=\"sid-AF8542E3-2579-4F4C-967B-A1F3A7344FF7\" sourceRef=\"sid-CE95D884-6C8D-433A-B66C-13B9FF273AE1\" targetRef=\"sid-CE6842C8-B248-40D6-B25D-FCE5FAFD7B78\"></sequenceFlow>\n    <endEvent id=\"sid-89C628F1-4139-4A09-A671-D66EF08FA979\"></endEvent>\n    <sequenceFlow id=\"sid-CEA47563-B6D7-4525-A5DC-5433B8900D29\" sourceRef=\"sid-CE6842C8-B248-40D6-B25D-FCE5FAFD7B78\" targetRef=\"sid-89C628F1-4139-4A09-A671-D66EF08FA979\"></sequenceFlow>\n    <sequenceFlow id=\"sid-40CF83A7-6DFB-46E1-9E78-061270F4EDC9\" sourceRef=\"sid-5A7B2442-8589-46C8-9FA7-DD5DACDA574C\" targetRef=\"sid-89C628F1-4139-4A09-A671-D66EF08FA979\"></sequenceFlow>\n  </process>\n  <bpmndi:BPMNDiagram id=\"BPMNDiagram_leave\">\n    <bpmndi:BPMNPlane bpmnElement=\"leave\" id=\"BPMNPlane_leave\">\n      <bpmndi:BPMNShape bpmnElement=\"sid-6D47EAC9-109F-46F2-B0EF-0D1953D8547D\" id=\"BPMNShape_sid-6D47EAC9-109F-46F2-B0EF-0D1953D8547D\">\n        <omgdc:Bounds height=\"30.0\" width=\"30.0\" x=\"45.0\" y=\"90.0\"></omgdc:Bounds>\n      </bpmndi:BPMNShape>\n      <bpmndi:BPMNShape bpmnElement=\"sid-F5676A61-8CCE-4323-9201-1701E71CD81F\" id=\"BPMNShape_sid-F5676A61-8CCE-4323-9201-1701E71CD81F\">\n        <omgdc:Bounds height=\"80.0\" width=\"100.0\" x=\"150.0\" y=\"105.0\"></omgdc:Bounds>\n      </bpmndi:BPMNShape>\n      <bpmndi:BPMNShape bpmnElement=\"sid-7A12762F-A735-4BB5-BA28-7FF3F21F39D6\" id=\"BPMNShape_sid-7A12762F-A735-4BB5-BA28-7FF3F21F39D6\">\n        <omgdc:Bounds height=\"80.0\" width=\"100.0\" x=\"300.0\" y=\"30.0\"></omgdc:Bounds>\n      </bpmndi:BPMNShape>\n      <bpmndi:BPMNShape bpmnElement=\"sid-A30C477F-76F9-4C38-B057-CDA094A2B817\" id=\"BPMNShape_sid-A30C477F-76F9-4C38-B057-CDA094A2B817\">\n        <omgdc:Bounds height=\"80.0\" width=\"100.0\" x=\"435.0\" y=\"120.0\"></omgdc:Bounds>\n      </bpmndi:BPMNShape>\n      <bpmndi:BPMNShape bpmnElement=\"sid-CE95D884-6C8D-433A-B66C-13B9FF273AE1\" id=\"BPMNShape_sid-CE95D884-6C8D-433A-B66C-13B9FF273AE1\">\n        <omgdc:Bounds height=\"40.0\" width=\"40.0\" x=\"270.0\" y=\"225.0\"></omgdc:Bounds>\n      </bpmndi:BPMNShape>\n      <bpmndi:BPMNShape bpmnElement=\"sid-5A7B2442-8589-46C8-9FA7-DD5DACDA574C\" id=\"BPMNShape_sid-5A7B2442-8589-46C8-9FA7-DD5DACDA574C\">\n        <omgdc:Bounds height=\"80.0\" width=\"100.0\" x=\"375.0\" y=\"300.0\"></omgdc:Bounds>\n      </bpmndi:BPMNShape>\n      <bpmndi:BPMNShape bpmnElement=\"sid-CE6842C8-B248-40D6-B25D-FCE5FAFD7B78\" id=\"BPMNShape_sid-CE6842C8-B248-40D6-B25D-FCE5FAFD7B78\">\n        <omgdc:Bounds height=\"80.0\" width=\"100.0\" x=\"105.0\" y=\"300.0\"></omgdc:Bounds>\n      </bpmndi:BPMNShape>\n      <bpmndi:BPMNShape bpmnElement=\"sid-89C628F1-4139-4A09-A671-D66EF08FA979\" id=\"BPMNShape_sid-89C628F1-4139-4A09-A671-D66EF08FA979\">\n        <omgdc:Bounds height=\"28.0\" width=\"28.0\" x=\"276.0\" y=\"405.0\"></omgdc:Bounds>\n      </bpmndi:BPMNShape>\n      <bpmndi:BPMNEdge bpmnElement=\"sid-CEA47563-B6D7-4525-A5DC-5433B8900D29\" id=\"BPMNEdge_sid-CEA47563-B6D7-4525-A5DC-5433B8900D29\">\n        <omgdi:waypoint x=\"205.0\" y=\"369.25925925925924\"></omgdi:waypoint>\n        <omgdi:waypoint x=\"277.9168457812088\" y=\"411.9291171608555\"></omgdi:waypoint>\n      </bpmndi:BPMNEdge>\n      <bpmndi:BPMNEdge bpmnElement=\"sid-AF8542E3-2579-4F4C-967B-A1F3A7344FF7\" id=\"BPMNEdge_sid-AF8542E3-2579-4F4C-967B-A1F3A7344FF7\">\n        <omgdi:waypoint x=\"278.7173913043478\" y=\"253.7173913043478\"></omgdi:waypoint>\n        <omgdi:waypoint x=\"205.0\" y=\"305.1291512915129\"></omgdi:waypoint>\n      </bpmndi:BPMNEdge>\n      <bpmndi:BPMNEdge bpmnElement=\"sid-E780DD27-4279-4555-B08E-C665279AF239\" id=\"BPMNEdge_sid-E780DD27-4279-4555-B08E-C665279AF239\">\n        <omgdi:waypoint x=\"400.0\" y=\"70.0\"></omgdi:waypoint>\n        <omgdi:waypoint x=\"485.0\" y=\"70.0\"></omgdi:waypoint>\n        <omgdi:waypoint x=\"485.0\" y=\"120.0\"></omgdi:waypoint>\n      </bpmndi:BPMNEdge>\n      <bpmndi:BPMNEdge bpmnElement=\"sid-45835F03-A74D-4955-8889-1F8D2D953846\" id=\"BPMNEdge_sid-45835F03-A74D-4955-8889-1F8D2D953846\">\n        <omgdi:waypoint x=\"74.42285921461234\" y=\"109.12081691846068\"></omgdi:waypoint>\n        <omgdi:waypoint x=\"150.0\" y=\"130.71428571428572\"></omgdi:waypoint>\n      </bpmndi:BPMNEdge>\n      <bpmndi:BPMNEdge bpmnElement=\"sid-A00980D9-9EF0-476B-BCB6-F2CA50966E3F\" id=\"BPMNEdge_sid-A00980D9-9EF0-476B-BCB6-F2CA50966E3F\">\n        <omgdi:waypoint x=\"200.0\" y=\"105.0\"></omgdi:waypoint>\n        <omgdi:waypoint x=\"200.0\" y=\"70.0\"></omgdi:waypoint>\n        <omgdi:waypoint x=\"300.0\" y=\"70.0\"></omgdi:waypoint>\n      </bpmndi:BPMNEdge>\n      <bpmndi:BPMNEdge bpmnElement=\"sid-FBB884B5-A2E1-4D80-8A84-64F6BD186E84\" id=\"BPMNEdge_sid-FBB884B5-A2E1-4D80-8A84-64F6BD186E84\">\n        <omgdi:waypoint x=\"435.0\" y=\"181.7948717948718\"></omgdi:waypoint>\n        <omgdi:waypoint x=\"303.92857142857144\" y=\"238.92857142857142\"></omgdi:waypoint>\n      </bpmndi:BPMNEdge>\n      <bpmndi:BPMNEdge bpmnElement=\"sid-40CF83A7-6DFB-46E1-9E78-061270F4EDC9\" id=\"BPMNEdge_sid-40CF83A7-6DFB-46E1-9E78-061270F4EDC9\">\n        <omgdi:waypoint x=\"375.0\" y=\"369.25925925925924\"></omgdi:waypoint>\n        <omgdi:waypoint x=\"302.0831542187912\" y=\"411.9291171608555\"></omgdi:waypoint>\n      </bpmndi:BPMNEdge>\n      <bpmndi:BPMNEdge bpmnElement=\"sid-6AF427D8-4C86-46F4-B387-C71D9E9ADAFC\" id=\"BPMNEdge_sid-6AF427D8-4C86-46F4-B387-C71D9E9ADAFC\">\n        <omgdi:waypoint x=\"309.5\" y=\"245.5\"></omgdi:waypoint>\n        <omgdi:waypoint x=\"425.0\" y=\"245.5\"></omgdi:waypoint>\n        <omgdi:waypoint x=\"425.0\" y=\"300.0\"></omgdi:waypoint>\n      </bpmndi:BPMNEdge>\n    </bpmndi:BPMNPlane>\n  </bpmndi:BPMNDiagram>\n</definitions>',0),('92521',1,'92516.leave.png','92519','PNG\r\n\Z\n\0\0\0\rIHDR\0\0!\0\0\0\0\0E?\0\0,IDATx\\u}7PDmRĚJP^kb_mm-iņn\Z)xҀD4h0ҠMmĈ@	\rF ے4@$gfo;<ݙd9gΌ\0\0\0\0\0\0\0\0\0\0\0\0\0\0\0\0\0\0\0\0\0\0\0\0\0\0\0\0\0\0\0\0\0\0\0\0\0\0\0\0\0\0\0\0\0\0\0\0\0\0\0\0\0\0\0\0\0\0\0\0\0\0\0\0V(ݴiӂիWt%K0OGGGaʕ?iF0RYjUa텽{;vVXt3\04D\"wɒ%\04tFZ	@CH$U	)X+PB*٧6m\05+!vv½\\ߤ}ʃ\05)!<_<(!\0P+t\0@MJ}KfW-!>A	\0%D	SBҳat\0@MJ;X%\0jRB\\Woe}ʃ\05)!i6=nS\0]	ٳk<%\0+>xsT%\0SزqYᇷ}j)O(!\00r(!\0PҗQ&\0P	h)2\0JQB\0@	QB\0@	1J\0(!J\0(!F	\0%D	\0%(!\0(!\0%\0%\0\0%\0%\0\0@rܒw)!J\0)SҤ2fߡ(!\00%bniψ\0@KHמ2(!\00,%rH:L(!\06fDF	Nf$/UB,-{k줦C)!@ P_(SBjUBN^>j	y\n\'ONXqǕ~%D\0\Z,|2gΜbx衇F9Sؽ{w>%D\0aV%dǎX`A}7pCa]{c9ܹs(!ӦM+u)!2(!Ό3%(]2&u?{,\ZoF%D\0%z>7o.\\r%]e$ziOHO{;RI}NL9@@	9pʇbnZth̛7Y+\ZsBRQ휐K?N{V.TBd PB1a\">.7s^}%=gǼﺽ{AQBd PB\\\'%(!2(!J2JQBd PBd @ (!@ (!F	9@@	QBd PB\"sBuW+xBz[[[G?MW^y1a!]>o\'?CPk-^Y|)$ݾ}{~!JJ>?>D (!F	9[ԧ\\tEł/{)\\|/̜9sC&y@PB\"sޏCoeg}vaѢE*vmӧ?oA	1Jduy|PxQh1cXRPB\"sQ\nH:c(}W.kJQBdI瀤C0C=\"ӦMEK[ %DPsM-|KK,qbC5=?i9眭{Au@pý޻bøt%t2`_ӧO\Z+q@@	1Ji`Rs-X9.JQBdNK.>뮇cXdȜ^n˖-ZBnݺ=V,}bҫ_n/Vݖ@@	1Jii$X9.]NӦMV^ҥKa5\Z\'={(\\\'1cJ0<̟\r~=!}\nȪU#7;v(X($g(!F	QBw>\'\'sB.Q@ꦈ썍ņ^jӺݱ^vJHùK7c16/1Xr>kc*!g?ٹy}\\.` d2QnlٲӖ/_Զm۞T@:::+c=񊩻l}1<\Zl6{u^QX	y-Mk/︼8tWB\rߤy֤;Q>ioP@p,J ƒCcncEXUV6+JȊxt̷s\\ڽ%d}_Zt[OyPB`cVBIT:묳2\\pa3ϯUtڎ%+\r1Y4ǟÔ:%\ZK	^SSӡR9sEմO^~v%vuosVk\rw\\Y%\ZdoH%$=ӧ?֤[?Ċp@W(̏I9d^%%t@lz:7d @kkk̙3KOJ?w#T:bTBJe\'o}G+!J\r7dsAFjH\nHx{m07JmVw2KHz6LSh֧o>;Uw~>i?\'~6˭/zCߜN|%d_ZB}ʃ\r\r{GŹ \'[\"sq|~̙3]\\d7EYNB9 CSWd}/;PLܖShmX{AFyF*#mmmۯwR~ѻbt`:::={[cÞ.D*?]-5tqt\Z6iiL散|JHMqPB]\'buP<b6W-]ڐyhXK?xL̒z|JȞ=w]sࡘ-ݧ<(!WջӋg׮reþrʟĴZ#ԩS_VBQU	Ij}\nȪU\n^p_bŊ]ֿq䫖={\n[6.+T- I>^%&Q@ꦈ\nrtWD	J`UVRi.\'_{U|3̛SB\"~W#s?|N~;KVS /@gRشӤmrB0Bs9tnI八w^(nsWP\'z|=-~?%D @/2zwWy}/;+t9Աtݑl6J	)J@z,!^[0URow\"@	90d!lHr/\0VBҳat9w	IOͽ#K:Q)!ꭄlUKHOV\Z(@̜\';[|فbt9(!F @2g(!69!sPB@eΞ=w]sࡘe#&sB2%ٳe>f#`Ps#&ӗ2%PGv#@d9#@d9#9F \"\n92@\0cdas=W<yr*N/	9F v̙S,=PW)w?~;)@@yvQ]Eb]p\rwwvݗ>>cϝ;wR?\02B3cƌbax\nk׮ݯLݻt_|J#s2}6o\\KH:Ӟ뮻N	cdS>uC0Eb޼yg͚_(ʸnTE sA T1aҐ>.7s^}%=gǔOLM>G QBdd9#@d9#@d9#@d9#@dNM&]q=^ {)L6xG]%D	3$S~\ZV㺽,Dz=yO6ӫ}×9#9#<;vzͪ4,/4K͜;wnE#-2%d3cƌbQx\nk׮=`FGW?%ZVx+\nv9(! s^PK.*#KO{B<u\n2`2g|(&<չ+?k֬DTTpNĉ{P?|%%dN{;&LU$fΜYKRgÔ1]2%d9#9F @\0#s@ 9F @\0#s@ 9F @\0#s@ 9F @\0#s@ 9F @\0#s@ vu?tR3#Y+ZZZ~kʔ)sO^xg+!0nʕ+l߾/cLgg\"6X++fϞ(,y<#--[˗?m۶BT@:::9ZKlQ:~:K9~b7)V5P@Z!ͰOZF(oQ<79J\0C&\nǟFV1d~*!J\0J[[ˢpc]a|qSB\0(-fQ+!J\0K>(lL&;J\0thSP.Pz`M%D	Mp\\㱘;1\0xf/ǿ=\0@!lvR%Q<:c>d(!\04SO=xccEi)_մ%c~?_	QB\0h0Q6bY1GPB\0\Z@i6}o{rrG{Ztxfz*)\0cx|2fk[|^+Wnپ}P^;x\0-\nۣpܘj\Zz-[v˟ڶmI\rFhqg(g2#{\rߤ|M:I0>ioP@\0(\Z1+ј1^j\0\0*of_*]|>\n\0P+D(<%SN\0L&(󣘻cm`\0\05el6UMrwY*\0@477O1;x|&\0ĉqf6A\r#}US\0`d2([bn7b\0\05emQ:楧f2\n\0P\"bQ:ΈYp̅mmmGY2\0@M_fEx$fe.쪦\0@D8!J?C.W\0!Q8NN\'N6c\0\051uWզƬMOMOd\0OKFИ\0Lz6tIҥՏT\0H/\ZcZG	y tƒ\0j\"ƯDtQD&sUS\0Vp^\r)1Dߖ\n\0P\"bQ6:˭H.6f\0\05.(cE$㪦\0@D8>JK\\\Zs\0Բ|y-Q:\\z\0oT)\\.73J1D	yqrLvT1>\nǕ骦va<\00YΘJo\'y(j\ZL=\00zHx=!;ꭈţ5JǚQ>^Q@vqtKc:,5UM`T; E|#f\'Ju^\0N9Xe27gϞ(G#(\"׿\0cß~~Q[[ˢH`El+&t\n\0^4՟\"GL!fw.{uOߜfy2_?2௏Bqvc777YmQP>o_`\'ٿ]Q*u+![+ܗf۳!\r\02TrG$[K<ssssxH\0`~Riƙ_wɪmmmGEXr<\0XdRE򸟿>̗QD}]WIdqkRl6\04VI,B?He)ϴz}`4_\0Uў\nEoEϟ?<^|߾\"EԦl6oc1cq2*\0rr?EOEOK\0#W6=XWݫ\0S@Z\0\rH\01X@z+\"?\ZD\0\"SL^D#\0cQp tn]3JƯ\0=	fqJ\06朐(!\04XϞjO1)\"\0E``UN:!J\0\r`{\"z!!=J\0^	E) J\08#&Wv_O;!%\0N:餫O=_CυȪ}*!\0?rܫc͘\roxT1m\\v{}\0Xywl,fWVyQ<3!%\0&Nxxǆ?S\0?d{S{!%\0~.˝1Y$\'IJ@qѱQX_|,j(!\0E\\ t̩8Z,ҥ]	%,6/	CO\\*\'r%eٷƬ\rע5t=\"\0)H\'r3k_t/\nJ@#qLwbP\\<R@PB\0\Z;*托˛6Ri(!\0\'aŘ͹\\]#-Q@	h0lwx(#GZ\"(!\0!N\'Fi8PB\0c#s%@e\"طۏg2Z\"(!\0)(_P(˽A	`8b6DʩJ\0vH6(|[bq\0PsLW#ƬA	_Gxo={K,\0jjԩ/X\"(!\0GX\\.w]&y%@M-ltiJ\0c:K%fޏYN>E	ק?,\0#OzK?gX\"(!\0Tz㏥kļA	UOc:b^k\0PsP:K%jiiyo+Z\"(!\0\\.{gC1d2#,\0jte1[bND@	w%r\\kxqN>ǢT:2k,)Ad2GFΏ/\no[\"(!W[	f,)A1_hkk{%]E^J\0 h\'c+K(!\'V+!QO\0 ;1tuw\"LDjܐ5\0th[N>=\rq.@ρyarTo][--}Yh/@/J{AvrK*rIq#&Nx*!8dKNxb:_XJ0߯!\0tz_k;{8q2і芩0\n¡6mZz.]ZXd(\\\'1%ƿTy*( o\"7F܀Q\'ɪU\n۷o/ݻ׌رbŊ#Xr\'ʎ\rSJF @lq}^Bk/rÔsZɨvEYxUJO%,Ll6;ڋ0iV2*c~*Lҳ`hp8az\rk%c:L}jKaӚ;./Nz?&\0>Lx[3F	AYKr~nK	aܐrj&AR/!7&L6qe0I	aܐrj&-]5L}B@ 7\0a\"L@n\r;aj&>! LrCn@Md_\Z&>! LrCn@Mu_v.ո-\'	rCn\rI|$&\0	rCn\r]Sx5R}B@ 7܀!teBc>W?&\r!7`$RٲqYᇷ}j\'}N\\ܐ009_1&\r!7&aҗbzF(ܐ00hG(ܐ001\0a\"L@n01\0a\"L@n01aarCn01aarCn01aarCn01ar0ar0a䆑 L	\r䆑 L	\r䆑a\"L@n\r&D 7rnݚ~7=\0a<sɓ\'\"M|߱u{y	ȍr<g}v\'xBn0y̙J?c	Hp7o0ٱcG!w\nǏsh̝;]_wwڵk+V(zc=Lf̘WG\ne\"ݻt_|}ŋYוw\nrcΝSQB¤2͛\\rIWT(Vu]Wht/(FXhQaڴioO|x{:7Dn.tFz+20͛W|֬Y8z8\'8\'CnǞh0Ia0a@H9sf}A477x{o}k01ʳcawq܀&r\r& 7ar\r&\r#7@r&\r#7@r&\r#7@r&\r#7&Fܐ L	\r#7&Fܐ L	\r#7&F 7\0a\"L@n\r&F 7\0a\"L@n\r&`s뭷\n^ZO*!yg\nguVaʔ)IIe6xZOwV	%d,S	Y)˝n\r^^[ZO*!0bnO2ㄴ1rC	%¤l61=S\ZpI[K_Z(7PB\Z,LN+!rLglMXsCzַiJ(!\r&ax{l3|>6k/C-WiY7\"LH<sm.{JQO֫~loPB@	i0d2GsZ鯴ޤtߧJn(!0l.]ꗸ~fwɾ~nD{ٓcIQ@֥\'Grqrʕ+l߾/rLgg\"L6p296&ۛZZZ^gͦ~ĺ2Yn4nn[li˗/j۶mdRttt<s vOeGG&Nx5>~Nܐ0bMzMڥ-a7U渘q6d\r\')i}(\rP\rϻc!-|͖HI{߉?\0æ\\PE&y29=qz~Z,\0Fj XLtcxzc\0P/wU|w-#=qYgK3{Ć}1[c)ɼRǘ-\\nFz|-\0Z[[Qձs+?=~qL[!#6d?eԿ8+=nD\0by46p7Z\"u<o-\0ƌSN9qTzjgL&KC<&J˧d\00&e7|+6z?-},&!|>K\0B%22E0˝l\0pҡthơ1uWĲ\0Th:2ΖW[[[D\0BssFrmrO\ZI/O5-_K\0(]ul\Z|>˱q\0OOhJ\\Qѥ`ї_<\\.NK|J/\"2\nX\"\00bÚy,|u\ZK+哷D\0`7^~X#/PZNZ\05ߜfoA~V\0n\'ņ1s\\#̙L^?[\0`L8 tH>Ϗyu}ϕ~yI=\0PZZZ^b#p\\Jθ^l6{n|?zuS9=\0PbC}Rld2ot}1{&m˅!\nS([KH.OIH[4fܾ4<<\0P|TUW,mԗ6~KscsG|~[_-}GtӿI?G\0FtElįyt{Yh _[?GO*\něgt(Kx\n\0qGlwPv\'SW~nKKKӟtaٲeG}3{Y;W]uUaԩ=)yӘ=j\00~vo{+IQ^,7xca텾عsgu+3*,#\0c@?= /u]tQ\"Қ{ٗN>|W˺T:T3gΜt}?}=i\0cAWią2KO]Uzʾ={@[@*H=\"/Jiv||qS\\~\00L9 =ۡsDdR\0;Q4TZ7tSՓaT O>dMJHzLg@+]YX>j)]G\\h@+L,_%$]Ь,Kr1RKWV(!Y\0%BfCޞ[QBv[\0%.!\0\0#RB\0H	\0`N\00\"S\rS[[[抩\0@\0T	9֯V*:\0PrI8i\\p{Ar	9.fG,\\ve.\"̙3<]\\K\0O6R>IGdfu0\0P]\"I\'gY0$s@D\0z,눤C5KjW_]83_e,U\0O9\"Or\002rFOH{?<\0te(#**WM/F^&]ݕP\0\0\0\0\0\0\0\0\0\0\0\0\0\0\0\0`X\0\0\0\0IENDB`',1),('93bf1524-911a-11e7-b720-005056c00001',5,'source-extra',NULL,'PNG\r\n\Z\n\0\0\0\rIHDR\0\0\0\0\0\0\0_V\0\0\0 cHRM\0\0z&\0\0\0\0\0\0\0\0\0u0\0\0`\0\0:\0\0pQ<\0\0\0gAMA\0\0|Q\0\0\0sRGB\0\0\0\0bKGD\0\0\0\0\0\0	pHYs\0\0\0\0+\0\0 \0IDATx	U?3(⮩iM\\nr=K߅!\\,[MS.\\3[P\\\\pm@Aa>3À ~^g3g-%\0\0\0\0\0\0\0\0\0\0\0\0\0\0\0\0\0\0\0\0\0\0\0\0\0\0\0\0\0\0\0\0\0\0\0\0\0\0\0\0\0\0\0\0\0\0\0\0\0\0\0\0\0\0\0\0\0\0\0\0\0\0\0\0\0\0\0\0\0\0\0\0\0\0\0\0\0\0\0\0\0\0\0\0\0\0\0\0\0\0\0\0\0\0\0\0\0\0\0\0\0\0\0\0\0\0\0\0\0\0\0\0\0\0\0\0\0\0\0\0\0\0\0\0\0\0\0\0\0\0\0\0\0\0\0\0\0\0\0\0\0\0\0\0\0\0\0\0\0\0\0\0\0\0\0\0\0\0\0\0\0\0\0\0\0\0\0\0\0\0\0\0\0\0\0\0\0\0\0\0\0\0\0\0\0\0\0\0\0\0\0\0\0\0\0\0\0\0\0\0\0\0\0\0\0\0\0\0\0\0\0\0\0\0\0\0\0\0\0\0\0\0\0\0\0\0\0\0\0\0\0\0\0\0\0\0\0\0\0\0\0\0\0\0\0\0\0\0\0\0\0\0\0\0\0\0\0\0\0\0\0\0\0\0\0\0\0\0\0\0\0\0\0\0\0\0\0\0\0\0\0\0\0\0\0\0\0\0\0\0\0\0\0\0\0\0\0\0\0\0\0\0\0\0\0\0\0\0\0\0\0\0\0\0\0\0\0\0\0\0\0\0\0\0\0\0\0\0\0\0\0\0\0\0\0\0\0\0\0\0\0\0\0\0\0\0\0\0\0\0\0\0\0\0\0\0\0\0\0\0\0\0\0\0\0\0\0\0\0\0\0\0\0\0\0\0\0\0\0\0\0\0\0\0\0\0\0\0\0\0\0\0\0\0\0\0\0\0\0\0\0\0\0\0\0\0\0\0\0\0\0\0\0\0\0\0\0\0\0\0\0\0\0\0\0\0\0\0\0\0\0\0\0\0\0\0\0\0\0\0\0\0\0\0\0\0\0\0\0\0\0\0\0\0\0\0\0\0\0\0\0\0\0\0\0\0\0\0\0\0\0\0\0\0\0\0\0\0\0\0\0\0\0\0\0\0\0\0\0\0\0\0\0\0\0\0\0\0\0\0\0\0\0\0\0\0\0\0\0\0\0\0\0\0\0\0\0\0\0\0\0\0\0\0\0\0\0\0\0\0\0\0\0\0\0\0\0\0\0\0\0\0\0\0\0\0\0\0\0\0\0\0\0\0\0\0\0\0\0\0\0\0\0\0\0\0\0\0\0\0\0\0\0\0\0\0\0\0\0\0\0\0\0\0\0\0\0\0\0\0\0\0\0\0\0\0\0\0\0\0\0\0\0\0\0\0\0\0\0\0\0\0\0\0\0\0\0\0\0\0\0\0\0\0\0\0\0\0\0\0\0\0\0\0\0\0\0\0\0\0\0\0\0\0\0\0\0\0\0\0\0\0\0\0\0\0\0\0\0\0\0\0\0\0\0\0\0\0\0\0\0\0\0\0\0\0\0\0\0\0\0\0\0\0\0\0\0\0\0\0\0\0\0\0\0\0\0\0\0\0\0\0\0\0\0\0\0\0\0\0\0\0\0\0\0\0\0\0\0\0\0\0\0\0\0\0\0\0\0\0\0\0\0\0\0\0\0\0\0\0\0\0\0\0\0\0\0\0\0\0\0\0\0\0\0\0\0\0\0\0\0\0\0\0\0\0\0\0\0\0\0\0\0\0\0\0\0\0\0\0\0\0\0\0\0\0\0\0\0\0\0\0\0\0\0\0\0\0\0\0\0\0\0\0\0\0\0\0\0\0\0\0\0\0\0\0\0\0\0\0\0\0\0\0\0\0\0\0\0\0\0\0\0\0\0\0\0\0\0\0\0\0\0\0\0\0\0\0\0\0\0\0\0\0\0\0\0\0\0\0\0\0\0\0\0\0\0\0\0\0\0\0\0\0\0\0\0\0\0\0\0\0\0\0\0\0\0\0\0\0\0\0\0\0\0\0\0\0\0\0\0\0\0\0\0\0\0\0\0\0\0\0\0\0\0\0\0\0\0\0\0\0\0\0\0\0\0\0\0\0\0\0\0\0\0\0\0\0\0\0\0\0\0\0\0\0\0\0\0\0\0\0\0\0\0\0\0\0\0\0\0\0\0\0\0\0\0\0\0\0\0\0\0\0\0\0\0\0\0\0\0\0\0\0\0\0\0\0\0\0\0\0\0\0\0\0\0\0\0\0\0\0\0\0\0\0\0\0\0\0\0\0\0\0\0\0\0\0\0\0\0\0\0\0\0\0\0\0\0\0\0\0\0\0\0\0\0\0\0\0\0\0\0\0\0\0\0\0\0\0\0\0\0\0\0\0\0\0\0\0\0\0\0\0\0\0\0\0\0\0\0\0\0\0\0\0\0\0\0\0\0\0\0\0\0\0\0\0\0\0\0\0\0\0\0\0\0\0\0\0\0\0\0\0\0\0\0\0\0\0\0\0\0\0\0\0\0\0\0\0\0\0\0\0\0\0\0\0\0\0\0\0\0\0\0\0\0\0\0\0\0\0\0\0\0\0\0\0\0\0\0\0\0\0-(Q\0\047x?a;-XFŬ{IIm׮]ҥcK,rZ!\0v,o̜9sXeeKzJRT\ZOsM_Xh	z$B8\0\0̔)Sn׏jo=*e-zSyyxjZ\0\0\n.7X\0_bA޽;;_8&tM/\0hbzyy9{ϟ*-UpGH]o:uP.]\"w8bȐ!w1-9\0\0X-7}?TS8T^KS]\nlݻwOlMMǎ6@\0\rUcޔY/X3I{wio_B8\0\0mTlChvG/9gM6Ǩ	\0hb؆lEjkޜE&\n\0\0X,(UYa|KO8\0\0k&uలEt\0@{չF+|SW=\0\0ͦVIt_[蓼\0!\0\0KwIdW\0\0М,Z@\0hv\\-r1֑f)O.͟r-x4e\r\0VN\0ښ\\}sV.s˿rb.kOޓ/XsΞ.mAi-M%%\0!\059(\\>K\\W\\Y|U_{g{)tŅϛBGV\0mS\0@[ӷ>L?I_g{UxC{#M~ziz&Bw2Q5=ѳQT@@\0hEj.?&1i\0!\0h\'b^+99`\0B8\0@3l\0@{04mW\0B8\0Z[.7r\0@\0X巹|+\0\\.;L\0 \0et[1\\\0p\01|Xs#\rU\r\0B8\0@:3[{d,Ubq\05-\'x,6P\0 \04	M7;\rKpt\0c%\rP=\0\0\0竹hkPE\0k\0mC˦MuCrr.Juۖ]XRR2iڴiw?J\0\0\0b=\"\\~\\抏PUammmtM@~{#;vl=Qqw:(uᇳ3fHO<D:V+**ԩSӀZu{ｴxԥK6clzRZweh.V];蟐	:t=x?ۣv:~-{`{uץO?}ٴۦݻ?&lRxn{\'|ri(~~<=bĈk}ӟN#GL}I>M7ݔgyp}ڇ~xzW[o͛|th`\09幌\\w\\_26M\rs?)_=rQYY٘|{z6(N2nܸӧOOO!0Ϝ9si\0;wn48߿P\"8GoϘ=k<>eʔԷoߥyӝwޙ9},=#x~E=@\0&VEF}˿!7r}.U-9֯_9Cod.޽{>]veaE?p:䓗|(f/,;o~̙ϟ.B6|ԹsԵkBzgo[\04\'\0hKkpE1了!3sy1\rS_N񜡪rz2(AiРAŜui]vIO=Taw.{Zz;Ŏ\0=?/_WkI555[Vazq;B%K\noF!{CeOx!_\r=zt\0кU48ٳn¼5rꆭ7%ŪrՔlCc8\'M>n;cǎ/Cģ;w}S/˅\"?X믿>s9{MZanLOX-N	\nmV!\0u{5k.7ؚknx+wi;U	lŉ]\Zݺ&7`N+{i~~嗧;#O?t!<G@/)\\/---,ÑGYѣG={2=1O<N+ɓ#_V~#\0\"w0><cSݪG7q.=z%VtPC];ߞom̺vzw|v]~\'NLzjرc2쥗^*_!&{;.}\\؉\'nns_;aF`/S.6qZMB8\0z%-6s&Bobo\\-}1yLn={}}s+ֱUC=TQ_;eXCcXI=x;p\0=lt67h]w}cuqؚ(z㱟\'^QQQ_?~_awG/y,anX}3Y}j1G= ^zS.\\xJeeGbDoBntkk?iChCڐ6CC.Ou+Eu/#9Pޘ\">sqҗXݼ\"hc׍qۓmӟ\n{g1/X m馅c?Ccxqh|+mV\ZPjx8w?,^O|@ŇF|*>pFcӧTWWdɒ<g!!mHj\0{p=9W_o=	<[>J}WO1|<3)=vOK}iwﱍ9a/ҏAoqګp6~6\\Ǟ={~/kChCڐ6,vLO7z\\JSݞ?\Z5jԈ4|u	N<1cvuג-\"/ZV+\r\riCPƢGT 7a\0O&LoڴiiJRŋN<SJs+Uq mݺsnڐ6\r~ĄRl8\0B8ݒ%KlVMT7}=Tx~yۓf5A5nۭK.ՆІ!mYDRݼr~/ܘe\0p֯{UUUŐĦ̙tz&}j!;~WB҆5\\)2޺9խ\0B8GIIə+Y罽¯^)fmhChCڐ6b|-s{aκxcY5zφnQՆІ!mh4l0\Zݎ36Rݜq\0Y-ZqףG\Z&˫Io8\0IH2:jChChCfj.MzU|ΥN]à\r\rbl.\0iyzmG}/)zo_*`@\0Nܭw疻Sמik66\0 Ӭ,\\ښ%zAB\0iqp[iƫ.Xƿ~|IE\r\r\0X\'|/,>}sڨީ8!!\0\0!UUdQ7I55M},͟rt/!mm\0	iݒޛ*z*羥!mm\0@gU\"GIBB\0h,g=ІІhu6uѢEi1zh@\0PO<?4q\\uUg\0p\0KJJtgt>餓ҙgY\09w9xw?]STʁdĉ.ү%\0p\05}K>Oz}E\0XS~aG}\'2}***z͛7seeeԩSmϞ=;w5\0h[|ŷ}ٝ)q~UW]5<_\\}\0W\'OQFm.i-L9pҔxI7|I?#Gwy/_~\0۩zćw1.?GtС$_,&--mgyWYYYvǎ{^(oqi@KMƌsgq&\0Pෝy\ZaÆx.+&73o޼M{2ֳ{oR&jW+ۻ=ܳOBn*H|H\'?)9#_7;K%zusN3ggeYsΙ3GE\0sx5BzwwO|5py䑫;C,o\0ZdɒۛZmuYgq֬Y7@ji|O6mImmXs\nhpnwߐa뭷N_|qK7\0-\'Ua9NÆ\r}I\'wM7ўvǳo[la:2iҤjkk=Q\r+xⲲ1zP/m\'<&L糹xQy׹\0Z/nk\0^T?4s+++O(//_8w\\\rn=={fbMMj6;txZ-,O</Gydwq~;vL)M\n\0ZX8+**b۱{W~-sߟ~eW*AsrW:xG\Zuw{C=qsݲ뮻ٳƷĉ?YRR{Fh)=|uUxvsr-p^{>1{-A}=\Z\0E\Z}9\r7p_sͲFvΝӱ[Ewԩm\'tQ:qUUU>3sL2|ҤI7<gS[`NI6g̘qn%񁹶r)ݳYVVva}8p`\'hChChGu>l),oԩW]uUZh>^+zؿc\r\Ztd{O׿5W^yޫțAsύ?p֬Yi!|̇<^X1dd{6{t7?Qs0qSN[mF]ƙ~-waDUUՃcǎV~>` ^{-m?eʔ4o޼뮻no}[	ijg?Y:cʦK/M7M:#R6ֆ&L~/}iωo3fHsp߇+cQ.CJ+૲/\\p;8H{Wz73<]vMWJW\\qg{{ӦM;&v;(vb\\~n6Z|`eee&?s/fVTT<(rηc5يlu8ZO?v܈![VVvGa+[si6+\\3fLWYg>>jGg}6vmv-qг[.]t^ц=Io!}6)SiiСvCA!T:Pw}w~8z\n#aĉ0`ގzX*զ|V==뮻J/B{]~6קOhQA_UKKK8R}>Oéb}I;J_/xGgV<CbQ&3A;}|uhJ={8JoC^!X\rܠO|iӦٚ\ZxLO{O=\\z7\\x-6hsﾅ;pUUUzgQx[o~{Gl\'m?]7.M.X)_B{>zk(mVi+7JiCoyimop;S$.cpϙhgE>lZTOfz\'_;¨\0FE>L(q2&~!FG4>z~W^yeMރ8@v\nBx\'涫l736u)z0woQ^N~[VV:th&z?w=viK2dH]z_A;wqGK\ncB봟67]pvG?ّF.o|#=#?\n(o[:V܆;V}׿s#o\naSOM!9N|_-W8PXC#G/׿[\0\0 \0IDAT6fъa[rJ޽\rxCv:q۠s~8@P/ӦMמ/\\p+m~A%-jG|\0slA6|ܰ<#\"cnRFOg7XsC-Y|P &WiƜhp@$O<F\'XhoѶ/SDjU6zPċ^(\rO4|_$.d̿p!أ>Z}/5-Sb3gNa{M.d8	m5z<N,WLA?z̜9r(isx:Q`iia^7(FjfG-cwL{#o1r)ܔ~a|ʥkޞx.EY/nEU}qfKq@ϋ/Ƀ#g͚/}ܿU/t$1Uj>ѣgŜP\rы7Qq\'=M6AqFK\r\rOkJ0 ~2)1Oq(n^~n޳V)xꩧZ[ۛG	E1;Nﵡ5 L{ChQ~a/E\rӺ10DU?Z?(U_2|lRq`~Ez)cXT(BS9E13BU̡C9𻉞bKqx\0RmyDw81ml]v)܎իWbfE?!,z[JЪl<q/hp6&N|mg:Nb-\"18zw+׎a^Xk[b\ri;>o޼<LǏ3ʫf^>#\Z50xgU;Z\0ڳӧݯ_ki]q`?ݭfCl ʿuƜ8֗˟Ƀ|G5{1_}؇/wj_Wj[1Vbj#TGy,IqD)XFX/+F0kbѣfZl\']FY<W_}4a^ИZ?}E18/`[u=Fj&b-=̱DP\ZbǢ~1?<VC/\ns12\'^7	뮻h_B_ko߾^\'kڎN<C\rvG\'dK0!N4xW\\_l̘1Zehn.Cx>8~akM{ŹDo|ѰLnƵ3W2z\Z\Z*js6BxC-9m\rxOn=vQG-8,=ËA(Xl[V\\߆b\'\'r\Zpڱ_x\"qMzzc!}1\'YWxxvt;9kweuzco,]뾑~kClO?+rI}\0::@mkm(2yĉ{>l|iG@%&ޕl{<GD5<0w#,׌wusCc~xH}88!z\Z{!18VɎ^8ñbz(NuIƽ#\'?)FǢ^cOZX,fi7cEc-{?yqW]u]gyfUQ/1B&N	!q7zLw0}cq~_f\0wC΁|\Z>V[[{m=9?PǎG9rފ͞=\'xκ^SO=է@ayb|7vu|[{@Zpq*ư88.:+5s7cAN>Ŝ8`EhCES~vۭbEѣG/}nɟbXbx,􈷾66BW7z}|<\'󢝌?>=30IhZ⨛8)so	X\Z^{ҭЊb=pr1؏>8X;gA|G]s5χҕ1\0q68=!F*Dn/as/p=G!X~?ܿ~:QSʏm/l|QF[8|4`MVJ]UyR Ï{Qn[ٔn%plAvg/Cc~e\0ZjInC!NHhh]B\rq._5CĚjqB0x}fuPqK?sl]|vہ_A{I#Nŉ89\'m)\'T	X3mhr&Џ\r̯qZ姌;U!7oޏoƛr@\r)\Z9sQ{@*s=P+lCEjCMN6*g|]LgiSf3<[ CcdT)O12!N4XcC,]6d8@aβ9?555K\"ĘW\n2i>#EyyyaQk0-huOo^6IgĻtM,ZhiFu,pw]}ՕǴXb֬Y<?enq\r	YbXhGxX)V]p??\nD\01(N|b14>7<Q[[{s⧶jӻKwܱٻ_{{gXh \0-/G_q}5(i	)+Z9<\r\0=#rh.#t!an%5oA-1o1G]vټe7ӧW\\r%s8\'7@Cӫꫯ0aB[|ذa,Y2H\0ګޱc)X\'%g\n\r\\z_~rYoEƌ3zgˋ5_y=˶z\0 &U?}ŋl:Оu!lT1TQOzMAoeF=|߾K;G#~׋/O 0̟\0 䎿kJ|ɏcn_^%,!q=rGp^\00~\rV&zs#mi	?C:tҸqe\r`O\0Z:A|ذa%>;xq6CҷW?<}Eb}Z[N}pYYٱW]uiU;sާOMKKK;-Z9sW|wVTT\0 ~k3<}gU	_~yq2h׆ҿ?zVG_;֐ۗs3\n-h<?=gTK\\2;s[/\0@MA<3Θ_s_{ŗ]vYumm	TUutIIIa>ԻwĪӣ>Z\\[#GN\0~K>|e}ٱsba*s\0?yԨQ5b{_\rB=w|\0,WWW}5ll\0=Wnm6MU\'m\0hꇦ_YfRYY㦛n/7hS\r\ZtAIIIEZbj{կx%M^\0І#m6)Z.++]ʷCy.\\o*(^imV$+kT\0hCA|G7OXpN,(Q1kk׮v%K\\~]Ќp!{|0ۼyj!\roV\n\0\0m+<՗7&L0r|])?~߹sQQQq<¢EN8C\'[cÐypk570WwB\0\0͔)Sn<yu}`J[mUի\0\\{e-To;J,kkM^^^B8\0\0\\u][lCUZr8yܸqGVfРAG<5r~&_G.g{\0b믿^SޛF>I6:m!*o\ru={ꩧn{>gh:馛\\RR_;}{TWW	CWAh鿍r5Ց)y4k֬Իwf9b(O<l-B8\0\0Z,scO>U-^^KS]jϯ\nķf7xj}9u1w졽O-_\\{Ffru/yWvÇ/=rȩrO_S}ݩ<8zr!\0v-VAEbhtSfM2zqSCTb3߿7|so߃>56h`!{M<Dv/Iݺu{55jԊr9(DӖ[nl?kn^3_~B8\0;x,lې\n+h[+%l&o1\r:tѢE{4\n1tk9l?]9>jqN׏_r8=x\rk%\\,+Ƕd^{muMMM6mh!\0}Հex<Ƿ@G_};9w֥8{x?&_/maػbii#\r{2WkNh~ov\Z6lX:s(G\0ρ6b\0k=	\0\0mH̥<!{4!R!,(]{a|hV6G׼]v-o]0z=Yy߫\r:=͑/_zBoYgo^9jԨJ\0VO<\rMmۍ\Z-GN0l<uٶ+ƌ3:赿!_{K~x6p}X=a9\rzіچ?PRaϖqUkChChC-^ưQܘ>^C}sҒʦ;:uՃNׂ$k4hP{Ø#~wlԧ>{vy!c(5~P?!ԥK͛c^Tz[PߙKY.W\\捧zox;˭ޱs{TJKNޒ?b벸/O>Y(cx[\Z.qל9sֳ3fLԆІІZS]x}iO.w6U\"pwr?9\\W#w>***FE؄pdɒ~Sr+Zus 7}>VmmmU8,CsFR,zɢT-&p7}@.;WVVnq[hB2MMͱ?oȥ_`uxn{9i!9䐧z߿\ZY?^}Vg|#P\r\'=}Eڵfr-x4e\r.G.-ͺpaȑq#*//WϞ=;Q[{DMMAڐ6\rxs~. /m*/mgzrsZ8{r*캴\r7BѻhH6X#\'Gg9C_7nq&M\Znu\0N|{g7Sa66\riC-^_r>A(=WP~O/UQSy3^H|TZ\ZV?p狁\rv-WJ`HtP>wB>[n9c뭷k^zi=|sߩ\r\riCPp\n~jDvC\'?~}KT\"+`89B8-\0{̔)S~뭷zՍ6h:h/k(ϙ={iӦ;k֬jjjz϶\riCڐ6?/[93}0]\0Tia,\r\'Gu!{wwy\\[k/͢{.˹.~\riCڐ6Ŋw_ pd\Z_Q_mAVcz$NN[2\r\r*w=>[cU^\\`y+N$\0ڹ814(rT7$=s>_0vpr\0Ԇ\\mn8lxOuyև郹\r8fmCMM\0Мb|z>9_yrW.SUmСC7\\x6pk=rpr\0[~.Kj`.g?cD[h8y!pWVVƺ׫ӆ\0М\"x8_.S߹>oРAua7Lu;\r:??|߃{RiiÇA\0X~+nX|-GO6_8-Qquw!:v\\cǋGd89\0\0JSveĿYWU- poXYY=ڱV˝o7=ݯI\'	SǏ_&A\0X_rO~i630}O:o`ˬ_V;tPX<WWW8v\n5B8\0@K3.<CwQE/>`z+bir\0/nj6\0\0怳^~iʔ)O7[p\06{r-~*X6tӴ{.`ڀ*\0\0X#(OSl\0Rz\0>>ʱe7r5eeeƊӦMJ\0B8\0@Kuf.\\ek!]զn:?s YUUرc[QF~iZ?iCYz_MMMaفw}w:蠃RN!\0`]T \\R1Osyk׮^ٚ~#Gz!/2GY\ZCyyy{ѣS.]>oK~z:ujzgӶnw^Nl@\0hfrEk9TYYlL2d_Ngx#8_B/-uG:.?ci6J;S7p˽>>}3g\n0\0\\5/R#n͡~́|:thiK{ｷL0!͚5+(q}饗^Z{wa(z޽o.°~\'\0>p\0]^9sӧ2O|qdj+A9L\rzmƌ-!Hs>^^xի0|w_;SOy7|ͨ5\0&AN\nÏyMII1Tci1O|;pxnl-,3/Zpa4iR?^ٱc㏧w}p_y!\0B8\0aO?3fNi؂J.{ۊ~W9/4\n0`i_~׿u~;~ŋ!~ڴii̘1\r6ؠ3>bĈԿbhi=_~\0\0je\0\0zIDATyZ,6Gmy6˥U(^VVC];ߞom̺vzw|,oOӅS+wqsbO?̪O>d|_<[P7޸ĉөZ>vإ<5\0L_5C.ry0IKs~l{I.1[eLn=~^xaaѴ騣JwqamYX<t!Cc3gNb-җ`_C^{_ \0*xmbECx1ҟG![ְO~t\'V//0颋.Jw\\aCȋ=;w\\^/ɓ\'scz<D/8 \0}T~WqP1<_AƮ]o=\rBiE7&̋?!=iɒ%<6t뭷K/4u]b.ycc<aa9\0мbR]c3zkqQIIIyii-ǻ>W8P\Zٳg:S\n{|;VR^C9pj\0B8\0?>Oȥo^Z~ѣGB?0r\0֍n>}/\0V\0\0\0 \0\0\0\0\0\0\0\0 \0\0\n\0\0\0@\0\0\0!\0\0\0\0\0@\0\0\0!\0\0\0\0\0@\0\0\0p\0\0\0\0\0@\0\0\0p\0\0\0\0\0\0!\0\0\0p\0\0\0\0\0\0!\0\0\0p\0\0;СFE\009_T	\0hJKKߙ7oh{Ii5B8\0\0mTΝ3gh***jp\0\0ڨ˧MVe_fTUU\0@?oX&Mt_=}?6@\0\r<|ܹsUz0{;f͚ŚlU\0\0kjĈ3O<}ݣzUڵkWĉ?YRR_rȃjp\0\0ځnN8aӏ΁pAϞ=KO4ilyyݱ	1`sXd\0\'s;rGp,$M$\0\0|U)e7%xH)=iڎi{YczބOsK8\0\0ֺ!j-^{&l\0\0\0\0\0\0\0\0\0\0\0\0\0\0\0\0\0\0\0\0\0\0\0\0\0\0\0\0\0\0\0\0\0\0\0\0\0\0\0\0\0\0\0\0\0\0\0\0\0\0\0\0\0\0\0\0\0\0\0\0\0\0\0\0\0\0\0\0\0\0\0\0\0\0\0\0\0\0\0\0\0\0\0\0\0\0\0\0\0\0\0\0\0\0\0\0\0\0\0\0\0\0\0\0\0\0\0\0\0\0\0\0\0\0\0\0\0\0\0\0\0\0\0\0\0\0\0\0\0\0\0\0\0\0\0\0\0\0\0\0\0\0\0\0\0\0\0\0\0\0\0\0\0\0\0\0\0\0\0\0\0\0\0\0\0\0\0\0\0\0\0\0\0\0\0\0\0\0\0\0\0\0\0\0\0\0\0\0\0,[q1d\0\0\0\0IENDB`',NULL),('95002',1,'92516.bpmn20.xml','95001','<?xml version=\"1.0\" encoding=\"UTF-8\"?>\n<definitions xmlns=\"http://www.omg.org/spec/BPMN/20100524/MODEL\" xmlns:xsi=\"http://www.w3.org/2001/XMLSchema-instance\" xmlns:xsd=\"http://www.w3.org/2001/XMLSchema\" xmlns:activiti=\"http://activiti.org/bpmn\" xmlns:bpmndi=\"http://www.omg.org/spec/BPMN/20100524/DI\" xmlns:omgdc=\"http://www.omg.org/spec/DD/20100524/DC\" xmlns:omgdi=\"http://www.omg.org/spec/DD/20100524/DI\" typeLanguage=\"http://www.w3.org/2001/XMLSchema\" expressionLanguage=\"http://www.w3.org/1999/XPath\" targetNamespace=\"http://www.activiti.org/processdef\">\n  <process id=\"leave\" name=\"cs01\" isExecutable=\"true\">\n    <startEvent id=\"sid-6D47EAC9-109F-46F2-B0EF-0D1953D8547D\"></startEvent>\n    <userTask id=\"sid-F5676A61-8CCE-4323-9201-1701E71CD81F\" name=\"cs01\"></userTask>\n    <sequenceFlow id=\"sid-45835F03-A74D-4955-8889-1F8D2D953846\" sourceRef=\"sid-6D47EAC9-109F-46F2-B0EF-0D1953D8547D\" targetRef=\"sid-F5676A61-8CCE-4323-9201-1701E71CD81F\"></sequenceFlow>\n    <userTask id=\"sid-7A12762F-A735-4BB5-BA28-7FF3F21F39D6\" name=\"cs02\"></userTask>\n    <sequenceFlow id=\"sid-A00980D9-9EF0-476B-BCB6-F2CA50966E3F\" sourceRef=\"sid-F5676A61-8CCE-4323-9201-1701E71CD81F\" targetRef=\"sid-7A12762F-A735-4BB5-BA28-7FF3F21F39D6\"></sequenceFlow>\n    <userTask id=\"sid-A30C477F-76F9-4C38-B057-CDA094A2B817\" name=\"cs03\"></userTask>\n    <sequenceFlow id=\"sid-E780DD27-4279-4555-B08E-C665279AF239\" sourceRef=\"sid-7A12762F-A735-4BB5-BA28-7FF3F21F39D6\" targetRef=\"sid-A30C477F-76F9-4C38-B057-CDA094A2B817\"></sequenceFlow>\n    <exclusiveGateway id=\"sid-CE95D884-6C8D-433A-B66C-13B9FF273AE1\"></exclusiveGateway>\n    <sequenceFlow id=\"sid-FBB884B5-A2E1-4D80-8A84-64F6BD186E84\" sourceRef=\"sid-A30C477F-76F9-4C38-B057-CDA094A2B817\" targetRef=\"sid-CE95D884-6C8D-433A-B66C-13B9FF273AE1\"></sequenceFlow>\n    <userTask id=\"sid-5A7B2442-8589-46C8-9FA7-DD5DACDA574C\" name=\"cs04\"></userTask>\n    <sequenceFlow id=\"sid-6AF427D8-4C86-46F4-B387-C71D9E9ADAFC\" sourceRef=\"sid-CE95D884-6C8D-433A-B66C-13B9FF273AE1\" targetRef=\"sid-5A7B2442-8589-46C8-9FA7-DD5DACDA574C\"></sequenceFlow>\n    <userTask id=\"sid-CE6842C8-B248-40D6-B25D-FCE5FAFD7B78\" name=\"cs05\"></userTask>\n    <sequenceFlow id=\"sid-AF8542E3-2579-4F4C-967B-A1F3A7344FF7\" sourceRef=\"sid-CE95D884-6C8D-433A-B66C-13B9FF273AE1\" targetRef=\"sid-CE6842C8-B248-40D6-B25D-FCE5FAFD7B78\"></sequenceFlow>\n    <endEvent id=\"sid-89C628F1-4139-4A09-A671-D66EF08FA979\"></endEvent>\n    <sequenceFlow id=\"sid-CEA47563-B6D7-4525-A5DC-5433B8900D29\" sourceRef=\"sid-CE6842C8-B248-40D6-B25D-FCE5FAFD7B78\" targetRef=\"sid-89C628F1-4139-4A09-A671-D66EF08FA979\"></sequenceFlow>\n    <sequenceFlow id=\"sid-40CF83A7-6DFB-46E1-9E78-061270F4EDC9\" sourceRef=\"sid-5A7B2442-8589-46C8-9FA7-DD5DACDA574C\" targetRef=\"sid-89C628F1-4139-4A09-A671-D66EF08FA979\"></sequenceFlow>\n  </process>\n  <bpmndi:BPMNDiagram id=\"BPMNDiagram_leave\">\n    <bpmndi:BPMNPlane bpmnElement=\"leave\" id=\"BPMNPlane_leave\">\n      <bpmndi:BPMNShape bpmnElement=\"sid-6D47EAC9-109F-46F2-B0EF-0D1953D8547D\" id=\"BPMNShape_sid-6D47EAC9-109F-46F2-B0EF-0D1953D8547D\">\n        <omgdc:Bounds height=\"30.0\" width=\"30.0\" x=\"45.0\" y=\"90.0\"></omgdc:Bounds>\n      </bpmndi:BPMNShape>\n      <bpmndi:BPMNShape bpmnElement=\"sid-F5676A61-8CCE-4323-9201-1701E71CD81F\" id=\"BPMNShape_sid-F5676A61-8CCE-4323-9201-1701E71CD81F\">\n        <omgdc:Bounds height=\"80.0\" width=\"100.0\" x=\"150.0\" y=\"105.0\"></omgdc:Bounds>\n      </bpmndi:BPMNShape>\n      <bpmndi:BPMNShape bpmnElement=\"sid-7A12762F-A735-4BB5-BA28-7FF3F21F39D6\" id=\"BPMNShape_sid-7A12762F-A735-4BB5-BA28-7FF3F21F39D6\">\n        <omgdc:Bounds height=\"80.0\" width=\"100.0\" x=\"300.0\" y=\"30.0\"></omgdc:Bounds>\n      </bpmndi:BPMNShape>\n      <bpmndi:BPMNShape bpmnElement=\"sid-A30C477F-76F9-4C38-B057-CDA094A2B817\" id=\"BPMNShape_sid-A30C477F-76F9-4C38-B057-CDA094A2B817\">\n        <omgdc:Bounds height=\"80.0\" width=\"100.0\" x=\"435.0\" y=\"120.0\"></omgdc:Bounds>\n      </bpmndi:BPMNShape>\n      <bpmndi:BPMNShape bpmnElement=\"sid-CE95D884-6C8D-433A-B66C-13B9FF273AE1\" id=\"BPMNShape_sid-CE95D884-6C8D-433A-B66C-13B9FF273AE1\">\n        <omgdc:Bounds height=\"40.0\" width=\"40.0\" x=\"270.0\" y=\"225.0\"></omgdc:Bounds>\n      </bpmndi:BPMNShape>\n      <bpmndi:BPMNShape bpmnElement=\"sid-5A7B2442-8589-46C8-9FA7-DD5DACDA574C\" id=\"BPMNShape_sid-5A7B2442-8589-46C8-9FA7-DD5DACDA574C\">\n        <omgdc:Bounds height=\"80.0\" width=\"100.0\" x=\"375.0\" y=\"300.0\"></omgdc:Bounds>\n      </bpmndi:BPMNShape>\n      <bpmndi:BPMNShape bpmnElement=\"sid-CE6842C8-B248-40D6-B25D-FCE5FAFD7B78\" id=\"BPMNShape_sid-CE6842C8-B248-40D6-B25D-FCE5FAFD7B78\">\n        <omgdc:Bounds height=\"80.0\" width=\"100.0\" x=\"105.0\" y=\"300.0\"></omgdc:Bounds>\n      </bpmndi:BPMNShape>\n      <bpmndi:BPMNShape bpmnElement=\"sid-89C628F1-4139-4A09-A671-D66EF08FA979\" id=\"BPMNShape_sid-89C628F1-4139-4A09-A671-D66EF08FA979\">\n        <omgdc:Bounds height=\"28.0\" width=\"28.0\" x=\"276.0\" y=\"405.0\"></omgdc:Bounds>\n      </bpmndi:BPMNShape>\n      <bpmndi:BPMNEdge bpmnElement=\"sid-CEA47563-B6D7-4525-A5DC-5433B8900D29\" id=\"BPMNEdge_sid-CEA47563-B6D7-4525-A5DC-5433B8900D29\">\n        <omgdi:waypoint x=\"205.0\" y=\"369.25925925925924\"></omgdi:waypoint>\n        <omgdi:waypoint x=\"277.9168457812088\" y=\"411.9291171608555\"></omgdi:waypoint>\n      </bpmndi:BPMNEdge>\n      <bpmndi:BPMNEdge bpmnElement=\"sid-AF8542E3-2579-4F4C-967B-A1F3A7344FF7\" id=\"BPMNEdge_sid-AF8542E3-2579-4F4C-967B-A1F3A7344FF7\">\n        <omgdi:waypoint x=\"278.2608695652174\" y=\"253.26086956521738\"></omgdi:waypoint>\n        <omgdi:waypoint x=\"205.0\" y=\"304.81481481481484\"></omgdi:waypoint>\n      </bpmndi:BPMNEdge>\n      <bpmndi:BPMNEdge bpmnElement=\"sid-E780DD27-4279-4555-B08E-C665279AF239\" id=\"BPMNEdge_sid-E780DD27-4279-4555-B08E-C665279AF239\">\n        <omgdi:waypoint x=\"400.0\" y=\"70.0\"></omgdi:waypoint>\n        <omgdi:waypoint x=\"485.0\" y=\"70.0\"></omgdi:waypoint>\n        <omgdi:waypoint x=\"485.0\" y=\"120.0\"></omgdi:waypoint>\n      </bpmndi:BPMNEdge>\n      <bpmndi:BPMNEdge bpmnElement=\"sid-45835F03-A74D-4955-8889-1F8D2D953846\" id=\"BPMNEdge_sid-45835F03-A74D-4955-8889-1F8D2D953846\">\n        <omgdi:waypoint x=\"74.42285921461234\" y=\"109.12081691846068\"></omgdi:waypoint>\n        <omgdi:waypoint x=\"150.0\" y=\"130.71428571428572\"></omgdi:waypoint>\n      </bpmndi:BPMNEdge>\n      <bpmndi:BPMNEdge bpmnElement=\"sid-A00980D9-9EF0-476B-BCB6-F2CA50966E3F\" id=\"BPMNEdge_sid-A00980D9-9EF0-476B-BCB6-F2CA50966E3F\">\n        <omgdi:waypoint x=\"200.0\" y=\"105.0\"></omgdi:waypoint>\n        <omgdi:waypoint x=\"200.0\" y=\"70.0\"></omgdi:waypoint>\n        <omgdi:waypoint x=\"300.0\" y=\"70.0\"></omgdi:waypoint>\n      </bpmndi:BPMNEdge>\n      <bpmndi:BPMNEdge bpmnElement=\"sid-FBB884B5-A2E1-4D80-8A84-64F6BD186E84\" id=\"BPMNEdge_sid-FBB884B5-A2E1-4D80-8A84-64F6BD186E84\">\n        <omgdi:waypoint x=\"435.0\" y=\"181.7948717948718\"></omgdi:waypoint>\n        <omgdi:waypoint x=\"303.92857142857144\" y=\"238.92857142857142\"></omgdi:waypoint>\n      </bpmndi:BPMNEdge>\n      <bpmndi:BPMNEdge bpmnElement=\"sid-40CF83A7-6DFB-46E1-9E78-061270F4EDC9\" id=\"BPMNEdge_sid-40CF83A7-6DFB-46E1-9E78-061270F4EDC9\">\n        <omgdi:waypoint x=\"375.0\" y=\"369.25925925925924\"></omgdi:waypoint>\n        <omgdi:waypoint x=\"302.0831542187912\" y=\"411.9291171608555\"></omgdi:waypoint>\n      </bpmndi:BPMNEdge>\n      <bpmndi:BPMNEdge bpmnElement=\"sid-6AF427D8-4C86-46F4-B387-C71D9E9ADAFC\" id=\"BPMNEdge_sid-6AF427D8-4C86-46F4-B387-C71D9E9ADAFC\">\n        <omgdi:waypoint x=\"309.9261992619926\" y=\"245.07380073800738\"></omgdi:waypoint>\n        <omgdi:waypoint x=\"425.0\" y=\"245.5\"></omgdi:waypoint>\n        <omgdi:waypoint x=\"425.0\" y=\"300.0\"></omgdi:waypoint>\n      </bpmndi:BPMNEdge>\n    </bpmndi:BPMNPlane>\n  </bpmndi:BPMNDiagram>\n</definitions>',0),('95003',1,'92516.leave.png','95001','PNG\r\n\Z\n\0\0\0\rIHDR\0\0!\0\0\0\0\0E?\0\0,IDATx\\u}7PDmRĚJP^kb_mm-iņn\Z)xҀD4h0ҠMmĈ@	\rF ے4@$gfo;<ݙd9gΌ\0\0\0\0\0\0\0\0\0\0\0\0\0\0\0\0\0\0\0\0\0\0\0\0\0\0\0\0\0\0\0\0\0\0\0\0\0\0\0\0\0\0\0\0\0\0\0\0\0\0\0\0\0\0\0\0\0\0\0\0\0\0\0\0V(ݴiӂիWt%K0OGGGaʕ?iF0RYjUa텽{;vVXt3\04D\"wɒ%\04tFZ	@CH$U	)X+PB*٧6m\05+!vv½\\ߤ}ʃ\05)!<_<(!\0P+t\0@MJ}KfW-!>A	\0%D	SBҳat\0@MJ;X%\0jRB\\Woe}ʃ\05)!i6=nS\0]	ٳk<%\0+>xsT%\0SزqYᇷ}j)O(!\00r(!\0PҗQ&\0P	h)2\0JQB\0@	QB\0@	1J\0(!J\0(!F	\0%D	\0%(!\0(!\0%\0%\0\0%\0%\0\0@rܒw)!J\0)SҤ2fߡ(!\00%bniψ\0@KHמ2(!\00,%rH:L(!\06fDF	Nf$/UB,-{k줦C)!@ P_(SBjUBN^>j	y\n\'ONXqǕ~%D\0\Z,|2gΜbx衇F9Sؽ{w>%D\0aV%dǎX`A}7pCa]{c9ܹs(!ӦM+u)!2(!Ό3%(]2&u?{,\ZoF%D\0%z>7o.\\r%]e$ziOHO{;RI}NL9@@	9pʇbnZth̛7Y+\ZsBRQ휐K?N{V.TBd PB1a\">.7s^}%=gǼﺽ{AQBd PB\\\'%(!2(!J2JQBd PBd @ (!@ (!F	9@@	QBd PB\"sBuW+xBz[[[G?MW^y1a!]>o\'?CPk-^Y|)$ݾ}{~!JJ>?>D (!F	9[ԧ\\tEł/{)\\|/̜9sC&y@PB\"sޏCoeg}vaѢE*vmӧ?oA	1Jduy|PxQh1cXRPB\"sQ\nH:c(}W.kJQBdI瀤C0C=\"ӦMEK[ %DPsM-|KK,qbC5=?i9眭{Au@pý޻bøt%t2`_ӧO\Z+q@@	1Ji`Rs-X9.JQBdNK.>뮇cXdȜ^n˖-ZBnݺ=V,}bҫ_n/Vݖ@@	1Jii$X9.]NӦMV^ҥKa5\Z\'={(\\\'1cJ0<̟\r~=!}\nȪU#7;v(X($g(!F	QBw>\'\'sB.Q@ꦈ썍ņ^jӺݱ^vJHùK7c16/1Xr>kc*!g?ٹy}\\.` d2QnlٲӖ/_Զm۞T@:::+c=񊩻l}1<\Zl6{u^QX	y-Mk/︼8tWB\rߤy֤;Q>ioP@p,J ƒCcncEXUV6+JȊxt̷s\\ڽ%d}_Zt[OyPB`cVBIT:묳2\\pa3ϯUtڎ%+\r1Y4ǟÔ:%\ZK	^SSӡR9sEմO^~v%vuosVk\rw\\Y%\ZdoH%$=ӧ?֤[?Ċp@W(̏I9d^%%t@lz:7d @kkk̙3KOJ?w#T:bTBJe\'o}G+!J\r7dsAFjH\nHx{m07JmVw2KHz6LSh֧o>;Uw~>i?\'~6˭/zCߜN|%d_ZB}ʃ\r\r{GŹ \'[\"sq|~̙3]\\d7EYNB9 CSWd}/;PLܖShmX{AFyF*#mmmۯwR~ѻbt`:::={[cÞ.D*?]-5tqt\Z6iiL散|JHMqPB]\'buP<b6W-]ڐyhXK?xL̒z|JȞ=w]sࡘ-ݧ<(!WջӋg׮reþrʟĴZ#ԩS_VBQU	Ij}\nȪU\n^p_bŊ]ֿq䫖={\n[6.+T- I>^%&Q@ꦈ\nrtWD	J`UVRi.\'_{U|3̛SB\"~W#s?|N~;KVS /@gRشӤmrB0Bs9tnI八w^(nsWP\'z|=-~?%D @/2zwWy}/;+t9Աtݑl6J	)J@z,!^[0URow\"@	90d!lHr/\0VBҳat9w	IOͽ#K:Q)!ꭄlUKHOV\Z(@̜\';[|فbt9(!F @2g(!69!sPB@eΞ=w]sࡘe#&sB2%ٳe>f#`Ps#&ӗ2%PGv#@d9#@d9#9F \"\n92@\0cdas=W<yr*N/	9F v̙S,=PW)w?~;)@@yvQ]Eb]p\rwwvݗ>>cϝ;wR?\02B3cƌbax\nk׮ݯLݻt_|J#s2}6o\\KH:Ӟ뮻N	cdS>uC0Eb޼yg͚_(ʸnTE sA T1aҐ>.7s^}%=gǔOLM>G QBdd9#@d9#@d9#@d9#@dNM&]q=^ {)L6xG]%D	3$S~\ZV㺽,Dz=yO6ӫ}×9#9#<;vzͪ4,/4K͜;wnE#-2%d3cƌbQx\nk׮=`FGW?%ZVx+\nv9(! s^PK.*#KO{B<u\n2`2g|(&<չ+?k֬DTTpNĉ{P?|%%dN{;&LU$fΜYKRgÔ1]2%d9#9F @\0#s@ 9F @\0#s@ 9F @\0#s@ 9F @\0#s@ 9F @\0#s@ vu?tR3#Y+ZZZ~kʔ)sO^xg+!0nʕ+l߾/cLgg\"6X++fϞ(,y<#--[˗?m۶BT@:::9ZKlQ:~:K9~b7)V5P@Z!ͰOZF(oQ<79J\0C&\nǟFV1d~*!J\0J[[ˢpc]a|qSB\0(-fQ+!J\0K>(lL&;J\0thSP.Pz`M%D	Mp\\㱘;1\0xf/ǿ=\0@!lvR%Q<:c>d(!\04SO=xccEi)_մ%c~?_	QB\0h0Q6bY1GPB\0\Z@i6}o{rrG{Ztxfz*)\0cx|2fk[|^+Wnپ}P^;x\0-\nۣpܘj\Zz-[v˟ڶmI\rFhqg(g2#{\rߤ|M:I0>ioP@\0(\Z1+ј1^j\0\0*of_*]|>\n\0P+D(<%SN\0L&(󣘻cm`\0\05el6UMrwY*\0@477O1;x|&\0ĉqf6A\r#}US\0`d2([bn7b\0\05emQ:楧f2\n\0P\"bQ:ΈYp̅mmmGY2\0@M_fEx$fe.쪦\0@D8!J?C.W\0!Q8NN\'N6c\0\051uWզƬMOMOd\0OKFИ\0Lz6tIҥՏT\0H/\ZcZG	y tƒ\0j\"ƯDtQD&sUS\0Vp^\r)1Dߖ\n\0P\"bQ6:˭H.6f\0\05.(cE$㪦\0@D8>JK\\\Zs\0Բ|y-Q:\\z\0oT)\\.73J1D	yqrLvT1>\nǕ骦va<\00YΘJo\'y(j\ZL=\00zHx=!;ꭈţ5JǚQ>^Q@vqtKc:,5UM`T; E|#f\'Ju^\0N9Xe27gϞ(G#(\"׿\0cß~~Q[[ˢH`El+&t\n\0^4՟\"GL!fw.{uOߜfy2_?2௏Bqvc777YmQP>o_`\'ٿ]Q*u+![+ܗf۳!\r\02TrG$[K<ssssxH\0`~Riƙ_wɪmmmGEXr<\0XdRE򸟿>̗QD}]WIdqkRl6\04VI,B?He)ϴz}`4_\0Uў\nEoEϟ?<^|߾\"EԦl6oc1cq2*\0rr?EOEOK\0#W6=XWݫ\0S@Z\0\rH\01X@z+\"?\ZD\0\"SL^D#\0cQp tn]3JƯ\0=	fqJ\06朐(!\04XϞjO1)\"\0E``UN:!J\0\r`{\"z!!=J\0^	E) J\08#&Wv_O;!%\0N:餫O=_CυȪ}*!\0?rܫc͘\roxT1m\\v{}\0Xywl,fWVyQ<3!%\0&Nxxǆ?S\0?d{S{!%\0~.˝1Y$\'IJ@qѱQX_|,j(!\0E\\ t̩8Z,ҥ]	%,6/	CO\\*\'r%eٷƬ\rע5t=\"\0)H\'r3k_t/\nJ@#qLwbP\\<R@PB\0\Z;*托˛6Ri(!\0\'aŘ͹\\]#-Q@	h0lwx(#GZ\"(!\0!N\'Fi8PB\0c#s%@e\"طۏg2Z\"(!\0)(_P(˽A	`8b6DʩJ\0vH6(|[bq\0PsLW#ƬA	_Gxo={K,\0jjԩ/X\"(!\0GX\\.w]&y%@M-ltiJ\0c:K%fޏYN>E	ק?,\0#OzK?gX\"(!\0Tz㏥kļA	UOc:b^k\0PsP:K%jiiyo+Z\"(!\0\\.{gC1d2#,\0jte1[bND@	w%r\\kxqN>ǢT:2k,)Ad2GFΏ/\no[\"(!W[	f,)A1_hkk{%]E^J\0 h\'c+K(!\'V+!QO\0 ;1tuw\"LDjܐ5\0th[N>=\rq.@ρyarTo][--}Yh/@/J{AvrK*rIq#&Nx*!8dKNxb:_XJ0߯!\0tz_k;{8q2і芩0\n¡6mZz.]ZXd(\\\'1%ƿTy*( o\"7F܀Q\'ɪU\n۷o/ݻ׌رbŊ#Xr\'ʎ\rSJF @lq}^Bk/rÔsZɨvEYxUJO%,Ll6;ڋ0iV2*c~*Lҳ`hp8az\rk%c:L}jKaӚ;./Nz?&\0>Lx[3F	AYKr~nK	aܐrj&AR/!7&L6qe0I	aܐrj&-]5L}B@ 7\0a\"L@n\r;aj&>! LrCn@Md_\Z&>! LrCn@Mu_v.ո-\'	rCn\rI|$&\0	rCn\r]Sx5R}B@ 7܀!teBc>W?&\r!7`$RٲqYᇷ}j\'}N\\ܐ009_1&\r!7&aҗbzF(ܐ00hG(ܐ001\0a\"L@n01\0a\"L@n01aarCn01aarCn01aarCn01ar0ar0a䆑 L	\r䆑 L	\r䆑a\"L@n\r&D 7rnݚ~7=\0a<sɓ\'\"M|߱u{y	ȍr<g}v\'xBn0y̙J?c	Hp7o0ٱcG!w\nǏsh̝;]_wwڵk+V(zc=Lf̘WG\ne\"ݻt_|}ŋYוw\nrcΝSQB¤2͛\\rIWT(Vu]Wht/(FXhQaڴioO|x{:7Dn.tFz+20͛W|֬Y8z8\'8\'CnǞh0Ia0a@H9sf}A477x{o}k01ʳcawq܀&r\r& 7ar\r&\r#7@r&\r#7@r&\r#7@r&\r#7&Fܐ L	\r#7&Fܐ L	\r#7&F 7\0a\"L@n\r&F 7\0a\"L@n\r&`s뭷\n^ZO*!yg\nguVaʔ)IIe6xZOwV	%d,S	Y)˝n\r^^[ZO*!0bnO2ㄴ1rC	%¤l61=S\ZpI[K_Z(7PB\Z,LN+!rLglMXsCzַiJ(!\r&ax{l3|>6k/C-WiY7\"LH<sm.{JQO֫~loPB@	i0d2GsZ鯴ޤtߧJn(!0l.]ꗸ~fwɾ~nD{ٓcIQ@֥\'Grqrʕ+l߾/rLgg\"L6p296&ۛZZZ^gͦ~ĺ2Yn4nn[li˗/j۶mdRttt<s vOeGG&Nx5>~Nܐ0bMzMڥ-a7U渘q6d\r\')i}(\rP\rϻc!-|͖HI{߉?\0æ\\PE&y29=qz~Z,\0Fj XLtcxzc\0P/wU|w-#=qYgK3{Ć}1[c)ɼRǘ-\\nFz|-\0Z[[Qձs+?=~qL[!#6d?eԿ8+=nD\0by46p7Z\"u<o-\0ƌSN9qTzjgL&KC<&J˧d\00&e7|+6z?-},&!|>K\0B%22E0˝l\0pҡthơ1uWĲ\0Th:2ΖW[[[D\0BssFrmrO\ZI/O5-_K\0(]ul\Z|>˱q\0OOhJ\\Qѥ`ї_<\\.NK|J/\"2\nX\"\00bÚy,|u\ZK+哷D\0`7^~X#/PZNZ\05ߜfoA~V\0n\'ņ1s\\#̙L^?[\0`L8 tH>Ϗyu}ϕ~yI=\0PZZZ^b#p\\Jθ^l6{n|?zuS9=\0PbC}Rld2ot}1{&m˅!\nS([KH.OIH[4fܾ4<<\0P|TUW,mԗ6~KscsG|~[_-}GtӿI?G\0FtElįyt{Yh _[?GO*\něgt(Kx\n\0qGlwPv\'SW~nKKKӟtaٲeG}3{Y;W]uUaԩ=)yӘ=j\00~vo{+IQ^,7xca텾عsgu+3*,#\0c@?= /u]tQ\"Қ{ٗN>|W˺T:T3gΜt}?}=i\0cAWią2KO]Uzʾ={@[@*H=\"/Jiv||qS\\~\00L9 =ۡsDdR\0;Q4TZ7tSՓaT O>dMJHzLg@+]YX>j)]G\\h@+L,_%$]Ь,Kr1RKWV(!Y\0%BfCޞ[QBv[\0%.!\0\0#RB\0H	\0`N\00\"S\rS[[[抩\0@\0T	9֯V*:\0PrI8i\\p{Ar	9.fG,\\ve.\"̙3<]\\K\0O6R>IGdfu0\0P]\"I\'gY0$s@D\0z,눤C5KjW_]83_e,U\0O9\"Or\002rFOH{?<\0te(#**WM/F^&]ݕP\0\0\0\0\0\0\0\0\0\0\0\0\0\0\0\0`X\0\0\0\0IENDB`',1),('95012',1,'92516.bpmn20.xml','95011','<?xml version=\"1.0\" encoding=\"UTF-8\"?>\n<definitions xmlns=\"http://www.omg.org/spec/BPMN/20100524/MODEL\" xmlns:xsi=\"http://www.w3.org/2001/XMLSchema-instance\" xmlns:xsd=\"http://www.w3.org/2001/XMLSchema\" xmlns:activiti=\"http://activiti.org/bpmn\" xmlns:bpmndi=\"http://www.omg.org/spec/BPMN/20100524/DI\" xmlns:omgdc=\"http://www.omg.org/spec/DD/20100524/DC\" xmlns:omgdi=\"http://www.omg.org/spec/DD/20100524/DI\" typeLanguage=\"http://www.w3.org/2001/XMLSchema\" expressionLanguage=\"http://www.w3.org/1999/XPath\" targetNamespace=\"http://www.activiti.org/processdef\">\n  <process id=\"leave\" name=\"cs011\" isExecutable=\"true\">\n    <startEvent id=\"sid-6D47EAC9-109F-46F2-B0EF-0D1953D8547D\"></startEvent>\n    <userTask id=\"sid-F5676A61-8CCE-4323-9201-1701E71CD81F\" name=\"cs01\"></userTask>\n    <sequenceFlow id=\"sid-45835F03-A74D-4955-8889-1F8D2D953846\" sourceRef=\"sid-6D47EAC9-109F-46F2-B0EF-0D1953D8547D\" targetRef=\"sid-F5676A61-8CCE-4323-9201-1701E71CD81F\"></sequenceFlow>\n    <userTask id=\"sid-7A12762F-A735-4BB5-BA28-7FF3F21F39D6\" name=\"cs02\"></userTask>\n    <sequenceFlow id=\"sid-A00980D9-9EF0-476B-BCB6-F2CA50966E3F\" sourceRef=\"sid-F5676A61-8CCE-4323-9201-1701E71CD81F\" targetRef=\"sid-7A12762F-A735-4BB5-BA28-7FF3F21F39D6\"></sequenceFlow>\n    <userTask id=\"sid-A30C477F-76F9-4C38-B057-CDA094A2B817\" name=\"cs03\"></userTask>\n    <sequenceFlow id=\"sid-E780DD27-4279-4555-B08E-C665279AF239\" sourceRef=\"sid-7A12762F-A735-4BB5-BA28-7FF3F21F39D6\" targetRef=\"sid-A30C477F-76F9-4C38-B057-CDA094A2B817\"></sequenceFlow>\n    <exclusiveGateway id=\"sid-CE95D884-6C8D-433A-B66C-13B9FF273AE1\"></exclusiveGateway>\n    <sequenceFlow id=\"sid-FBB884B5-A2E1-4D80-8A84-64F6BD186E84\" sourceRef=\"sid-A30C477F-76F9-4C38-B057-CDA094A2B817\" targetRef=\"sid-CE95D884-6C8D-433A-B66C-13B9FF273AE1\"></sequenceFlow>\n    <userTask id=\"sid-5A7B2442-8589-46C8-9FA7-DD5DACDA574C\" name=\"cs04\"></userTask>\n    <sequenceFlow id=\"sid-6AF427D8-4C86-46F4-B387-C71D9E9ADAFC\" sourceRef=\"sid-CE95D884-6C8D-433A-B66C-13B9FF273AE1\" targetRef=\"sid-5A7B2442-8589-46C8-9FA7-DD5DACDA574C\"></sequenceFlow>\n    <userTask id=\"sid-CE6842C8-B248-40D6-B25D-FCE5FAFD7B78\" name=\"cs05\"></userTask>\n    <sequenceFlow id=\"sid-AF8542E3-2579-4F4C-967B-A1F3A7344FF7\" sourceRef=\"sid-CE95D884-6C8D-433A-B66C-13B9FF273AE1\" targetRef=\"sid-CE6842C8-B248-40D6-B25D-FCE5FAFD7B78\"></sequenceFlow>\n    <endEvent id=\"sid-89C628F1-4139-4A09-A671-D66EF08FA979\"></endEvent>\n    <sequenceFlow id=\"sid-CEA47563-B6D7-4525-A5DC-5433B8900D29\" sourceRef=\"sid-CE6842C8-B248-40D6-B25D-FCE5FAFD7B78\" targetRef=\"sid-89C628F1-4139-4A09-A671-D66EF08FA979\"></sequenceFlow>\n    <sequenceFlow id=\"sid-40CF83A7-6DFB-46E1-9E78-061270F4EDC9\" sourceRef=\"sid-5A7B2442-8589-46C8-9FA7-DD5DACDA574C\" targetRef=\"sid-89C628F1-4139-4A09-A671-D66EF08FA979\"></sequenceFlow>\n  </process>\n  <bpmndi:BPMNDiagram id=\"BPMNDiagram_leave\">\n    <bpmndi:BPMNPlane bpmnElement=\"leave\" id=\"BPMNPlane_leave\">\n      <bpmndi:BPMNShape bpmnElement=\"sid-6D47EAC9-109F-46F2-B0EF-0D1953D8547D\" id=\"BPMNShape_sid-6D47EAC9-109F-46F2-B0EF-0D1953D8547D\">\n        <omgdc:Bounds height=\"30.0\" width=\"30.0\" x=\"45.0\" y=\"90.0\"></omgdc:Bounds>\n      </bpmndi:BPMNShape>\n      <bpmndi:BPMNShape bpmnElement=\"sid-F5676A61-8CCE-4323-9201-1701E71CD81F\" id=\"BPMNShape_sid-F5676A61-8CCE-4323-9201-1701E71CD81F\">\n        <omgdc:Bounds height=\"80.0\" width=\"100.0\" x=\"150.0\" y=\"105.0\"></omgdc:Bounds>\n      </bpmndi:BPMNShape>\n      <bpmndi:BPMNShape bpmnElement=\"sid-7A12762F-A735-4BB5-BA28-7FF3F21F39D6\" id=\"BPMNShape_sid-7A12762F-A735-4BB5-BA28-7FF3F21F39D6\">\n        <omgdc:Bounds height=\"80.0\" width=\"100.0\" x=\"300.0\" y=\"30.0\"></omgdc:Bounds>\n      </bpmndi:BPMNShape>\n      <bpmndi:BPMNShape bpmnElement=\"sid-A30C477F-76F9-4C38-B057-CDA094A2B817\" id=\"BPMNShape_sid-A30C477F-76F9-4C38-B057-CDA094A2B817\">\n        <omgdc:Bounds height=\"80.0\" width=\"100.0\" x=\"435.0\" y=\"120.0\"></omgdc:Bounds>\n      </bpmndi:BPMNShape>\n      <bpmndi:BPMNShape bpmnElement=\"sid-CE95D884-6C8D-433A-B66C-13B9FF273AE1\" id=\"BPMNShape_sid-CE95D884-6C8D-433A-B66C-13B9FF273AE1\">\n        <omgdc:Bounds height=\"40.0\" width=\"40.0\" x=\"270.0\" y=\"225.0\"></omgdc:Bounds>\n      </bpmndi:BPMNShape>\n      <bpmndi:BPMNShape bpmnElement=\"sid-5A7B2442-8589-46C8-9FA7-DD5DACDA574C\" id=\"BPMNShape_sid-5A7B2442-8589-46C8-9FA7-DD5DACDA574C\">\n        <omgdc:Bounds height=\"80.0\" width=\"100.0\" x=\"375.0\" y=\"300.0\"></omgdc:Bounds>\n      </bpmndi:BPMNShape>\n      <bpmndi:BPMNShape bpmnElement=\"sid-CE6842C8-B248-40D6-B25D-FCE5FAFD7B78\" id=\"BPMNShape_sid-CE6842C8-B248-40D6-B25D-FCE5FAFD7B78\">\n        <omgdc:Bounds height=\"80.0\" width=\"100.0\" x=\"105.0\" y=\"300.0\"></omgdc:Bounds>\n      </bpmndi:BPMNShape>\n      <bpmndi:BPMNShape bpmnElement=\"sid-89C628F1-4139-4A09-A671-D66EF08FA979\" id=\"BPMNShape_sid-89C628F1-4139-4A09-A671-D66EF08FA979\">\n        <omgdc:Bounds height=\"28.0\" width=\"28.0\" x=\"276.0\" y=\"405.0\"></omgdc:Bounds>\n      </bpmndi:BPMNShape>\n      <bpmndi:BPMNEdge bpmnElement=\"sid-CEA47563-B6D7-4525-A5DC-5433B8900D29\" id=\"BPMNEdge_sid-CEA47563-B6D7-4525-A5DC-5433B8900D29\">\n        <omgdi:waypoint x=\"205.0\" y=\"369.25925925925924\"></omgdi:waypoint>\n        <omgdi:waypoint x=\"277.9168457812088\" y=\"411.9291171608555\"></omgdi:waypoint>\n      </bpmndi:BPMNEdge>\n      <bpmndi:BPMNEdge bpmnElement=\"sid-AF8542E3-2579-4F4C-967B-A1F3A7344FF7\" id=\"BPMNEdge_sid-AF8542E3-2579-4F4C-967B-A1F3A7344FF7\">\n        <omgdi:waypoint x=\"278.2608695652174\" y=\"253.26086956521738\"></omgdi:waypoint>\n        <omgdi:waypoint x=\"205.0\" y=\"304.81481481481484\"></omgdi:waypoint>\n      </bpmndi:BPMNEdge>\n      <bpmndi:BPMNEdge bpmnElement=\"sid-E780DD27-4279-4555-B08E-C665279AF239\" id=\"BPMNEdge_sid-E780DD27-4279-4555-B08E-C665279AF239\">\n        <omgdi:waypoint x=\"400.0\" y=\"70.0\"></omgdi:waypoint>\n        <omgdi:waypoint x=\"485.0\" y=\"70.0\"></omgdi:waypoint>\n        <omgdi:waypoint x=\"485.0\" y=\"120.0\"></omgdi:waypoint>\n      </bpmndi:BPMNEdge>\n      <bpmndi:BPMNEdge bpmnElement=\"sid-45835F03-A74D-4955-8889-1F8D2D953846\" id=\"BPMNEdge_sid-45835F03-A74D-4955-8889-1F8D2D953846\">\n        <omgdi:waypoint x=\"74.42285921461234\" y=\"109.12081691846068\"></omgdi:waypoint>\n        <omgdi:waypoint x=\"150.0\" y=\"130.71428571428572\"></omgdi:waypoint>\n      </bpmndi:BPMNEdge>\n      <bpmndi:BPMNEdge bpmnElement=\"sid-A00980D9-9EF0-476B-BCB6-F2CA50966E3F\" id=\"BPMNEdge_sid-A00980D9-9EF0-476B-BCB6-F2CA50966E3F\">\n        <omgdi:waypoint x=\"200.0\" y=\"105.0\"></omgdi:waypoint>\n        <omgdi:waypoint x=\"200.0\" y=\"70.0\"></omgdi:waypoint>\n        <omgdi:waypoint x=\"300.0\" y=\"70.0\"></omgdi:waypoint>\n      </bpmndi:BPMNEdge>\n      <bpmndi:BPMNEdge bpmnElement=\"sid-FBB884B5-A2E1-4D80-8A84-64F6BD186E84\" id=\"BPMNEdge_sid-FBB884B5-A2E1-4D80-8A84-64F6BD186E84\">\n        <omgdi:waypoint x=\"435.0\" y=\"181.7948717948718\"></omgdi:waypoint>\n        <omgdi:waypoint x=\"303.92857142857144\" y=\"238.92857142857142\"></omgdi:waypoint>\n      </bpmndi:BPMNEdge>\n      <bpmndi:BPMNEdge bpmnElement=\"sid-40CF83A7-6DFB-46E1-9E78-061270F4EDC9\" id=\"BPMNEdge_sid-40CF83A7-6DFB-46E1-9E78-061270F4EDC9\">\n        <omgdi:waypoint x=\"375.0\" y=\"369.25925925925924\"></omgdi:waypoint>\n        <omgdi:waypoint x=\"302.0831542187912\" y=\"411.9291171608555\"></omgdi:waypoint>\n      </bpmndi:BPMNEdge>\n      <bpmndi:BPMNEdge bpmnElement=\"sid-6AF427D8-4C86-46F4-B387-C71D9E9ADAFC\" id=\"BPMNEdge_sid-6AF427D8-4C86-46F4-B387-C71D9E9ADAFC\">\n        <omgdi:waypoint x=\"309.9261992619926\" y=\"245.07380073800738\"></omgdi:waypoint>\n        <omgdi:waypoint x=\"425.0\" y=\"245.5\"></omgdi:waypoint>\n        <omgdi:waypoint x=\"425.0\" y=\"300.0\"></omgdi:waypoint>\n      </bpmndi:BPMNEdge>\n    </bpmndi:BPMNPlane>\n  </bpmndi:BPMNDiagram>\n</definitions>',0),('95013',1,'92516.leave.png','95011','PNG\r\n\Z\n\0\0\0\rIHDR\0\0!\0\0\0\0\0E?\0\0,IDATx\\u}7PDmRĚJP^kb_mm-iņn\Z)xҀD4h0ҠMmĈ@	\rF ے4@$gfo;<ݙd9gΌ\0\0\0\0\0\0\0\0\0\0\0\0\0\0\0\0\0\0\0\0\0\0\0\0\0\0\0\0\0\0\0\0\0\0\0\0\0\0\0\0\0\0\0\0\0\0\0\0\0\0\0\0\0\0\0\0\0\0\0\0\0\0\0\0V(ݴiӂիWt%K0OGGGaʕ?iF0RYjUa텽{;vVXt3\04D\"wɒ%\04tFZ	@CH$U	)X+PB*٧6m\05+!vv½\\ߤ}ʃ\05)!<_<(!\0P+t\0@MJ}KfW-!>A	\0%D	SBҳat\0@MJ;X%\0jRB\\Woe}ʃ\05)!i6=nS\0]	ٳk<%\0+>xsT%\0SزqYᇷ}j)O(!\00r(!\0PҗQ&\0P	h)2\0JQB\0@	QB\0@	1J\0(!J\0(!F	\0%D	\0%(!\0(!\0%\0%\0\0%\0%\0\0@rܒw)!J\0)SҤ2fߡ(!\00%bniψ\0@KHמ2(!\00,%rH:L(!\06fDF	Nf$/UB,-{k줦C)!@ P_(SBjUBN^>j	y\n\'ONXqǕ~%D\0\Z,|2gΜbx衇F9Sؽ{w>%D\0aV%dǎX`A}7pCa]{c9ܹs(!ӦM+u)!2(!Ό3%(]2&u?{,\ZoF%D\0%z>7o.\\r%]e$ziOHO{;RI}NL9@@	9pʇbnZth̛7Y+\ZsBRQ휐K?N{V.TBd PB1a\">.7s^}%=gǼﺽ{AQBd PB\\\'%(!2(!J2JQBd PBd @ (!@ (!F	9@@	QBd PB\"sBuW+xBz[[[G?MW^y1a!]>o\'?CPk-^Y|)$ݾ}{~!JJ>?>D (!F	9[ԧ\\tEł/{)\\|/̜9sC&y@PB\"sޏCoeg}vaѢE*vmӧ?oA	1Jduy|PxQh1cXRPB\"sQ\nH:c(}W.kJQBdI瀤C0C=\"ӦMEK[ %DPsM-|KK,qbC5=?i9眭{Au@pý޻bøt%t2`_ӧO\Z+q@@	1Ji`Rs-X9.JQBdNK.>뮇cXdȜ^n˖-ZBnݺ=V,}bҫ_n/Vݖ@@	1Jii$X9.]NӦMV^ҥKa5\Z\'={(\\\'1cJ0<̟\r~=!}\nȪU#7;v(X($g(!F	QBw>\'\'sB.Q@ꦈ썍ņ^jӺݱ^vJHùK7c16/1Xr>kc*!g?ٹy}\\.` d2QnlٲӖ/_Զm۞T@:::+c=񊩻l}1<\Zl6{u^QX	y-Mk/︼8tWB\rߤy֤;Q>ioP@p,J ƒCcncEXUV6+JȊxt̷s\\ڽ%d}_Zt[OyPB`cVBIT:묳2\\pa3ϯUtڎ%+\r1Y4ǟÔ:%\ZK	^SSӡR9sEմO^~v%vuosVk\rw\\Y%\ZdoH%$=ӧ?֤[?Ċp@W(̏I9d^%%t@lz:7d @kkk̙3KOJ?w#T:bTBJe\'o}G+!J\r7dsAFjH\nHx{m07JmVw2KHz6LSh֧o>;Uw~>i?\'~6˭/zCߜN|%d_ZB}ʃ\r\r{GŹ \'[\"sq|~̙3]\\d7EYNB9 CSWd}/;PLܖShmX{AFyF*#mmmۯwR~ѻbt`:::={[cÞ.D*?]-5tqt\Z6iiL散|JHMqPB]\'buP<b6W-]ڐyhXK?xL̒z|JȞ=w]sࡘ-ݧ<(!WջӋg׮reþrʟĴZ#ԩS_VBQU	Ij}\nȪU\n^p_bŊ]ֿq䫖={\n[6.+T- I>^%&Q@ꦈ\nrtWD	J`UVRi.\'_{U|3̛SB\"~W#s?|N~;KVS /@gRشӤmrB0Bs9tnI八w^(nsWP\'z|=-~?%D @/2zwWy}/;+t9Աtݑl6J	)J@z,!^[0URow\"@	90d!lHr/\0VBҳat9w	IOͽ#K:Q)!ꭄlUKHOV\Z(@̜\';[|فbt9(!F @2g(!69!sPB@eΞ=w]sࡘe#&sB2%ٳe>f#`Ps#&ӗ2%PGv#@d9#@d9#9F \"\n92@\0cdas=W<yr*N/	9F v̙S,=PW)w?~;)@@yvQ]Eb]p\rwwvݗ>>cϝ;wR?\02B3cƌbax\nk׮ݯLݻt_|J#s2}6o\\KH:Ӟ뮻N	cdS>uC0Eb޼yg͚_(ʸnTE sA T1aҐ>.7s^}%=gǔOLM>G QBdd9#@d9#@d9#@d9#@dNM&]q=^ {)L6xG]%D	3$S~\ZV㺽,Dz=yO6ӫ}×9#9#<;vzͪ4,/4K͜;wnE#-2%d3cƌbQx\nk׮=`FGW?%ZVx+\nv9(! s^PK.*#KO{B<u\n2`2g|(&<չ+?k֬DTTpNĉ{P?|%%dN{;&LU$fΜYKRgÔ1]2%d9#9F @\0#s@ 9F @\0#s@ 9F @\0#s@ 9F @\0#s@ 9F @\0#s@ vu?tR3#Y+ZZZ~kʔ)sO^xg+!0nʕ+l߾/cLgg\"6X++fϞ(,y<#--[˗?m۶BT@:::9ZKlQ:~:K9~b7)V5P@Z!ͰOZF(oQ<79J\0C&\nǟFV1d~*!J\0J[[ˢpc]a|qSB\0(-fQ+!J\0K>(lL&;J\0thSP.Pz`M%D	Mp\\㱘;1\0xf/ǿ=\0@!lvR%Q<:c>d(!\04SO=xccEi)_մ%c~?_	QB\0h0Q6bY1GPB\0\Z@i6}o{rrG{Ztxfz*)\0cx|2fk[|^+Wnپ}P^;x\0-\nۣpܘj\Zz-[v˟ڶmI\rFhqg(g2#{\rߤ|M:I0>ioP@\0(\Z1+ј1^j\0\0*of_*]|>\n\0P+D(<%SN\0L&(󣘻cm`\0\05el6UMrwY*\0@477O1;x|&\0ĉqf6A\r#}US\0`d2([bn7b\0\05emQ:楧f2\n\0P\"bQ:ΈYp̅mmmGY2\0@M_fEx$fe.쪦\0@D8!J?C.W\0!Q8NN\'N6c\0\051uWզƬMOMOd\0OKFИ\0Lz6tIҥՏT\0H/\ZcZG	y tƒ\0j\"ƯDtQD&sUS\0Vp^\r)1Dߖ\n\0P\"bQ6:˭H.6f\0\05.(cE$㪦\0@D8>JK\\\Zs\0Բ|y-Q:\\z\0oT)\\.73J1D	yqrLvT1>\nǕ骦va<\00YΘJo\'y(j\ZL=\00zHx=!;ꭈţ5JǚQ>^Q@vqtKc:,5UM`T; E|#f\'Ju^\0N9Xe27gϞ(G#(\"׿\0cß~~Q[[ˢH`El+&t\n\0^4՟\"GL!fw.{uOߜfy2_?2௏Bqvc777YmQP>o_`\'ٿ]Q*u+![+ܗf۳!\r\02TrG$[K<ssssxH\0`~Riƙ_wɪmmmGEXr<\0XdRE򸟿>̗QD}]WIdqkRl6\04VI,B?He)ϴz}`4_\0Uў\nEoEϟ?<^|߾\"EԦl6oc1cq2*\0rr?EOEOK\0#W6=XWݫ\0S@Z\0\rH\01X@z+\"?\ZD\0\"SL^D#\0cQp tn]3JƯ\0=	fqJ\06朐(!\04XϞjO1)\"\0E``UN:!J\0\r`{\"z!!=J\0^	E) J\08#&Wv_O;!%\0N:餫O=_CυȪ}*!\0?rܫc͘\roxT1m\\v{}\0Xywl,fWVyQ<3!%\0&Nxxǆ?S\0?d{S{!%\0~.˝1Y$\'IJ@qѱQX_|,j(!\0E\\ t̩8Z,ҥ]	%,6/	CO\\*\'r%eٷƬ\rע5t=\"\0)H\'r3k_t/\nJ@#qLwbP\\<R@PB\0\Z;*托˛6Ri(!\0\'aŘ͹\\]#-Q@	h0lwx(#GZ\"(!\0!N\'Fi8PB\0c#s%@e\"طۏg2Z\"(!\0)(_P(˽A	`8b6DʩJ\0vH6(|[bq\0PsLW#ƬA	_Gxo={K,\0jjԩ/X\"(!\0GX\\.w]&y%@M-ltiJ\0c:K%fޏYN>E	ק?,\0#OzK?gX\"(!\0Tz㏥kļA	UOc:b^k\0PsP:K%jiiyo+Z\"(!\0\\.{gC1d2#,\0jte1[bND@	w%r\\kxqN>ǢT:2k,)Ad2GFΏ/\no[\"(!W[	f,)A1_hkk{%]E^J\0 h\'c+K(!\'V+!QO\0 ;1tuw\"LDjܐ5\0th[N>=\rq.@ρyarTo][--}Yh/@/J{AvrK*rIq#&Nx*!8dKNxb:_XJ0߯!\0tz_k;{8q2і芩0\n¡6mZz.]ZXd(\\\'1%ƿTy*( o\"7F܀Q\'ɪU\n۷o/ݻ׌رbŊ#Xr\'ʎ\rSJF @lq}^Bk/rÔsZɨvEYxUJO%,Ll6;ڋ0iV2*c~*Lҳ`hp8az\rk%c:L}jKaӚ;./Nz?&\0>Lx[3F	AYKr~nK	aܐrj&AR/!7&L6qe0I	aܐrj&-]5L}B@ 7\0a\"L@n\r;aj&>! LrCn@Md_\Z&>! LrCn@Mu_v.ո-\'	rCn\rI|$&\0	rCn\r]Sx5R}B@ 7܀!teBc>W?&\r!7`$RٲqYᇷ}j\'}N\\ܐ009_1&\r!7&aҗbzF(ܐ00hG(ܐ001\0a\"L@n01\0a\"L@n01aarCn01aarCn01aarCn01ar0ar0a䆑 L	\r䆑 L	\r䆑a\"L@n\r&D 7rnݚ~7=\0a<sɓ\'\"M|߱u{y	ȍr<g}v\'xBn0y̙J?c	Hp7o0ٱcG!w\nǏsh̝;]_wwڵk+V(zc=Lf̘WG\ne\"ݻt_|}ŋYוw\nrcΝSQB¤2͛\\rIWT(Vu]Wht/(FXhQaڴioO|x{:7Dn.tFz+20͛W|֬Y8z8\'8\'CnǞh0Ia0a@H9sf}A477x{o}k01ʳcawq܀&r\r& 7ar\r&\r#7@r&\r#7@r&\r#7@r&\r#7&Fܐ L	\r#7&Fܐ L	\r#7&F 7\0a\"L@n\r&F 7\0a\"L@n\r&`s뭷\n^ZO*!yg\nguVaʔ)IIe6xZOwV	%d,S	Y)˝n\r^^[ZO*!0bnO2ㄴ1rC	%¤l61=S\ZpI[K_Z(7PB\Z,LN+!rLglMXsCzַiJ(!\r&ax{l3|>6k/C-WiY7\"LH<sm.{JQO֫~loPB@	i0d2GsZ鯴ޤtߧJn(!0l.]ꗸ~fwɾ~nD{ٓcIQ@֥\'Grqrʕ+l߾/rLgg\"L6p296&ۛZZZ^gͦ~ĺ2Yn4nn[li˗/j۶mdRttt<s vOeGG&Nx5>~Nܐ0bMzMڥ-a7U渘q6d\r\')i}(\rP\rϻc!-|͖HI{߉?\0æ\\PE&y29=qz~Z,\0Fj XLtcxzc\0P/wU|w-#=qYgK3{Ć}1[c)ɼRǘ-\\nFz|-\0Z[[Qձs+?=~qL[!#6d?eԿ8+=nD\0by46p7Z\"u<o-\0ƌSN9qTzjgL&KC<&J˧d\00&e7|+6z?-},&!|>K\0B%22E0˝l\0pҡthơ1uWĲ\0Th:2ΖW[[[D\0BssFrmrO\ZI/O5-_K\0(]ul\Z|>˱q\0OOhJ\\Qѥ`ї_<\\.NK|J/\"2\nX\"\00bÚy,|u\ZK+哷D\0`7^~X#/PZNZ\05ߜfoA~V\0n\'ņ1s\\#̙L^?[\0`L8 tH>Ϗyu}ϕ~yI=\0PZZZ^b#p\\Jθ^l6{n|?zuS9=\0PbC}Rld2ot}1{&m˅!\nS([KH.OIH[4fܾ4<<\0P|TUW,mԗ6~KscsG|~[_-}GtӿI?G\0FtElįyt{Yh _[?GO*\něgt(Kx\n\0qGlwPv\'SW~nKKKӟtaٲeG}3{Y;W]uUaԩ=)yӘ=j\00~vo{+IQ^,7xca텾عsgu+3*,#\0c@?= /u]tQ\"Қ{ٗN>|W˺T:T3gΜt}?}=i\0cAWią2KO]Uzʾ={@[@*H=\"/Jiv||qS\\~\00L9 =ۡsDdR\0;Q4TZ7tSՓaT O>dMJHzLg@+]YX>j)]G\\h@+L,_%$]Ь,Kr1RKWV(!Y\0%BfCޞ[QBv[\0%.!\0\0#RB\0H	\0`N\00\"S\rS[[[抩\0@\0T	9֯V*:\0PrI8i\\p{Ar	9.fG,\\ve.\"̙3<]\\K\0O6R>IGdfu0\0P]\"I\'gY0$s@D\0z,눤C5KjW_]83_e,U\0O9\"Or\002rFOH{?<\0te(#**WM/F^&]ݕP\0\0\0\0\0\0\0\0\0\0\0\0\0\0\0\0`X\0\0\0\0IENDB`',1),('95b13b7d-912f-11e7-a391-005056c00001',1,'hist.var-users',NULL,'\0sr\0\Zjava.util.Arrays$ArrayList٤<͈\0[\0at\0[Ljava/lang/Object;xpur\0[Ljava.lang.String;V{G\0\0xp\0\0\0t\0 026a564bbfd84861ac4b65393644beeft\0 1890471a658f4fbebbc67960eea6cfaa',NULL),('e0f374c5-911d-11e7-a391-005056c00001',1,'1ecc61b2-9119-11e7-b720-005056c00001.bpmn20.xml','e0f374c4-911d-11e7-a391-005056c00001','<?xml version=\'1.0\' encoding=\'UTF-8\'?>\n<definitions xmlns=\"http://www.omg.org/spec/BPMN/20100524/MODEL\" xmlns:xsi=\"http://www.w3.org/2001/XMLSchema-instance\" xmlns:xsd=\"http://www.w3.org/2001/XMLSchema\" xmlns:activiti=\"http://activiti.org/bpmn\" xmlns:bpmndi=\"http://www.omg.org/spec/BPMN/20100524/DI\" xmlns:omgdc=\"http://www.omg.org/spec/DD/20100524/DC\" xmlns:omgdi=\"http://www.omg.org/spec/DD/20100524/DI\" typeLanguage=\"http://www.w3.org/2001/XMLSchema\" expressionLanguage=\"http://www.w3.org/1999/XPath\" targetNamespace=\"http://www.activiti.org/processdef\">\n  <process id=\"leave\" name=\"请假demo\" isExecutable=\"true\">\n    <startEvent id=\"sid-2740F4FE-A6A8-4064-A9FA-4BD9D5EC50D7\"/>\n    <userTask id=\"sid-D27D784B-758D-47D8-9D5B-D10FDA7C359E\" name=\"拟稿\"/>\n    <sequenceFlow id=\"sid-39260C26-BBBC-4359-86B0-C871B782216D\" sourceRef=\"sid-2740F4FE-A6A8-4064-A9FA-4BD9D5EC50D7\" targetRef=\"sid-D27D784B-758D-47D8-9D5B-D10FDA7C359E\"/>\n    <userTask id=\"sid-84D12022-7E08-414A-B80D-BA94F89CE906\" name=\"会签\" activiti:assignee=\"${user}\">\n      <multiInstanceLoopCharacteristics isSequential=\"false\" activiti:collection=\"users\" activiti:elementVariable=\"user\">\n        <completionCondition>${nrOfCompletedInstances==nrOfInstances}</completionCondition>\n      </multiInstanceLoopCharacteristics>\n    </userTask>\n    <sequenceFlow id=\"sid-DB2AECD0-F107-48B5-B0F9-878570118A3F\" sourceRef=\"sid-D27D784B-758D-47D8-9D5B-D10FDA7C359E\" targetRef=\"sid-84D12022-7E08-414A-B80D-BA94F89CE906\"/>\n    <exclusiveGateway id=\"sid-72ECC2F4-1590-4946-8D8C-BB732DAE9047\"/>\n    <userTask id=\"sid-B5F4FC84-5420-40E1-9EEF-255C4FA5327B\" name=\"直接上级\"/>\n    <userTask id=\"sid-115F3044-1FC9-4843-8D0B-02C648D0EB93\" name=\"部门经理\"/>\n    <endEvent id=\"sid-E6B72C1D-D108-4767-A9B1-263F80FADCCE\"/>\n    <sequenceFlow id=\"sid-1234F649-404C-4232-85F2-035EA680938A\" sourceRef=\"sid-B5F4FC84-5420-40E1-9EEF-255C4FA5327B\" targetRef=\"sid-72ECC2F4-1590-4946-8D8C-BB732DAE9047\"/>\n    <sequenceFlow id=\"sid-20FEA672-EE72-41AE-9ED1-70DFA3F631A6\" sourceRef=\"sid-115F3044-1FC9-4843-8D0B-02C648D0EB93\" targetRef=\"sid-E6B72C1D-D108-4767-A9B1-263F80FADCCE\"/>\n    <userTask id=\"sid-2DD616A5-34A7-4C6B-907D-9120165C4495\" name=\"人事部\"/>\n    <sequenceFlow id=\"sid-906BA9F6-26B4-4FDE-B2A8-DB331E004F98\" sourceRef=\"sid-2DD616A5-34A7-4C6B-907D-9120165C4495\" targetRef=\"sid-E6B72C1D-D108-4767-A9B1-263F80FADCCE\"/>\n    <sequenceFlow id=\"sid-04675112-6F1B-4E43-BDFC-6C463FA63C2C\" name=\"天数>=3\" sourceRef=\"sid-72ECC2F4-1590-4946-8D8C-BB732DAE9047\" targetRef=\"sid-115F3044-1FC9-4843-8D0B-02C648D0EB93\">\n      <conditionExpression xsi:type=\"tFormalExpression\"><![CDATA[${day>=3}]]></conditionExpression>\n    </sequenceFlow>\n    <sequenceFlow id=\"sid-D5CC28F9-CEED-4A7F-8E4C-082D557E6DBA\" name=\"天数&lt;3\" sourceRef=\"sid-72ECC2F4-1590-4946-8D8C-BB732DAE9047\" targetRef=\"sid-2DD616A5-34A7-4C6B-907D-9120165C4495\">\n      <conditionExpression xsi:type=\"tFormalExpression\"><![CDATA[${day<3}]]></conditionExpression>\n    </sequenceFlow>\n    <sequenceFlow id=\"sid-A2EABD2A-DE09-4DEC-87D4-067A27DFB79E\" sourceRef=\"sid-84D12022-7E08-414A-B80D-BA94F89CE906\" targetRef=\"sid-B5F4FC84-5420-40E1-9EEF-255C4FA5327B\"/>\n  </process>\n  <bpmndi:BPMNDiagram id=\"BPMNDiagram_leave\">\n    <bpmndi:BPMNPlane bpmnElement=\"leave\" id=\"BPMNPlane_leave\">\n      <bpmndi:BPMNShape bpmnElement=\"sid-2740F4FE-A6A8-4064-A9FA-4BD9D5EC50D7\" id=\"BPMNShape_sid-2740F4FE-A6A8-4064-A9FA-4BD9D5EC50D7\">\n        <omgdc:Bounds height=\"30.0\" width=\"30.0\" x=\"20.0\" y=\"135.0\"/>\n      </bpmndi:BPMNShape>\n      <bpmndi:BPMNShape bpmnElement=\"sid-D27D784B-758D-47D8-9D5B-D10FDA7C359E\" id=\"BPMNShape_sid-D27D784B-758D-47D8-9D5B-D10FDA7C359E\">\n        <omgdc:Bounds height=\"80.0\" width=\"100.0\" x=\"95.0\" y=\"110.0\"/>\n      </bpmndi:BPMNShape>\n      <bpmndi:BPMNShape bpmnElement=\"sid-84D12022-7E08-414A-B80D-BA94F89CE906\" id=\"BPMNShape_sid-84D12022-7E08-414A-B80D-BA94F89CE906\">\n        <omgdc:Bounds height=\"80.0\" width=\"100.0\" x=\"240.0\" y=\"110.0\"/>\n      </bpmndi:BPMNShape>\n      <bpmndi:BPMNShape bpmnElement=\"sid-72ECC2F4-1590-4946-8D8C-BB732DAE9047\" id=\"BPMNShape_sid-72ECC2F4-1590-4946-8D8C-BB732DAE9047\">\n        <omgdc:Bounds height=\"40.0\" width=\"40.0\" x=\"530.0\" y=\"130.0\"/>\n      </bpmndi:BPMNShape>\n      <bpmndi:BPMNShape bpmnElement=\"sid-B5F4FC84-5420-40E1-9EEF-255C4FA5327B\" id=\"BPMNShape_sid-B5F4FC84-5420-40E1-9EEF-255C4FA5327B\">\n        <omgdc:Bounds height=\"80.0\" width=\"100.0\" x=\"390.0\" y=\"110.0\"/>\n      </bpmndi:BPMNShape>\n      <bpmndi:BPMNShape bpmnElement=\"sid-115F3044-1FC9-4843-8D0B-02C648D0EB93\" id=\"BPMNShape_sid-115F3044-1FC9-4843-8D0B-02C648D0EB93\">\n        <omgdc:Bounds height=\"80.0\" width=\"100.0\" x=\"615.0\" y=\"60.0\"/>\n      </bpmndi:BPMNShape>\n      <bpmndi:BPMNShape bpmnElement=\"sid-E6B72C1D-D108-4767-A9B1-263F80FADCCE\" id=\"BPMNShape_sid-E6B72C1D-D108-4767-A9B1-263F80FADCCE\">\n        <omgdc:Bounds height=\"28.0\" width=\"28.0\" x=\"915.0\" y=\"180.0\"/>\n      </bpmndi:BPMNShape>\n      <bpmndi:BPMNShape bpmnElement=\"sid-2DD616A5-34A7-4C6B-907D-9120165C4495\" id=\"BPMNShape_sid-2DD616A5-34A7-4C6B-907D-9120165C4495\">\n        <omgdc:Bounds height=\"80.0\" width=\"100.0\" x=\"615.0\" y=\"180.0\"/>\n      </bpmndi:BPMNShape>\n      <bpmndi:BPMNEdge bpmnElement=\"sid-39260C26-BBBC-4359-86B0-C871B782216D\" id=\"BPMNEdge_sid-39260C26-BBBC-4359-86B0-C871B782216D\">\n        <omgdi:waypoint x=\"50.0\" y=\"150.0\"/>\n        <omgdi:waypoint x=\"95.0\" y=\"150.0\"/>\n      </bpmndi:BPMNEdge>\n      <bpmndi:BPMNEdge bpmnElement=\"sid-A2EABD2A-DE09-4DEC-87D4-067A27DFB79E\" id=\"BPMNEdge_sid-A2EABD2A-DE09-4DEC-87D4-067A27DFB79E\">\n        <omgdi:waypoint x=\"340.0\" y=\"150.0\"/>\n        <omgdi:waypoint x=\"390.0\" y=\"150.0\"/>\n      </bpmndi:BPMNEdge>\n      <bpmndi:BPMNEdge bpmnElement=\"sid-DB2AECD0-F107-48B5-B0F9-878570118A3F\" id=\"BPMNEdge_sid-DB2AECD0-F107-48B5-B0F9-878570118A3F\">\n        <omgdi:waypoint x=\"195.0\" y=\"150.0\"/>\n        <omgdi:waypoint x=\"240.0\" y=\"150.0\"/>\n      </bpmndi:BPMNEdge>\n      <bpmndi:BPMNEdge bpmnElement=\"sid-1234F649-404C-4232-85F2-035EA680938A\" id=\"BPMNEdge_sid-1234F649-404C-4232-85F2-035EA680938A\">\n        <omgdi:waypoint x=\"490.0\" y=\"150.0\"/>\n        <omgdi:waypoint x=\"530.0\" y=\"150.0\"/>\n      </bpmndi:BPMNEdge>\n      <bpmndi:BPMNEdge bpmnElement=\"sid-20FEA672-EE72-41AE-9ED1-70DFA3F631A6\" id=\"BPMNEdge_sid-20FEA672-EE72-41AE-9ED1-70DFA3F631A6\">\n        <omgdi:waypoint x=\"715.0\" y=\"100.0\"/>\n        <omgdi:waypoint x=\"929.0\" y=\"100.0\"/>\n        <omgdi:waypoint x=\"929.0\" y=\"180.0\"/>\n      </bpmndi:BPMNEdge>\n      <bpmndi:BPMNEdge bpmnElement=\"sid-D5CC28F9-CEED-4A7F-8E4C-082D557E6DBA\" id=\"BPMNEdge_sid-D5CC28F9-CEED-4A7F-8E4C-082D557E6DBA\">\n        <omgdi:waypoint x=\"562.4324324324324\" y=\"157.56756756756758\"/>\n        <omgdi:waypoint x=\"615.0\" y=\"189.56521739130434\"/>\n      </bpmndi:BPMNEdge>\n      <bpmndi:BPMNEdge bpmnElement=\"sid-04675112-6F1B-4E43-BDFC-6C463FA63C2C\" id=\"BPMNEdge_sid-04675112-6F1B-4E43-BDFC-6C463FA63C2C\">\n        <omgdi:waypoint x=\"563.939393939394\" y=\"143.93939393939394\"/>\n        <omgdi:waypoint x=\"615.0\" y=\"121.73913043478261\"/>\n      </bpmndi:BPMNEdge>\n      <bpmndi:BPMNEdge bpmnElement=\"sid-906BA9F6-26B4-4FDE-B2A8-DB331E004F98\" id=\"BPMNEdge_sid-906BA9F6-26B4-4FDE-B2A8-DB331E004F98\">\n        <omgdi:waypoint x=\"715.0\" y=\"215.07575757575756\"/>\n        <omgdi:waypoint x=\"915.0674049184362\" y=\"195.37214951560858\"/>\n      </bpmndi:BPMNEdge>\n    </bpmndi:BPMNPlane>\n  </bpmndi:BPMNDiagram>\n</definitions>',0),('e13c64a6-911d-11e7-a391-005056c00001',1,'1ecc61b2-9119-11e7-b720-005056c00001.leave.png','e0f374c4-911d-11e7-a391-005056c00001','PNG\r\n\Z\n\0\0\0\rIHDR\0\0\0\0\0\0\0L$\0\0\'IDATx]u\'VaYey0B,4a(FJJь2,J&RTd2IV1$C\'!1Ɛ<{s̽ݟOկ{O?r?\0\0\0\0\0\0\0\0\0\0\0\0\0\0\0\0\0\0\0\0\0\0\0\0\0\0\0\0\0\0\0\0\0\0\0\0\0\0\0\0\0\0\0\0\0\0\0\0\0\0\0\0\0\0\0\0\0\0\0\0\0\0\0\0\0\0\0\0\0\0\0\0\0\0\0\0\0\0\0\0\0\0\0\0\0\0\0\0\0\0\0\0\0\0\0\0\0\0\0\0\0\0\0\0\0\0\0\0\0\0\0\0\0\0\0\0\0\0\0\0\0\0\0\0\0\0\0\0\0\0\0\0\0\0\0\0\0\0\0\0\0\0\0\0\0\0\0\0\0\0\0\0\0\0\0\0\0\0\0\0\0\0\0\0\0\0\0\0\0\0\0\0\0\0\0\0\0\0\0\0\0\0\0\0\0\0\0\0\0\0\0\0\0\0\0\0\0\0\0\0\0\0\0\0\0\0\0\0\0\0\0\0\0\0\0\0\0\0\0\0\0\0\0,ˎ۲e˼׿|lٲej%[fͯRMґ\0\0\0Cwڵݻ^{MڳgOz})^+\0\0)fpܪ	-[l\0\0X,`VO{DW\0\0R*\\VUt%\0\0W3ZW\\S!\0\0BlӲ,㨊>T\0\0pzE©\0\0P;!wʻ{qp*\0\0LݸlF!7N\\\0\0\0!W	\0\0\0rh=ܸO8r\0\0j&nnCn\'\n\0\0\05rm6.ur-N\\\0\0	Q[%m\0\0P[!lu]nS!\0\0&B=6\0\0P!lOb&5+\0\0T]k֬\0\0P3!?\nB.\0\0@ՄܢU!\0\0jBr\0\0\\%\0\0J\0\0r\\\0\0\0\\!\0\0@UB.\0\0\\\0\0\0!W\0\0@r\0\0\\%\0\0J\0\0r\0\0 \n\0\0\0B.\0\0\\\0\0\0!W	\0\0\0B\0\0+\0\0J\0\0r0u]\Zj\0 X_͚5l\'mܸ;vm7o.b3<3K.ͷ?p@xl=frar\0իW;̃裏>M81E\0;wn~^V\\]x?<:ttI%\\%@s=]ۿ/t~k׮/}{ٞsN<D!\\\0\0ܮ%KtИgqcvWr,X}sׯ.A8b|07f\\r\0r{\\r֭m۶uܸܾ}Qq[OcyݰaC󏚵c8pX?pg.\\r\0rafϞguV6a˗硷{{&=֭aSNɿ./u۷/{x y䂐\0wEh@4eIr]@CnT`z|s|]	\'ӕ{b&7f!\\\0\0.2TˌM_hȍm֮]t*-n=-.+)fwo3B.\0\0x*E]&}sc5ןAܢ\"8Ǒ˃lO!SO͗7Ǒ#LS\0c~ c*u̜F܏|}k;`v-瞛sq\nzڗ^z)~9\'BqqJ}rﰐB.U(˲l2ooěEѭl͚5J5ICJ_1CnoG\\.NS^qܸ/i}1[qʟ~f9r{YB.TD>*wﮊZ{OA5zHW\n!W	 2lb j7MzHW\n!W	 2l*gQMR㭇BUB.x&Ԙ+}!}{;-O~/{+y71=BU RSob۲O~*nzH+}<AȥfĶ?]E\"o>BCJ_!*Ar7M+q yrW\n!WyKͼm\\6ǁdGCzH_+\\9B.JCzH_+\\9B.&G,i yrW6qҀTwpSlk?.\'ߟ.ώm\\Arͭ@2#!=51^Q\\ArɽmKw]nzH+}Ekll4;G=j9B.cz 9]q7obzH+}EhhhXKe}}9<Aȥ6grt[GCzH_+j&^]-J	IyK\r$e/q/$!=kƌoN!S-O7*BT&9B.55<|8۹yEǾ &5s\"!=եSs?OJRSfyMO\ZMs\\jj obzH+}EuKa4jo-؝]v\0IyK-$3C̉7#!W!}jk~SCCåivu0mH✸B ;AdQތ\\=a:.kB}}HKtL.>O:!H*obzH+5NN՞ގ+mll4H\'կRKAA@ryCzH_)[ۘSA48[jw\\yCzH_)n_ӀT?yzB.ļ!=vKddU*N=~ۭ,޺aÆ)=3g[477狛4io/}K[LUWjܾ)6onAA@1Ο?ΝwydԩwlY[[[vС,ݻ~:K!8?|3or71=\Z>\\7ځn?`qDl[_R?sP	 (կ;\0gf_2eʦ8쾐!=U+};ƹlSj|%ōt,˗C9xD$!()p\'E\r(VzǲoX54CzH_qrxؖ.@nIRjy֬Y3Vc_mmm?HM\"	GUVST/fEn$W5Lϩl\'ՏSmNMMM_mԊ+L_+=nܖmI@3p?ooTJ;\\K4T;R-M3fHOR5&ܣ>Dyfpѝ<yr{z` \\Z]o~\Z2\rTןkh	 JE+_kHZxuJUzH_髪WCݞKН8qqiTJ՚jkۛnH	 ɂWEm6n]l@@R!}p_u\r ܢ&ݟ/>\ZӠ鋩ZJCq8MhO~Z\ZH\ZH!=]`-vۿmoUW]G?ѥ\r\r\r>jÆ\rS`SC9U@x㍻uv<\rvYH\ZH!=TM\Z~%^:]W-u{p+\0C~t>TZT<|zH+Uk}~tp+~a8.\0Bn3g[~\'xZTmɲZݧzH+U!~&7`t<Ȁ[ [oΝ;G5ڵkwh$\r$WBn2Ȁ[P\0ܮCjȍߗC>,4<~H\ZH!=T~iwAw(2G@|,͸j,$_sR㱇\ZJoqnfpqP\'@nw={]52dT\"NT@3.ί;~~ŋYfex;nnҥfKi^Yre]]wemבi_o۶-^W/N6m֭[o},=.yM<9[ܣ)e&?5 䎬O}S>;vY[9 rI\'eW_}u!v/>% 3\\rI+^CEhk>(./bPmU荨>E4iR^ٰaCw`g<٣>zꩽY6g\\R^cn,P}rt iӦm+?ZGW^pU(1K&LfΜ6ٓ_>G\r7o9Ȝ3gN~wT}	(㤇`P諸z.m1[+W/8Ѿ!׊/<~	\'d-6>(N;C\"N2\0[]vmsŶO=Tm\\~m^`ߙӞNѕt]@^_N>}q\'Ok\"3rJ>[g/|sYr|Oo~3pϲ<38%EDE\0J)±\Z}UzQXwO]L;;wn~ᴧS6\"pme%Kr/=ݾf_<=yr/?O믏_Jٵ[pbc8d5Pbu13!ŒS~PIEh@;N+K,Ƀme9s}=zU[ȭݕ3\n/Ǭom&_bC:BYg}#W=k&[7Ƞ[,@vvϟ~Z<7=Hk\r$\"tČl*P3\'1+ߊ{a,=%1CG,1tW̴rYi>|&/j޼yU?;2Foʖ4W.q.P:[,iǎ^]Ǿo}%pvtp\Zt\'#oo?g\Z\Z\Z&H2)1b`WWGmƍKbF.lDYາTH]ǒ?ePǕ3E,goCX\rPRT!wUqpx-kM]㸿q?AG/>X{w.UۢUČn~ηmW@\rSL!i$1;T>{Q80U1W~t!7uKCŇqОB*{/uA,W!7l+8}lk#er!y睗>>+W*	u}_\n7>}ܑϾ#p7lذ0\r\r\r$GfAOnٴ)1Hzyȍ΃b63\'<#Fe`{ڧ1މAIHBh*mq0ø}dKn2NKT8YTϼ;.>\\|}Ł\"<*JWRt9亁\0wkrTZ?K@Q&Mj2eʁݻwkMaGjurgqQ)-fJ̢Ŀ Sd9fN:N-$6mZ~A!Vw\"</I8\"vcƷۋp<qw@HwA@||O{q P&~_ge_Aw,NわASkjjz!$;b͍7|эRJ;=4 צqt{9oM44448P@)^7iҤ}?_ڿo|/(j6TzH+}Us*oll4VT_{p@Mg)Sv=3rܥK>BqZ@@R!}y-@rT2z8#0rGtM3g|G?ѶT1<xp׎;~/3fXԴ%mQ\r$\r$WJ6^1Bw?᫱9gX@ȭ\"qP35)v\\nO(1<Vs\r$\r$Wj܁ROuP~Ycc㟦1RiC!&RBWҎ\0{i/jX]\r\r\r:h@@@R)!Wӌpv_RT;\rvO׿Ũ@@@R)!W髑\n#p˥\r\r\r+`tF&\0B.zH	J_\rwнw4ntҀT\0H\ZH!%*}5bܬn}c\'A=^IAwʌ3l0,vQ{\'=RB2CzH_髱7554Zǩ.0ZrȽ ՑBnT#%*I=bdeקڑ^ߩ!.%ss!WH!= Skv]nL7ɣ0{AO!*$k^}lƍPnCk/@쉨Tn\'\n@f{(kˡܮ&7lnǬ\0(v7׾B2r1xj\Zױd@fq\\e )\nk[3q5qDf@B{Ž#\"*I!W+MT8nS7έ؍szT\007,$\\=6QR=-\rHrY*>^#ڜ@lT[;0y$6ymt,{&m}}D8,ˎ۲e˼׿|VKKKf͚_a\0^jYz9GneL{H*!WC^6Q-Rx}Kǌty_Rwu{wڵݻ=aٳ\'[zxT@֦?h\ZH*!WC^6Q%ROiP\Z2Q!㼻Gz:J\nUt_KM:\ZT*]^<655e_ײ+Vd/7Y8p@֖f{o^7+~Jr&MTߌҠoC|<]Aʃe_U#:pHo۹sR=><즟yG@R	B䵉*!6\r>jO\0kP{m島wwTN5TB6ymL4@7{v$09wf[^\\Wq |;$V,e뮻*.OhH*!WC^6Q]3ruŲ<edGUyxhI|w<Vh\0TU}njA=4Vڤ{^qajCK-y0*4AvroKѵlYf\'VGXK=ꫯ5.rW^Eip8OݴCn#(AF#<b6XUVW^9M͒ e[-O!}|N(\'R(JM$R6Վ܍fr>!!FZSS;Ml޽{G$Q+N/tGʥX/j+M<CzH_+ƆK/\nB.ԂR\"xΚ5+Iqݲ{G\0\'є{\nqp*`~)HSmWUVhmmm-/\0zqp*BUers/nBb>T\0{6dNT9	B.VTzo[oAN8	\0`ܨOr6TȅY>\'}巍	\0`ÇOur-N\\~,;3\0\09oo^l>q_l#\nP-)$a\Z\Z\Z:Ք8YSKS#kSSӇV\00{ps짏}ǀ[Tlۚr^+k~>nv7566I(Jvn7]{.~+\00Y]!?5~^~odbiS\0`!?\nB.@\0re~^wt*pg{ޞB:\0C`nQª:o\Z3\'N<sܹ#ryYܵ\0`\\%\"Vo1;Y8On\0r:bbIsBoa;P6賟峸},\0 *!Wx^\ZrNӧOrЍ{]w?Lh\0J^W*+BUvr|_e\0\0BrWJA7эQё{8T>Q)@ޣ\0 *!WxeŌn\Za7Σjժ|XKڲ[Vv\r7Q}D9G\0@UB1薟Zh>\0\0BrW)^v$쭣(\0J^JMMML35мT[Sqn`\0y^\0\0!WU}^\0\0!WU}^\0\0!WU}^\0\0ܪKf+\0\0[uС)^\0\0\\\0\0B\0\0 *!\0\0@UB.\0\0+\0\0P!7iYccc_pav9Κ5P\'O6n(\0\0r/Os5y<qy|0/r=Wo;}lĉyرwΝ;W\0\0r?d7o..!w޼yل	~YkkkK,=s6!\0\0@\'pBE%ƕ!Nˮnsnݺ5m۶ΐ۷or\0\0uSOoO۝yyU?ˑ;/={vvI\'e:|7_|yz\\\0\0\0!wD]re~%QA޽{@[,o>p-]%B.\0\0\nR8pT<gΜy6.˫OM6-:ujђ%nذᨃM9\0\0;ܳ\\}9s/^mn8T.s7>ןy!\0\0@bv5/Q.n\\SŁzVgľGU똽\0\0\05rƧ~z`}e#V9fyYf\r*Xǌp}!\0\0Cr\0\0\\!\0\0\0!W\0\0r\0\0 *!\0\0@r\0\0r\\\0\0\0!W	\0\0\0Br\0\0\\%\0\0B.\0\0\0B\0\0 *!\0\0@UB.\0\0+\0\0 \n\0\0\0Br\0\0\\%\0\0J\0\0r\\\0\0\0\\!\0\0@UB.\0\0\\\0\0\0!W\0\0@r\0\0\\%\0\0Ժ˗SR=+\0\0i͚5;w-`VA M\0\0`VXqU~+4nܖmѕ\0\0\0C˖-{2>j+M.\0\0\0\0\0\0\0\0\0\0\0\0\0\0\0\0\0\0\0\0\0\0\0\0\0\0\0\0\0\0\0\0\0P\"N,\0\0\0\0IENDB`',1),('ea7dfa0d-b3b0-11e7-bb4f-2c4d5453f651',1,'source-extra',NULL,'PNG\r\n\Z\n\0\0\0\rIHDR\0\0\0\0\0\0\0Pa\0\0\0 cHRM\0\0z&\0\0\0\0\0\0\0\0\0u0\0\0`\0\0:\0\0pQ<\0\0\0gAMA\0\0|Q\0\0\0sRGB\0\0\0\0bKGD\0\0\0\0\0\0	pHYs\0\0\0\0+\0\0HIDATxpUsDǪE|uºvJwj%Hen;:g:ڭխC(PhDgy\"`IфȽ8Y%;|fΜ{o?L\0\0\0\0\0\0\0\0\0\0\0\0\0\0\0\0\0\0\0\0\0\0\0\0\0\0\0\0\0\0\0\0\0\0\0\0\0\0\0\0\0\0\0\0\0\0\0\0\0\0\0\0\0\0\0\0\0\0\0\0\0\0\0\0\0\0\0\0\0\0\0\0\0\0\0\0\0\0\0\0\0\0\0\0\0\0\0\0\0\0\0\0\0\0\0\0\0\0\0\0\0\0\0\0\0\0\0\0\0\0\0\0\0\0\0\0\0\0\0\0\0\0\0\0\0\0\0\0\0\0\0\0\0\0\0\0\0\0\0\0\0\0\0\0\0\0\0\0\0\0\0\0\0\0\0\0\0\0\0\0\0\0\0\0\0\0\0\0\0\0\0\0\0\0\0\0\0\0\0\0\0\0\0\0\0\0\0\0\0\0\0\0\0\0\0\0\0\0\0\0\0\0\0\0\0\0\0\0\0\0\0\0\0\0\0\0\0\0\0\0\0\0\0\0\0\0\0\0\0\0\0\0\0\0\0\0\0\0\0\0\0\0\0\0\0\0\0\0\0\0\0\0\0\0\0\0\0\0\0\0\0\0\0\0\0\0\0\0\0\0\0\0\0\0\0\0\0\0\0\0\0\0\0\0\0\0\0\0\0\0\0\0\0\0\0\0\0\0\0\0\0\0\0\0\0\0\0\0\0\0\0\0\0\0\0\0\0\0\0\0\0\0\0\0\0\0\0\0\0\0\0\0\0\0\0\0\0\0\0\0\0\0\0\0\0\0\0\0\0\0\0\0\0\0\0\0\0\0\0\0\0\0\0\0\0\0\0\0\0\0\0\0\0\0\0\0\0\0\0\0\0\0\0\0\0\0\0\0\0\0\0\0\0\0\0\0\0\0\0\0\0\0\0\0\0\0\0\0\0\0\0\0\0\0\0\0\0\0\0\0\0\0\0\0\0\0\0\0\0\0\0\0\0\0\0\0\0\0\0\0\0\0\0\0\0\0\0\0\0\0\0\0\0\0\0\0\0\0\0\0\0\0\0@J\0Zn555_	>uuu\Zw*s_^^ƌ5\ZB\0x뭷9\Z\\PP?۷oq)WUU%}L&_6!\0\0j֭?.--SOM|ɇBzJJJPClM\0@Kĕq禆j%\rĭ\r޽{7O9s!s\r!\0֭[w޽{+qӇ>J>ض*)ݲ,)߶2*+Ox͔80\\s,X\Z;ρw\0%񰎣ץ]M*{5:ZMeiRiлw_BϰR5Dw!\0AQQ%tx|+ݘ*;X׻BLKퟕ}ի/PCt\ZB\0R.((H5u|ʒ&~4lN:8R\rja\0vrСҏMK궜ʺ\\\rja\0vr$>}Q\rja\0vR__fPd`![\rja\0GyNn\Za\0IC?z*:$PC \09(|şz=\'_3@!\02՟z68!\0Lʷ?=ڳUC8VS]Q|x%GM\"yocS&Cθ,Sá@\0H񿓊]kfPWTy\'v7>CՈjH\rAp\0-\'?}W[x7-LjՐ\Za\0Ψ\'t:!5maB\0S5j:{\0\0@\0\0\0\0\0@\0\0\0&\'4ӫ͛7O/++{=jjj~R6hРu?),,|MSN\'Rq0Oj´~c+ً.\\0\0@̙s_qq͋-u&\\rI>	+I~~~A*]vovI3f ,z}hSLf7g2~QޒNI}?-,,\\?\0\0[l%6mZe˖aHFdggzd	 NCM;dڴiIXsK,[oAUUՄG}th+>?ۅnnܹYru\'NL}_?j,18)jժS.]yF`/@˛<yra*z(nx-_җ??1bD2`o߾IuuuRQQܹ3)**J֯_6,vQXnÔ)Sn{	cSO=s}nK<f}_s9=~\Z̜9׽-bA`b 	&[Iz:<|Ʌ^x8X\"ygL&\'|c!@V&pfϞիy\rN;䮻ʩuW+H{%G6z{\'<| p4qA|\\. !|G\0F~_YnMzkXc?oƌ=a9Gkx@VVC\rANf͚VG\\../q eWꯅ\'fO{^\rpRsxXg<\'9Cxla\0x8xxk߯_3g/\ZV/9qAq [\Z_4⢮_\0zk齃=ǻjZC77<\'AM7qďqCWhwa0o޼yˁxLjNNΩŋla`K\n\n\n><yYYYˏ?xJ@\rі54lذ.ORs❅3A+H~ˎ^N0\0>G\Z:{	4ǘ1cҫW*<vڽ\0<5S孙;wn@\rB\nC\r]jjʔ)yUC!4L\n^p[CP䫯R{\0@kڿ/Mg^x:/L׆ښ ȿϗ._fMZhd0/%t0˥aOPxm\\cǶ?(~~00N\0ˇ+xLj&Jl0 Oiqka}^m(/Lׄ:fذa!\\>*P\n\Z4|VG~鍟*\04W%ܖ<а47M{U\np<oGN\nJ\'jϞ=;t\r 7ϤpRgo\0]ԡCw]6I\nwu:(+M;$jK/%6ll52[rMm$&#]SSӖ.H.]	_XL}p^ѣGW1YgWVCxTqqqGPBuG@PYY٪N0\0Є^z}TQQѿ~g^^^-Z4-kaaQ0a_´0{W㽯zq\'Yx\Z2sfΜ!j0d\rl?V\r#\0tQo_Жa`ǎAnc;Ca{\'z62LKz\\XyP!!ZQ_\'4&k(\rawm5sO7v\0Nkc?6[{QQчaB;F+oOiEF]5D:Bpx!#h2nܸ?}70\0ЄO޳n<aÆGvwٚz\ZPNNΓLM{ʍ!BJK<[\0h߻xlk+**zf_;T*3??	[oQCt\Z)Sք qi3<L:+WLjkkN0\0V*++<o޼#G{~0>3h?F\rk?ti|W=w`׮]?~_uvRz\0M[hѓ~+Vl38tV8:q<p2-!^N=_\0Emm5۶m˴رcUIR[fMZɑ}$?Ϛb\"8+\0_	{,//o.++=k֬-Zm\rм:WԷnݚ>q7ok!ԕka\0,YdG}3gw9m۶-~{0,\0-_\ZACpwē?yð&`qxA\";Zbc\'OsҤI{o|\'y?ya`0pպ\0-_LRxbȑ#c&ÇOpnP\0\r^8<x0#n0\0pµ˖-jժ̍7ޘ;zaǺ+ٳAoƇˡA\0_vvh|-xO+h\Z9]PNa\08ea!7771bĮq>|x9pWm۶]/~{D:g>{Nh:BX}9LtZ\08A&ySe˖|ͿG\'9N5t L x\'\rj\0:s]WWwU\ruA)W!ka\0/#\0NՄ\0\0@\0\0\0\0\0@\0\0\0\0\0@\0\0\0\0\0@\0\0\0\0\0@\0\0\0\0\0@\0\0\0\0\0@\0\0\0\0:T*CF\rja\0vnee\0ߡ46![\r!\0N2̊}٬)֨![\r!\0Njkk畔Tk.++Kݭ\0h\'&LؘN_{j}2.l\Z\0\0(Ν;߿߉r{II~5\06m{칢=lpj77mڔ4aݵ\0hGkXVV\nT*aZO֭[޾}q%K/]5jժs~=jۇ<#u\' 﫨x{=nW</C\r\00}QTp|F)_4[:L\\qiW?S\r!\0\0\0\0\0\0\0\0\0\0\0\0\0\0\0\0\0\0\0\0\0\0\0\0\0\0\0\0\0\0\0\0\0\0\0\0\0\0\0\0\0\0\0\0\0\0\0\0\0\0\0\0\0\0\0\0\0\0\0\0\0\0\0\0\0\0\0\0\0\0\0\0\0\0\0\0\0\0\0\0\0\0\0\0\0\0\0\0\0\0\0\0\0\0\0\0\0\0\0\0\0\0\0\0\0\0\0\0\0\0\0\0\0\0\0\0\0\0\0\0\0\0\0\0\0\0\0\0\0\0\0\0\0\0\0\0\0\0\0\0\0\0\0\0\0\0Ku\r՞\0\0\0\0IENDB`',NULL),('eebba3bf-b3b0-11e7-bb4f-2c4d5453f651',1,'61eabc43-9c36-11e7-9e14-005056c00001.bpmn20.xml','eebba3be-b3b0-11e7-bb4f-2c4d5453f651','<?xml version=\'1.0\' encoding=\'UTF-8\'?>\n<definitions xmlns=\"http://www.omg.org/spec/BPMN/20100524/MODEL\" xmlns:xsi=\"http://www.w3.org/2001/XMLSchema-instance\" xmlns:xsd=\"http://www.w3.org/2001/XMLSchema\" xmlns:activiti=\"http://activiti.org/bpmn\" xmlns:bpmndi=\"http://www.omg.org/spec/BPMN/20100524/DI\" xmlns:omgdc=\"http://www.omg.org/spec/DD/20100524/DC\" xmlns:omgdi=\"http://www.omg.org/spec/DD/20100524/DI\" typeLanguage=\"http://www.w3.org/2001/XMLSchema\" expressionLanguage=\"http://www.w3.org/1999/XPath\" targetNamespace=\"http://www.activiti.org/processdef\">\n  <process id=\"leave\" name=\"idea+ov\" isExecutable=\"true\">\n    <startEvent id=\"sid-C434D660-CD05-464F-96EB-B6F2B270747A\"/>\n    <userTask id=\"sid-F91ED1B0-7CD2-4D72-957F-CE2DC1B7476A\"/>\n    <sequenceFlow id=\"sid-3FF70611-DFDD-4751-AB8F-40EE394F864E\" sourceRef=\"sid-C434D660-CD05-464F-96EB-B6F2B270747A\" targetRef=\"sid-F91ED1B0-7CD2-4D72-957F-CE2DC1B7476A\"/>\n    <userTask id=\"sid-EBD854C8-ACA4-4DEE-B6AE-92D43D6799E4\"/>\n    <sequenceFlow id=\"sid-28E49A46-70E8-4F29-A725-E22B7A696F00\" sourceRef=\"sid-F91ED1B0-7CD2-4D72-957F-CE2DC1B7476A\" targetRef=\"sid-EBD854C8-ACA4-4DEE-B6AE-92D43D6799E4\"/>\n    <endEvent id=\"sid-3547AD46-01F3-4454-950E-207DC411602E\"/>\n    <sequenceFlow id=\"sid-08075913-5D35-4022-BBCE-FC7FD97BE66E\" sourceRef=\"sid-EBD854C8-ACA4-4DEE-B6AE-92D43D6799E4\" targetRef=\"sid-3547AD46-01F3-4454-950E-207DC411602E\"/>\n  </process>\n  <bpmndi:BPMNDiagram id=\"BPMNDiagram_leave\">\n    <bpmndi:BPMNPlane bpmnElement=\"leave\" id=\"BPMNPlane_leave\">\n      <bpmndi:BPMNShape bpmnElement=\"sid-C434D660-CD05-464F-96EB-B6F2B270747A\" id=\"BPMNShape_sid-C434D660-CD05-464F-96EB-B6F2B270747A\">\n        <omgdc:Bounds height=\"30.0\" width=\"30.0\" x=\"328.25\" y=\"180.0\"/>\n      </bpmndi:BPMNShape>\n      <bpmndi:BPMNShape bpmnElement=\"sid-F91ED1B0-7CD2-4D72-957F-CE2DC1B7476A\" id=\"BPMNShape_sid-F91ED1B0-7CD2-4D72-957F-CE2DC1B7476A\">\n        <omgdc:Bounds height=\"80.0\" width=\"100.0\" x=\"403.25\" y=\"155.0\"/>\n      </bpmndi:BPMNShape>\n      <bpmndi:BPMNShape bpmnElement=\"sid-EBD854C8-ACA4-4DEE-B6AE-92D43D6799E4\" id=\"BPMNShape_sid-EBD854C8-ACA4-4DEE-B6AE-92D43D6799E4\">\n        <omgdc:Bounds height=\"80.0\" width=\"100.0\" x=\"548.25\" y=\"155.0\"/>\n      </bpmndi:BPMNShape>\n      <bpmndi:BPMNShape bpmnElement=\"sid-3547AD46-01F3-4454-950E-207DC411602E\" id=\"BPMNShape_sid-3547AD46-01F3-4454-950E-207DC411602E\">\n        <omgdc:Bounds height=\"28.0\" width=\"28.0\" x=\"693.25\" y=\"181.0\"/>\n      </bpmndi:BPMNShape>\n      <bpmndi:BPMNEdge bpmnElement=\"sid-28E49A46-70E8-4F29-A725-E22B7A696F00\" id=\"BPMNEdge_sid-28E49A46-70E8-4F29-A725-E22B7A696F00\">\n        <omgdi:waypoint x=\"503.25\" y=\"195.0\"/>\n        <omgdi:waypoint x=\"548.25\" y=\"195.0\"/>\n      </bpmndi:BPMNEdge>\n      <bpmndi:BPMNEdge bpmnElement=\"sid-3FF70611-DFDD-4751-AB8F-40EE394F864E\" id=\"BPMNEdge_sid-3FF70611-DFDD-4751-AB8F-40EE394F864E\">\n        <omgdi:waypoint x=\"358.25\" y=\"195.0\"/>\n        <omgdi:waypoint x=\"403.25\" y=\"195.0\"/>\n      </bpmndi:BPMNEdge>\n      <bpmndi:BPMNEdge bpmnElement=\"sid-08075913-5D35-4022-BBCE-FC7FD97BE66E\" id=\"BPMNEdge_sid-08075913-5D35-4022-BBCE-FC7FD97BE66E\">\n        <omgdi:waypoint x=\"648.25\" y=\"195.0\"/>\n        <omgdi:waypoint x=\"693.25\" y=\"195.0\"/>\n      </bpmndi:BPMNEdge>\n    </bpmndi:BPMNPlane>\n  </bpmndi:BPMNDiagram>\n</definitions>',0),('eef1cef0-b3b0-11e7-bb4f-2c4d5453f651',1,'61eabc43-9c36-11e7-9e14-005056c00001.leave.png','eebba3be-b3b0-11e7-bb4f-2c4d5453f651','PNG\r\n\Z\n\0\0\0\rIHDR\0\0\0\0\0\0\0\0I9\0\0^IDATxoTep/3M۽0ً0[B2BHy	ĒƈF@䂰dBkVQB(h\na\nEΞaXy93|_NSy7<s3\0\0\0\0\0\0\0\0\0\0\0\0\0\0\0\0\0\0\0\0\0\0\0\0\0\0\0\0\0\0\0\0\0\0\0\0\0\0\0\0\0\0\0\0\0\0\0\0\0\0\0\0\0\0\0\0\0\0\0\0\0\0\0\0\0\0\0\0\0\0\0\0\0\0\0\0\0\0\0\0\0\0\0\0\0\0\0\0\0\0\0\0\0\0\0\0\0\0\0\0\0\0\0\0\0\0\0\0\0\0\0\0\0\0\0\0\0\0\0\0\0\0\0\0\0\0\0\0\0\0\0\0\0\0\0\0\0\0\0\0\0\0\0\0\0\0\0\0\0\0\0\0\0\0\0\0\0\0\0\0\0\0\0\0\0\0\0\0\0\0\0\0\0\0\0\0\0\0\0\0\0\0\0\0\0\0\0\0\0\0\0\0\0\0\0\0\0\0\0\0\0\0\0\0\0\0\0\0\0\0\0\0\0\0\0\0\0\0\0\0\0\0\0\0\0\0\0\0\0\0\0\0\0\0\0\0\0\0\0\0\0\0\0\0\0\0\0\0\0\0\0\0\0\0\0\0\0\0\0\0\0\0\0\0\0\0\0\0\0\0\0\0\0\0\0\0\0\0\0\0\0\0\0\0\0\0\0\0\0\0\0\0\0\0\0\0\0\0\0\0\0\0\0\0\0\0\0\0\0\0\0\0\0\0\0\0\0\0\0\0\0\0\0\0\0\0\0\0\0\0\0\0\0\0\0\0\0\0\0\0\0\0\0\0\0\0\0\0\0\0\0\0\0\0\0\0\0\0\0\0\0\0\0\0\0\0\0\0\0\0\0\0\0\0\0\0\0\0\0\0\0\0\0\0\0\0\0\0\0\0\0\0\0\0\0\0\0\0\0\0\0\0\0\0\0\0\0\0\0\0\0\0\0\0\0\0\0\0\0\0\0\0\0\0\0\0\0\0\0\0\0\0\0\0\0\0\0\0\0\0\0IEѳgϞ}ر8uvv2OWWWs-!\0Y$FCCCѽ{LիѡCK2d[\0fH%)1e^gg)2-C\0PJJr&.J#2d[\0f\nJR$Cfe\0}`to[tϣ9|MQdH\0)7o>[}ϖLZxMQeH\0œx$}\n-C2\0ZN}E)(2$C\0@E𚂣lː\0$C2\0$(;GWk\n-C2\0Xyܢ^Spm!\0t}DͿZ|?ZxMQeH\0RsE)|MQdH\0̿k\n-C2\0Pe5O\0TeH\0hLw5㖤܄	kRٖ!\0~(NJEId\0((Md\'v(e[d\0(Zr(2$C\03mQdH\0\0EIQ!\0%l\0e(J2$C\00YǏI[[%Kohhf͚e27|Mڵye(J2$CSWWT*8^ws&a\'Ϲ=+Tضm6_βeˢ> :vX400e(\r\rE_|E[rx)FQ!*t:R<q~T\'2ǿ\'jPf{C\\oD_FW~tϟe(J2$C|:9s]\0`MMM7=W^y~r+JPҤRYtZ~qy睨;pBt֭5Ν;L9r$ڸqcT__?p߶\rPb{%KΟ?-ZhdժUkmlːhcǎѣ}qƍ/tǅ{!@	lݺŋ?B=Q\\paU/$C2|]B)v?|bh?m{w9e(F\nhimm}|TPI[[#%Ϲ:ڵk3ڥp766~lePqTv~P7o^bŊߏJ_ZߞT%hzt玔vx~pĉh_+F624]RعsmbmPTn7Y߇3Ix{EIQ!Jrsׯ_/\ZR2涀3\\-\n{Ǣr裏G\'gvig*(ɐ%1C>}6l(:ÝWWZhݺug#)Y3ggIͧOaR%Jf(,:|߲@ͷZ}|{ÔS%Jf(3c\'Mw\\t(М9sdٲ{I0u%EIdnߋu\r`ߝu_	$nd阡ܔ{v(P}}H%v{\nvRԋ/³%2$CPxm*tg@/r?)H9$C2T9\rP^{ѣG/&ylc(ɐ%!CFP-Zf֭?lo޼D]HEIQ!JRg\n\'577-$\Z\Zd$C2T$f_j9)JPnJ;JNܹ3hJL}~iҥʱ=o޼SߗQmd:Wv?(=T\'*	PG;\\ʢq(ҹVE(FˋvpjWz\r{ܹsod{o=7{+tj)JPRxJqkkw(mmmEv5\0Jf566.˗/f2Kv(ɐ%i}X2]葒h;>Py];}bh?UFQRdH^p:|h2Mdw	?k̞=>49I:.sQ%$/ˡ<p߄]pT$<2<f˖-ܹsyjZYadFTccㅾ˓iه>/\r3$C2)|:\rPE專[osR,͎b}k]L|XH}]QRdHa?Z2]5@	O.e;sd-׋\')Jɐ\Z\0%EI4.\0le\0()J2$C\0(ɐQ@6ʶ!\0@QRdH\0\0EIQ!lmm#C\0(ɐ\0$CF\0e(\0()J2$C\0(ɐQ@6ʶ\0()J2$C\0(ɐQ@6\0()J2$C\0(ɐQ@6\0()J2$C\0@8p@AId4\"Cfe\0jVOOАS2d[\0fuww7\\rWYnd(I]]]!\0iξs8i>~K\0\0\0\0\0\0\0\0\0\0\0\0\0\0\0\0\0\0\0\0\0\0\0\0\0ԴJ0I\0\0\0\0IENDB`',1),('f58b759d-912e-11e7-a391-005056c00001',1,'hist.var-users',NULL,'\0sr\0\Zjava.util.Arrays$ArrayList٤<͈\0[\0at\0[Ljava/lang/Object;xpur\0[Ljava.lang.String;V{G\0\0xp\0\0\0t\0 1890471a658f4fbebbc67960eea6cfaat\0 44b66661d5954f36a26465d96e837cf7',NULL),('f6434853-b3b0-11e7-bb4f-2c4d5453f651',1,'61eabc43-9c36-11e7-9e14-005056c00001.bpmn20.xml','f6434852-b3b0-11e7-bb4f-2c4d5453f651','<?xml version=\'1.0\' encoding=\'UTF-8\'?>\n<definitions xmlns=\"http://www.omg.org/spec/BPMN/20100524/MODEL\" xmlns:xsi=\"http://www.w3.org/2001/XMLSchema-instance\" xmlns:xsd=\"http://www.w3.org/2001/XMLSchema\" xmlns:activiti=\"http://activiti.org/bpmn\" xmlns:bpmndi=\"http://www.omg.org/spec/BPMN/20100524/DI\" xmlns:omgdc=\"http://www.omg.org/spec/DD/20100524/DC\" xmlns:omgdi=\"http://www.omg.org/spec/DD/20100524/DI\" typeLanguage=\"http://www.w3.org/2001/XMLSchema\" expressionLanguage=\"http://www.w3.org/1999/XPath\" targetNamespace=\"http://www.activiti.org/processdef\">\n  <process id=\"leave\" name=\"idea+ov\" isExecutable=\"true\">\n    <startEvent id=\"sid-C434D660-CD05-464F-96EB-B6F2B270747A\"/>\n    <userTask id=\"sid-F91ED1B0-7CD2-4D72-957F-CE2DC1B7476A\"/>\n    <sequenceFlow id=\"sid-3FF70611-DFDD-4751-AB8F-40EE394F864E\" sourceRef=\"sid-C434D660-CD05-464F-96EB-B6F2B270747A\" targetRef=\"sid-F91ED1B0-7CD2-4D72-957F-CE2DC1B7476A\"/>\n    <userTask id=\"sid-EBD854C8-ACA4-4DEE-B6AE-92D43D6799E4\"/>\n    <sequenceFlow id=\"sid-28E49A46-70E8-4F29-A725-E22B7A696F00\" sourceRef=\"sid-F91ED1B0-7CD2-4D72-957F-CE2DC1B7476A\" targetRef=\"sid-EBD854C8-ACA4-4DEE-B6AE-92D43D6799E4\"/>\n    <endEvent id=\"sid-3547AD46-01F3-4454-950E-207DC411602E\"/>\n    <sequenceFlow id=\"sid-08075913-5D35-4022-BBCE-FC7FD97BE66E\" sourceRef=\"sid-EBD854C8-ACA4-4DEE-B6AE-92D43D6799E4\" targetRef=\"sid-3547AD46-01F3-4454-950E-207DC411602E\"/>\n  </process>\n  <bpmndi:BPMNDiagram id=\"BPMNDiagram_leave\">\n    <bpmndi:BPMNPlane bpmnElement=\"leave\" id=\"BPMNPlane_leave\">\n      <bpmndi:BPMNShape bpmnElement=\"sid-C434D660-CD05-464F-96EB-B6F2B270747A\" id=\"BPMNShape_sid-C434D660-CD05-464F-96EB-B6F2B270747A\">\n        <omgdc:Bounds height=\"30.0\" width=\"30.0\" x=\"328.25\" y=\"180.0\"/>\n      </bpmndi:BPMNShape>\n      <bpmndi:BPMNShape bpmnElement=\"sid-F91ED1B0-7CD2-4D72-957F-CE2DC1B7476A\" id=\"BPMNShape_sid-F91ED1B0-7CD2-4D72-957F-CE2DC1B7476A\">\n        <omgdc:Bounds height=\"80.0\" width=\"100.0\" x=\"403.25\" y=\"155.0\"/>\n      </bpmndi:BPMNShape>\n      <bpmndi:BPMNShape bpmnElement=\"sid-EBD854C8-ACA4-4DEE-B6AE-92D43D6799E4\" id=\"BPMNShape_sid-EBD854C8-ACA4-4DEE-B6AE-92D43D6799E4\">\n        <omgdc:Bounds height=\"80.0\" width=\"100.0\" x=\"548.25\" y=\"155.0\"/>\n      </bpmndi:BPMNShape>\n      <bpmndi:BPMNShape bpmnElement=\"sid-3547AD46-01F3-4454-950E-207DC411602E\" id=\"BPMNShape_sid-3547AD46-01F3-4454-950E-207DC411602E\">\n        <omgdc:Bounds height=\"28.0\" width=\"28.0\" x=\"693.25\" y=\"181.0\"/>\n      </bpmndi:BPMNShape>\n      <bpmndi:BPMNEdge bpmnElement=\"sid-28E49A46-70E8-4F29-A725-E22B7A696F00\" id=\"BPMNEdge_sid-28E49A46-70E8-4F29-A725-E22B7A696F00\">\n        <omgdi:waypoint x=\"503.25\" y=\"195.0\"/>\n        <omgdi:waypoint x=\"548.25\" y=\"195.0\"/>\n      </bpmndi:BPMNEdge>\n      <bpmndi:BPMNEdge bpmnElement=\"sid-3FF70611-DFDD-4751-AB8F-40EE394F864E\" id=\"BPMNEdge_sid-3FF70611-DFDD-4751-AB8F-40EE394F864E\">\n        <omgdi:waypoint x=\"358.25\" y=\"195.0\"/>\n        <omgdi:waypoint x=\"403.25\" y=\"195.0\"/>\n      </bpmndi:BPMNEdge>\n      <bpmndi:BPMNEdge bpmnElement=\"sid-08075913-5D35-4022-BBCE-FC7FD97BE66E\" id=\"BPMNEdge_sid-08075913-5D35-4022-BBCE-FC7FD97BE66E\">\n        <omgdi:waypoint x=\"648.25\" y=\"195.0\"/>\n        <omgdi:waypoint x=\"693.25\" y=\"195.0\"/>\n      </bpmndi:BPMNEdge>\n    </bpmndi:BPMNPlane>\n  </bpmndi:BPMNDiagram>\n</definitions>',0),('f656f764-b3b0-11e7-bb4f-2c4d5453f651',1,'61eabc43-9c36-11e7-9e14-005056c00001.leave.png','f6434852-b3b0-11e7-bb4f-2c4d5453f651','PNG\r\n\Z\n\0\0\0\rIHDR\0\0\0\0\0\0\0\0I9\0\0^IDATxoTep/3M۽0ً0[B2BHy	ĒƈF@䂰dBkVQB(h\na\nEΞaXy93|_NSy7<s3\0\0\0\0\0\0\0\0\0\0\0\0\0\0\0\0\0\0\0\0\0\0\0\0\0\0\0\0\0\0\0\0\0\0\0\0\0\0\0\0\0\0\0\0\0\0\0\0\0\0\0\0\0\0\0\0\0\0\0\0\0\0\0\0\0\0\0\0\0\0\0\0\0\0\0\0\0\0\0\0\0\0\0\0\0\0\0\0\0\0\0\0\0\0\0\0\0\0\0\0\0\0\0\0\0\0\0\0\0\0\0\0\0\0\0\0\0\0\0\0\0\0\0\0\0\0\0\0\0\0\0\0\0\0\0\0\0\0\0\0\0\0\0\0\0\0\0\0\0\0\0\0\0\0\0\0\0\0\0\0\0\0\0\0\0\0\0\0\0\0\0\0\0\0\0\0\0\0\0\0\0\0\0\0\0\0\0\0\0\0\0\0\0\0\0\0\0\0\0\0\0\0\0\0\0\0\0\0\0\0\0\0\0\0\0\0\0\0\0\0\0\0\0\0\0\0\0\0\0\0\0\0\0\0\0\0\0\0\0\0\0\0\0\0\0\0\0\0\0\0\0\0\0\0\0\0\0\0\0\0\0\0\0\0\0\0\0\0\0\0\0\0\0\0\0\0\0\0\0\0\0\0\0\0\0\0\0\0\0\0\0\0\0\0\0\0\0\0\0\0\0\0\0\0\0\0\0\0\0\0\0\0\0\0\0\0\0\0\0\0\0\0\0\0\0\0\0\0\0\0\0\0\0\0\0\0\0\0\0\0\0\0\0\0\0\0\0\0\0\0\0\0\0\0\0\0\0\0\0\0\0\0\0\0\0\0\0\0\0\0\0\0\0\0\0\0\0\0\0\0\0\0\0\0\0\0\0\0\0\0\0\0\0\0\0\0\0\0\0\0\0\0\0\0\0\0\0\0\0\0\0\0\0\0\0\0\0\0\0\0\0\0\0\0\0\0\0\0\0\0\0\0\0\0\0\0\0\0\0\0\0IEѳgϞ}ر8uvv2OWWWs-!\0Y$FCCCѽ{LիѡCK2d[\0fH%)1e^gg)2-C\0PJJr&.J#2d[\0f\nJR$Cfe\0}`to[tϣ9|MQdH\0)7o>[}ϖLZxMQeH\0œx$}\n-C2\0ZN}E)(2$C\0@E𚂣lː\0$C2\0$(;GWk\n-C2\0Xyܢ^Spm!\0t}DͿZ|?ZxMQeH\0RsE)|MQdH\0̿k\n-C2\0Pe5O\0TeH\0hLw5㖤܄	kRٖ!\0~(NJEId\0((Md\'v(e[d\0(Zr(2$C\03mQdH\0\0EIQ!\0%l\0e(J2$C\00YǏI[[%Kohhf͚e27|Mڵye(J2$CSWWT*8^ws&a\'Ϲ=+Tضm6_βeˢ> :vX400e(\r\rE_|E[rx)FQ!*t:R<q~T\'2ǿ\'jPf{C\\oD_FW~tϟe(J2$C|:9s]\0`MMM7=W^y~r+JPҤRYtZ~qy睨;pBt֭5Ν;L9r$ڸqcT__?p߶\rPb{%KΟ?-ZhdժUkmlːhcǎѣ}qƍ/tǅ{!@	lݺŋ?B=Q\\paU/$C2|]B)v?|bh?m{w9e(F\nhimm}|TPI[[#%Ϲ:ڵk3ڥp766~lePqTv~P7o^bŊߏJ_ZߞT%hzt玔vx~pĉh_+F624]RعsmbmPTn7Y߇3Ix{EIQ!Jrsׯ_/\ZR2涀3\\-\n{Ǣr裏G\'gvig*(ɐ%1C>}6l(:ÝWWZhݺug#)Y3ggIͧOaR%Jf(,:|߲@ͷZ}|{ÔS%Jf(3c\'Mw\\t(М9sdٲ{I0u%EIdnߋu\r`ߝu_	$nd阡ܔ{v(P}}H%v{\nvRԋ/³%2$CPxm*tg@/r?)H9$C2T9\rP^{ѣG/&ylc(ɐ%!CFP-Zf֭?lo޼D]HEIQ!JRg\n\'577-$\Z\Zd$C2T$f_j9)JPnJ;JNܹ3hJL}~iҥʱ=o޼SߗQmd:Wv?(=T\'*	PG;\\ʢq(ҹVE(FˋvpjWz\r{ܹsod{o=7{+tj)JPRxJqkkw(mmmEv5\0Jf566.˗/f2Kv(ɐ%i}X2]葒h;>Py];}bh?UFQRdH^p:|h2Mdw	?k̞=>49I:.sQ%$/ˡ<p߄]pT$<2<f˖-ܹsyjZYadFTccㅾ˓iه>/\r3$C2)|:\rPE專[osR,͎b}k]L|XH}]QRdHa?Z2]5@	O.e;sd-׋\')Jɐ\Z\0%EI4.\0le\0()J2$C\0(ɐQ@6ʶ!\0@QRdH\0\0EIQ!lmm#C\0(ɐ\0$CF\0e(\0()J2$C\0(ɐQ@6ʶ\0()J2$C\0(ɐQ@6\0()J2$C\0(ɐQ@6\0()J2$C\0@8p@AId4\"Cfe\0jVOOАS2d[\0fuww7\\rWYnd(I]]]!\0iξs8i>~K\0\0\0\0\0\0\0\0\0\0\0\0\0\0\0\0\0\0\0\0\0\0\0\0\0ԴJ0I\0\0\0\0IENDB`',1),('ffaa8e9b-c37f-11e7-8db5-2c4d5453f651',4,'source',NULL,'{\"bounds\":{\"lowerRight\":{\"x\":1485.0,\"y\":700.0},\"upperLeft\":{\"x\":0.0,\"y\":0.0}},\"resourceId\":\"canvas\",\"stencil\":{\"id\":\"BPMNDiagram\"},\"stencilset\":{\"namespace\":\"http://b3mn.org/stencilset/bpmn2.0#\",\"url\":\"../editor/stencilsets/bpmn2.0/bpmn2.0.json\"},\"properties\":{\"process_id\":\"leave\",\"name\":\"测试正确流程\",\"process_namespace\":\"http://www.activiti.org/processdef\",\"messages\":[],\"executionlisteners\":{\"executionListeners\":[]},\"eventlisteners\":{\"eventListeners\":[]},\"signaldefinitions\":[],\"messagedefinitions\":[]},\"childShapes\":[{\"bounds\":{\"lowerRight\":{\"x\":203.25,\"y\":203.0},\"upperLeft\":{\"x\":173.25,\"y\":173.0}},\"resourceId\":\"sid-C74B7F9B-C6DE-42B8-B3C4-431126A9A742\",\"childShapes\":[],\"stencil\":{\"id\":\"StartNoneEvent\"},\"properties\":{\"overrideid\":\"sid-C74B7F9B-C6DE-42B8-B3C4-431126A9A742\"},\"outgoing\":[{\"resourceId\":\"sid-05FA7463-1465-4F06-BFD7-9659E2C528E4\"}]},{\"bounds\":{\"lowerRight\":{\"x\":348.25,\"y\":228.0},\"upperLeft\":{\"x\":248.25,\"y\":148.0}},\"resourceId\":\"sid-02D095D6-CA43-4950-AECC-805A66CFBE41\",\"childShapes\":[],\"stencil\":{\"id\":\"UserTask\"},\"properties\":{\"overrideid\":\"sid-02D095D6-CA43-4950-AECC-805A66CFBE41\",\"asynchronousdefinition\":false,\"exclusivedefinition\":false,\"tasklisteners\":{\"taskListeners\":[]},\"executionlisteners\":{\"executionListeners\":[]}},\"outgoing\":[{\"resourceId\":\"sid-C2587DA3-7758-4237-82D4-98288C277386\"}]},{\"bounds\":{\"lowerRight\":{\"x\":172.0,\"y\":212.0},\"upperLeft\":{\"x\":128.0,\"y\":212.0}},\"resourceId\":\"sid-05FA7463-1465-4F06-BFD7-9659E2C528E4\",\"childShapes\":[],\"stencil\":{\"id\":\"SequenceFlow\"},\"dockers\":[{\"x\":15.0,\"y\":15.0},{\"x\":50.0,\"y\":40.0}],\"outgoing\":[{\"resourceId\":\"sid-02D095D6-CA43-4950-AECC-805A66CFBE41\"}],\"target\":{\"resourceId\":\"sid-02D095D6-CA43-4950-AECC-805A66CFBE41\"},\"properties\":{\"overrideid\":\"sid-05FA7463-1465-4F06-BFD7-9659E2C528E4\"}},{\"bounds\":{\"lowerRight\":{\"x\":493.25,\"y\":228.0},\"upperLeft\":{\"x\":393.25,\"y\":148.0}},\"resourceId\":\"sid-6C9C1B1C-B8B3-4458-A6BF-19680C677F86\",\"childShapes\":[],\"stencil\":{\"id\":\"UserTask\"},\"properties\":{\"overrideid\":\"sid-6C9C1B1C-B8B3-4458-A6BF-19680C677F86\",\"asynchronousdefinition\":false,\"exclusivedefinition\":false,\"tasklisteners\":{\"taskListeners\":[]},\"executionlisteners\":{\"executionListeners\":[]}},\"outgoing\":[{\"resourceId\":\"sid-FB7B8665-EDC3-4207-AC0D-DF5C604B427D\"}]},{\"bounds\":{\"lowerRight\":{\"x\":172.0,\"y\":212.0},\"upperLeft\":{\"x\":128.0,\"y\":212.0}},\"resourceId\":\"sid-C2587DA3-7758-4237-82D4-98288C277386\",\"childShapes\":[],\"stencil\":{\"id\":\"SequenceFlow\"},\"dockers\":[{\"x\":50.0,\"y\":40.0},{\"x\":50.0,\"y\":40.0}],\"outgoing\":[{\"resourceId\":\"sid-6C9C1B1C-B8B3-4458-A6BF-19680C677F86\"}],\"target\":{\"resourceId\":\"sid-6C9C1B1C-B8B3-4458-A6BF-19680C677F86\"},\"properties\":{\"overrideid\":\"sid-C2587DA3-7758-4237-82D4-98288C277386\"}},{\"bounds\":{\"lowerRight\":{\"x\":566.25,\"y\":202.0},\"upperLeft\":{\"x\":538.25,\"y\":174.0}},\"resourceId\":\"sid-8A005349-FDF2-47E2-9D41-9758C42DF221\",\"childShapes\":[],\"stencil\":{\"id\":\"EndNoneEvent\"},\"properties\":{\"overrideid\":\"sid-8A005349-FDF2-47E2-9D41-9758C42DF221\"},\"outgoing\":[]},{\"bounds\":{\"lowerRight\":{\"x\":172.0,\"y\":212.0},\"upperLeft\":{\"x\":128.0,\"y\":212.0}},\"resourceId\":\"sid-FB7B8665-EDC3-4207-AC0D-DF5C604B427D\",\"childShapes\":[],\"stencil\":{\"id\":\"SequenceFlow\"},\"dockers\":[{\"x\":50.0,\"y\":40.0},{\"x\":14.0,\"y\":14.0}],\"outgoing\":[{\"resourceId\":\"sid-8A005349-FDF2-47E2-9D41-9758C42DF221\"}],\"target\":{\"resourceId\":\"sid-8A005349-FDF2-47E2-9D41-9758C42DF221\"},\"properties\":{\"overrideid\":\"sid-FB7B8665-EDC3-4207-AC0D-DF5C604B427D\"}}]}',NULL);

/*Table structure for table `act_ge_property` */

DROP TABLE IF EXISTS `act_ge_property`;

CREATE TABLE `act_ge_property` (
  `NAME_` varchar(64) COLLATE utf8_bin NOT NULL,
  `VALUE_` varchar(300) COLLATE utf8_bin DEFAULT NULL,
  `REV_` int(11) DEFAULT NULL,
  PRIMARY KEY (`NAME_`)
) ENGINE=InnoDB DEFAULT CHARSET=utf8 COLLATE=utf8_bin;

/*Data for the table `act_ge_property` */

insert  into `act_ge_property`(`NAME_`,`VALUE_`,`REV_`) values ('next.dbid','115001',47),('schema.history','create(5.22.0.0)',1),('schema.version','5.22.0.0',1);

/*Table structure for table `act_hi_actinst` */

DROP TABLE IF EXISTS `act_hi_actinst`;

CREATE TABLE `act_hi_actinst` (
  `ID_` varchar(64) COLLATE utf8_bin NOT NULL,
  `PROC_DEF_ID_` varchar(64) COLLATE utf8_bin NOT NULL,
  `PROC_INST_ID_` varchar(64) COLLATE utf8_bin NOT NULL,
  `EXECUTION_ID_` varchar(64) COLLATE utf8_bin NOT NULL,
  `ACT_ID_` varchar(255) COLLATE utf8_bin NOT NULL,
  `TASK_ID_` varchar(64) COLLATE utf8_bin DEFAULT NULL,
  `CALL_PROC_INST_ID_` varchar(64) COLLATE utf8_bin DEFAULT NULL,
  `ACT_NAME_` varchar(255) COLLATE utf8_bin DEFAULT NULL,
  `ACT_TYPE_` varchar(255) COLLATE utf8_bin NOT NULL,
  `ASSIGNEE_` varchar(255) COLLATE utf8_bin DEFAULT NULL,
  `START_TIME_` datetime(3) NOT NULL,
  `END_TIME_` datetime(3) DEFAULT NULL,
  `DURATION_` bigint(20) DEFAULT NULL,
  `TENANT_ID_` varchar(255) COLLATE utf8_bin DEFAULT '',
  PRIMARY KEY (`ID_`),
  KEY `ACT_IDX_HI_ACT_INST_START` (`START_TIME_`),
  KEY `ACT_IDX_HI_ACT_INST_END` (`END_TIME_`),
  KEY `ACT_IDX_HI_ACT_INST_PROCINST` (`PROC_INST_ID_`,`ACT_ID_`),
  KEY `ACT_IDX_HI_ACT_INST_EXEC` (`EXECUTION_ID_`,`ACT_ID_`)
) ENGINE=InnoDB DEFAULT CHARSET=utf8 COLLATE=utf8_bin;

/*Data for the table `act_hi_actinst` */

insert  into `act_hi_actinst`(`ID_`,`PROC_DEF_ID_`,`PROC_INST_ID_`,`EXECUTION_ID_`,`ACT_ID_`,`TASK_ID_`,`CALL_PROC_INST_ID_`,`ACT_NAME_`,`ACT_TYPE_`,`ASSIGNEE_`,`START_TIME_`,`END_TIME_`,`DURATION_`,`TENANT_ID_`) values ('100002','leave:31:95014','100001','100001','sid-6D47EAC9-109F-46F2-B0EF-0D1953D8547D',NULL,NULL,NULL,'startEvent',NULL,'2018-12-05 18:22:41.303','2018-12-05 18:22:41.326',23,''),('100003','leave:31:95014','100001','100001','sid-F5676A61-8CCE-4323-9201-1701E71CD81F','100004',NULL,'cs01','userTask','9270fc07603e457aba1c74d586615e64','2018-12-05 18:22:41.327','2018-12-05 18:23:53.891',72564,''),('100008','leave:31:95014','100001','100001','sid-89C628F1-4139-4A09-A671-D66EF08FA979',NULL,NULL,NULL,'endEvent',NULL,'2018-12-05 18:23:53.891','2018-12-05 18:23:53.891',0,''),('100010','leave:28:85056','85076','85076','sid-CC1914F3-E618-4028-9EAF-DE447F0F82C7',NULL,NULL,NULL,'endEvent',NULL,'2018-12-05 18:24:10.294','2018-12-05 18:24:10.294',0,''),('100012','leave:30:95004','95005','95005','sid-89C628F1-4139-4A09-A671-D66EF08FA979',NULL,NULL,NULL,'endEvent',NULL,'2018-12-05 18:24:18.279','2018-12-05 18:24:18.279',0,''),('100014','leave:31:95014','95015','95015','sid-89C628F1-4139-4A09-A671-D66EF08FA979',NULL,NULL,NULL,'endEvent',NULL,'2018-12-05 18:24:40.362','2018-12-05 18:24:40.362',0,''),('100016','leave:31:95014','97507','97507','sid-89C628F1-4139-4A09-A671-D66EF08FA979',NULL,NULL,NULL,'endEvent',NULL,'2018-12-05 18:25:53.435','2018-12-05 18:25:53.435',0,''),('100018','leave:31:95014','97501','97501','sid-89C628F1-4139-4A09-A671-D66EF08FA979',NULL,NULL,NULL,'endEvent',NULL,'2018-12-05 18:26:19.596','2018-12-05 18:26:19.596',0,''),('102510','leave:33:102508','102509','102509','sid-6D47EAC9-109F-46F2-B0EF-0D1953D8547D',NULL,NULL,NULL,'startEvent',NULL,'2018-12-06 11:23:31.558','2018-12-06 11:23:31.579',21,''),('102511','leave:33:102508','102509','102509','sid-F5676A61-8CCE-4323-9201-1701E71CD81F','102512',NULL,'cs01','userTask','9270fc07603e457aba1c74d586615e64','2018-12-06 11:23:31.579',NULL,NULL,''),('102516','leave:33:102508','102515','102515','sid-6D47EAC9-109F-46F2-B0EF-0D1953D8547D',NULL,NULL,NULL,'startEvent',NULL,'2018-12-06 11:24:41.171','2018-12-06 11:24:41.173',2,''),('102517','leave:33:102508','102515','102515','sid-F5676A61-8CCE-4323-9201-1701E71CD81F','102518',NULL,'cs01','userTask','9270fc07603e457aba1c74d586615e64','2018-12-06 11:24:41.173',NULL,NULL,''),('107502','leave:36:105012','107501','107501','sid-6D47EAC9-109F-46F2-B0EF-0D1953D8547D',NULL,NULL,NULL,'startEvent',NULL,'2018-12-06 14:19:38.290','2018-12-06 14:19:38.309',19,''),('107503','leave:36:105012','107501','107501','sid-F5676A61-8CCE-4323-9201-1701E71CD81F','107504',NULL,'cs01','userTask','9270fc07603e457aba1c74d586615e64','2018-12-06 14:19:38.309',NULL,NULL,''),('107508','leave:36:105012','107507','107507','sid-6D47EAC9-109F-46F2-B0EF-0D1953D8547D',NULL,NULL,NULL,'startEvent',NULL,'2018-12-06 14:20:17.406','2018-12-06 14:20:17.411',5,''),('107509','leave:36:105012','107507','107507','sid-F5676A61-8CCE-4323-9201-1701E71CD81F','107510',NULL,'cs01','userTask','9270fc07603e457aba1c74d586615e64','2018-12-06 14:20:17.411',NULL,NULL,''),('107518','leave:37:107516','107517','107517','sid-6D47EAC9-109F-46F2-B0EF-0D1953D8547D',NULL,NULL,NULL,'startEvent',NULL,'2018-12-06 14:20:52.142','2018-12-06 14:20:52.144',2,''),('107519','leave:37:107516','107517','107517','sid-F5676A61-8CCE-4323-9201-1701E71CD81F','107520',NULL,'cs01','userTask','9270fc07603e457aba1c74d586615e64','2018-12-06 14:20:52.144','2018-12-06 14:34:23.350',811206,''),('110001','leave:37:107516','107517','107517','sid-7A12762F-A735-4BB5-BA28-7FF3F21F39D6','110002',NULL,'cs02','userTask','9270fc07603e457aba1c74d586615e64','2018-12-06 14:34:23.364','2018-12-06 14:34:39.569',16205,''),('110004','leave:37:107516','107517','107517','sid-A30C477F-76F9-4C38-B057-CDA094A2B817','110005',NULL,'cs03','userTask','9270fc07603e457aba1c74d586615e64','2018-12-06 14:34:39.569','2018-12-06 14:35:00.729',21160,''),('110008','leave:37:107516','107517','107517','sid-CE95D884-6C8D-433A-B66C-13B9FF273AE1',NULL,NULL,'pd','exclusiveGateway',NULL,'2018-12-06 14:35:00.729','2018-12-06 14:35:00.730',1,''),('110009','leave:37:107516','107517','107517','sid-CE6842C8-B248-40D6-B25D-FCE5FAFD7B78','110010',NULL,'cs05','userTask','9270fc07603e457aba1c74d586615e64','2018-12-06 14:35:00.730','2018-12-09 15:54:27.013',263966283,''),('112503','leave:37:107516','107517','107517','sid-89C628F1-4139-4A09-A671-D66EF08FA979',NULL,NULL,NULL,'endEvent',NULL,'2018-12-09 15:54:27.013','2018-12-09 15:54:27.013',0,''),('333b3aab-9120-11e7-a391-005056c00001','leave:20:4f8ad68c-911c-11e7-b720-005056c00001','b32fe90e-911d-11e7-a391-005056c00001','b32fe90e-911d-11e7-a391-005056c00001','sid-E6B72C1D-D108-4767-A9B1-263F80FADCCE',NULL,NULL,NULL,'endEvent',NULL,'2017-09-04 11:21:54.259','2017-09-04 11:21:54.259',0,''),('4a6eb67d-9120-11e7-a391-005056c00001','leave:21:e13e6077-911d-11e7-a391-005056c00001','4a6eb67c-9120-11e7-a391-005056c00001','4a6eb67c-9120-11e7-a391-005056c00001','sid-2740F4FE-A6A8-4064-A9FA-4BD9D5EC50D7',NULL,NULL,NULL,'startEvent',NULL,'2017-09-04 11:22:33.184','2017-09-04 11:22:33.200',16,''),('4a71277e-9120-11e7-a391-005056c00001','leave:21:e13e6077-911d-11e7-a391-005056c00001','4a6eb67c-9120-11e7-a391-005056c00001','4a6eb67c-9120-11e7-a391-005056c00001','sid-D27D784B-758D-47D8-9D5B-D10FDA7C359E','4a71277f-9120-11e7-a391-005056c00001',NULL,'拟稿','userTask','1890471a658f4fbebbc67960eea6cfaa','2017-09-04 11:22:33.200','2017-09-04 11:32:49.052',615852,''),('657bc564-912f-11e7-a391-005056c00001','leave:21:e13e6077-911d-11e7-a391-005056c00001','c31aef84-9121-11e7-a391-005056c00001','c31aef84-9121-11e7-a391-005056c00001','sid-E6B72C1D-D108-4767-A9B1-263F80FADCCE',NULL,NULL,NULL,'endEvent',NULL,'2017-09-04 13:10:41.019','2017-09-04 13:10:41.019',0,''),('6ce5cfd6-912f-11e7-a391-005056c00001','leave:21:e13e6077-911d-11e7-a391-005056c00001','6ce5cfd5-912f-11e7-a391-005056c00001','6ce5cfd5-912f-11e7-a391-005056c00001','sid-2740F4FE-A6A8-4064-A9FA-4BD9D5EC50D7',NULL,NULL,NULL,'startEvent',NULL,'2017-09-04 13:10:53.458','2017-09-04 13:10:53.460',2,''),('6ce61df7-912f-11e7-a391-005056c00001','leave:21:e13e6077-911d-11e7-a391-005056c00001','6ce5cfd5-912f-11e7-a391-005056c00001','6ce5cfd5-912f-11e7-a391-005056c00001','sid-D27D784B-758D-47D8-9D5B-D10FDA7C359E','6ce61df8-912f-11e7-a391-005056c00001',NULL,'拟稿','userTask','026a564bbfd84861ac4b65393644beef','2017-09-04 13:10:53.460','2017-09-04 13:12:02.015',68555,''),('85008','leave:21:e13e6077-911d-11e7-a391-005056c00001','85007','85007','sid-2740F4FE-A6A8-4064-A9FA-4BD9D5EC50D7',NULL,NULL,NULL,'startEvent',NULL,'2017-12-27 15:03:26.113','2017-12-27 15:03:26.114',1,''),('85009','leave:21:e13e6077-911d-11e7-a391-005056c00001','85007','85007','sid-D27D784B-758D-47D8-9D5B-D10FDA7C359E','85010',NULL,'拟稿','userTask','026a564bbfd84861ac4b65393644beef','2017-12-27 15:03:26.114','2017-12-27 15:11:09.867',463753,''),('85018','leave:21:e13e6077-911d-11e7-a391-005056c00001','85007','85017','sid-84D12022-7E08-414A-B80D-BA94F89CE906','85025',NULL,'会签','userTask','026a564bbfd84861ac4b65393644beef','2017-12-27 15:11:09.868','2017-12-27 15:18:49.488',459620,''),('85027','leave:21:e13e6077-911d-11e7-a391-005056c00001','85007','85007','sid-E6B72C1D-D108-4767-A9B1-263F80FADCCE',NULL,NULL,NULL,'endEvent',NULL,'2017-12-27 15:18:49.499','2017-12-27 15:18:49.499',0,''),('85029','leave:21:e13e6077-911d-11e7-a391-005056c00001','85028','85028','sid-2740F4FE-A6A8-4064-A9FA-4BD9D5EC50D7',NULL,NULL,NULL,'startEvent',NULL,'2017-12-27 15:19:09.055','2017-12-27 15:19:09.058',3,''),('85030','leave:21:e13e6077-911d-11e7-a391-005056c00001','85028','85028','sid-D27D784B-758D-47D8-9D5B-D10FDA7C359E','85031',NULL,'拟稿','userTask','026a564bbfd84861ac4b65393644beef','2017-12-27 15:19:09.058','2017-12-27 15:20:05.125',56067,''),('85038','leave:21:e13e6077-911d-11e7-a391-005056c00001','85028','85037','sid-84D12022-7E08-414A-B80D-BA94F89CE906','85045',NULL,'会签','userTask','026a564bbfd84861ac4b65393644beef','2017-12-27 15:20:05.125','2017-12-27 15:20:13.615',8490,''),('85046','leave:21:e13e6077-911d-11e7-a391-005056c00001','85028','85028','sid-B5F4FC84-5420-40E1-9EEF-255C4FA5327B','85047',NULL,'直接上级','userTask','026a564bbfd84861ac4b65393644beef','2017-12-27 15:20:13.617',NULL,NULL,''),('85058','leave:28:85056','85057','85057','sid-3FB28E77-7DD7-4781-8F8B-2CFFEF5591F8',NULL,NULL,NULL,'startEvent',NULL,'2017-12-27 15:26:07.626','2017-12-27 15:26:07.627',1,''),('85059','leave:28:85056','85057','85057','sid-10687E45-2376-4709-9E4A-782EA48196A2','85060',NULL,'拟稿','userTask','026a564bbfd84861ac4b65393644beef','2017-12-27 15:26:07.627','2017-12-27 15:28:28.566',140939,''),('85063','leave:28:85056','85057','85057','sid-9386E495-F7E3-4D58-B943-CBB4A1A34D7B','85064',NULL,'会签','userTask','026a564bbfd84861ac4b65393644beef','2017-12-27 15:28:28.566','2017-12-27 15:28:36.756',8190,''),('85066','leave:28:85056','85057','85057','sid-7D994D6E-7B22-4548-9FD2-AF6877A6CB90','85067',NULL,'直接上级','userTask','98df0e92788c416a9fb983e89a8d01ce','2017-12-27 15:28:36.756','2017-12-27 15:28:45.255',8499,''),('85071','leave:28:85056','85057','85057','sid-25B22FF9-69FD-45DE-9C94-64BAA35C8F34',NULL,NULL,NULL,'exclusiveGateway',NULL,'2017-12-27 15:28:45.255','2017-12-27 15:28:45.255',0,''),('85072','leave:28:85056','85057','85057','sid-DF161339-F813-4B41-8DB9-7CAEF3919980','85073',NULL,'人事部','userTask','98df0e92788c416a9fb983e89a8d01ce','2017-12-27 15:28:45.255','2017-12-27 15:28:53.453',8198,''),('85075','leave:28:85056','85057','85057','sid-CC1914F3-E618-4028-9EAF-DE447F0F82C7',NULL,NULL,NULL,'endEvent',NULL,'2017-12-27 15:28:53.454','2017-12-27 15:28:53.454',0,''),('85077','leave:28:85056','85076','85076','sid-3FB28E77-7DD7-4781-8F8B-2CFFEF5591F8',NULL,NULL,NULL,'startEvent',NULL,'2017-12-27 15:30:31.765','2017-12-27 15:30:31.790',25,''),('85078','leave:28:85056','85076','85076','sid-10687E45-2376-4709-9E4A-782EA48196A2','85079',NULL,'拟稿','userTask','026a564bbfd84861ac4b65393644beef','2017-12-27 15:30:31.791','2018-12-05 18:24:10.294',29645618503,''),('90002','leave:28:85056','90001','90001','sid-3FB28E77-7DD7-4781-8F8B-2CFFEF5591F8',NULL,NULL,NULL,'startEvent',NULL,'2018-10-02 16:03:34.607','2018-10-02 16:03:34.618',11,''),('90003','leave:28:85056','90001','90001','sid-10687E45-2376-4709-9E4A-782EA48196A2','90004',NULL,'拟稿','userTask','026a564bbfd84861ac4b65393644beef','2018-10-02 16:03:34.619','2018-12-05 10:44:38.553',5510463934,''),('92524','leave:28:85056','90001','90001','sid-CC1914F3-E618-4028-9EAF-DE447F0F82C7',NULL,NULL,NULL,'endEvent',NULL,'2018-12-05 10:44:38.554','2018-12-05 10:44:38.554',0,''),('95006','leave:30:95004','95005','95005','sid-6D47EAC9-109F-46F2-B0EF-0D1953D8547D',NULL,NULL,NULL,'startEvent',NULL,'2018-12-05 13:47:10.670','2018-12-05 13:47:10.694',24,''),('95007','leave:30:95004','95005','95005','sid-F5676A61-8CCE-4323-9201-1701E71CD81F','95008',NULL,'cs01','userTask','9270fc07603e457aba1c74d586615e64','2018-12-05 13:47:10.694','2018-12-05 18:24:18.279',16627585,''),('95016','leave:31:95014','95015','95015','sid-6D47EAC9-109F-46F2-B0EF-0D1953D8547D',NULL,NULL,NULL,'startEvent',NULL,'2018-12-05 14:53:48.205','2018-12-05 14:53:48.207',2,''),('95017','leave:31:95014','95015','95015','sid-F5676A61-8CCE-4323-9201-1701E71CD81F','95018',NULL,'cs01','userTask','9270fc07603e457aba1c74d586615e64','2018-12-05 14:53:48.207','2018-12-05 18:24:40.362',12652155,''),('95c4755f-912f-11e7-a391-005056c00001','leave:21:e13e6077-911d-11e7-a391-005056c00001','6ce5cfd5-912f-11e7-a391-005056c00001','95c2eebe-912f-11e7-a391-005056c00001','sid-84D12022-7E08-414A-B80D-BA94F89CE906','95c6e667-912f-11e7-a391-005056c00001',NULL,'会签','userTask','026a564bbfd84861ac4b65393644beef','2017-09-04 13:12:02.026','2017-09-04 13:12:55.276',53250,''),('95cfe71a-912f-11e7-a391-005056c00001','leave:21:e13e6077-911d-11e7-a391-005056c00001','6ce5cfd5-912f-11e7-a391-005056c00001','95c511a4-912f-11e7-a391-005056c00001','sid-84D12022-7E08-414A-B80D-BA94F89CE906','95d00e2b-912f-11e7-a391-005056c00001',NULL,'会签','userTask','1890471a658f4fbebbc67960eea6cfaa','2017-09-04 13:12:02.101','2017-09-04 13:12:30.774',28673,''),('97502','leave:31:95014','97501','97501','sid-6D47EAC9-109F-46F2-B0EF-0D1953D8547D',NULL,NULL,NULL,'startEvent',NULL,'2018-12-05 18:14:22.494','2018-12-05 18:14:22.519',25,''),('97503','leave:31:95014','97501','97501','sid-F5676A61-8CCE-4323-9201-1701E71CD81F','97504',NULL,'cs01','userTask','9270fc07603e457aba1c74d586615e64','2018-12-05 18:14:22.519','2018-12-05 18:26:19.596',717077,''),('97508','leave:31:95014','97507','97507','sid-6D47EAC9-109F-46F2-B0EF-0D1953D8547D',NULL,NULL,NULL,'startEvent',NULL,'2018-12-05 18:16:03.966','2018-12-05 18:16:03.969',3,''),('97509','leave:31:95014','97507','97507','sid-F5676A61-8CCE-4323-9201-1701E71CD81F','97510',NULL,'cs01','userTask','9270fc07603e457aba1c74d586615e64','2018-12-05 18:16:03.969','2018-12-05 18:25:53.435',589466,''),('b3320bef-911d-11e7-a391-005056c00001','leave:20:4f8ad68c-911c-11e7-b720-005056c00001','b32fe90e-911d-11e7-a391-005056c00001','b32fe90e-911d-11e7-a391-005056c00001','sid-2740F4FE-A6A8-4064-A9FA-4BD9D5EC50D7',NULL,NULL,NULL,'startEvent',NULL,'2017-09-04 11:04:00.457','2017-09-04 11:04:00.494',37,''),('b337b140-911d-11e7-a391-005056c00001','leave:20:4f8ad68c-911c-11e7-b720-005056c00001','b32fe90e-911d-11e7-a391-005056c00001','b32fe90e-911d-11e7-a391-005056c00001','sid-D27D784B-758D-47D8-9D5B-D10FDA7C359E','b337b141-911d-11e7-a391-005056c00001',NULL,'拟稿','userTask','1890471a658f4fbebbc67960eea6cfaa','2017-09-04 11:04:00.494','2017-09-04 11:21:54.259',1073765,''),('b5825fcf-912f-11e7-a391-005056c00001','leave:21:e13e6077-911d-11e7-a391-005056c00001','6ce5cfd5-912f-11e7-a391-005056c00001','6ce5cfd5-912f-11e7-a391-005056c00001','sid-B5F4FC84-5420-40E1-9EEF-255C4FA5327B','b58286e0-912f-11e7-a391-005056c00001',NULL,'直接上级','userTask','1890471a658f4fbebbc67960eea6cfaa','2017-09-04 13:12:55.280','2017-09-04 13:13:17.292',22012,''),('b984dd53-9121-11e7-a391-005056c00001','leave:21:e13e6077-911d-11e7-a391-005056c00001','4a6eb67c-9120-11e7-a391-005056c00001','4a6eb67c-9120-11e7-a391-005056c00001','sid-E6B72C1D-D108-4767-A9B1-263F80FADCCE',NULL,NULL,NULL,'endEvent',NULL,'2017-09-04 11:32:49.053','2017-09-04 11:32:49.053',0,''),('c2a12394-912f-11e7-a391-005056c00001','leave:21:e13e6077-911d-11e7-a391-005056c00001','6ce5cfd5-912f-11e7-a391-005056c00001','6ce5cfd5-912f-11e7-a391-005056c00001','sid-72ECC2F4-1590-4946-8D8C-BB732DAE9047',NULL,NULL,NULL,'exclusiveGateway',NULL,'2017-09-04 13:13:17.292','2017-09-04 13:13:17.292',0,''),('c2a12395-912f-11e7-a391-005056c00001','leave:21:e13e6077-911d-11e7-a391-005056c00001','6ce5cfd5-912f-11e7-a391-005056c00001','6ce5cfd5-912f-11e7-a391-005056c00001','sid-115F3044-1FC9-4843-8D0B-02C648D0EB93','c2a12396-912f-11e7-a391-005056c00001',NULL,'部门经理','userTask','026a564bbfd84861ac4b65393644beef','2017-09-04 13:13:17.292','2017-09-04 13:13:51.986',34694,''),('c3041379-99af-11e7-a548-005056c00001','leave:21:e13e6077-911d-11e7-a391-005056c00001','c303c558-99af-11e7-a548-005056c00001','c303c558-99af-11e7-a548-005056c00001','sid-2740F4FE-A6A8-4064-A9FA-4BD9D5EC50D7',NULL,NULL,NULL,'startEvent',NULL,'2017-09-15 08:49:42.824','2017-09-15 08:49:42.857',33,''),('c3091c8a-99af-11e7-a548-005056c00001','leave:21:e13e6077-911d-11e7-a391-005056c00001','c303c558-99af-11e7-a548-005056c00001','c303c558-99af-11e7-a548-005056c00001','sid-D27D784B-758D-47D8-9D5B-D10FDA7C359E','c3091c8b-99af-11e7-a548-005056c00001',NULL,'拟稿','userTask','1890471a658f4fbebbc67960eea6cfaa','2017-09-15 08:49:42.857','2017-11-07 13:45:16.557',4596933700,''),('c31b3da5-9121-11e7-a391-005056c00001','leave:21:e13e6077-911d-11e7-a391-005056c00001','c31aef84-9121-11e7-a391-005056c00001','c31aef84-9121-11e7-a391-005056c00001','sid-2740F4FE-A6A8-4064-A9FA-4BD9D5EC50D7',NULL,NULL,NULL,'startEvent',NULL,'2017-09-04 11:33:05.138','2017-09-04 11:33:05.152',14,''),('c31d6086-9121-11e7-a391-005056c00001','leave:21:e13e6077-911d-11e7-a391-005056c00001','c31aef84-9121-11e7-a391-005056c00001','c31aef84-9121-11e7-a391-005056c00001','sid-D27D784B-758D-47D8-9D5B-D10FDA7C359E','c31d6087-9121-11e7-a391-005056c00001',NULL,'拟稿','userTask','026a564bbfd84861ac4b65393644beef','2017-09-04 11:33:05.152','2017-09-04 13:07:33.482',5668330,''),('d509bc29-c37e-11e7-8db5-2c4d5453f651','leave:21:e13e6077-911d-11e7-a391-005056c00001','c303c558-99af-11e7-a548-005056c00001','c303c558-99af-11e7-a548-005056c00001','sid-E6B72C1D-D108-4767-A9B1-263F80FADCCE',NULL,NULL,NULL,'endEvent',NULL,'2017-11-07 13:45:16.557','2017-11-07 13:45:16.558',1,''),('d74f05f9-912f-11e7-a391-005056c00001','leave:21:e13e6077-911d-11e7-a391-005056c00001','6ce5cfd5-912f-11e7-a391-005056c00001','6ce5cfd5-912f-11e7-a391-005056c00001','sid-E6B72C1D-D108-4767-A9B1-263F80FADCCE',NULL,NULL,NULL,'endEvent',NULL,'2017-09-04 13:13:51.986','2017-09-04 13:13:51.986',0,''),('f5b45a5f-912e-11e7-a391-005056c00001','leave:21:e13e6077-911d-11e7-a391-005056c00001','c31aef84-9121-11e7-a391-005056c00001','f5b40c3e-912e-11e7-a391-005056c00001','sid-84D12022-7E08-414A-B80D-BA94F89CE906','f5c2b247-912e-11e7-a391-005056c00001',NULL,'会签','userTask','1890471a658f4fbebbc67960eea6cfaa','2017-09-04 13:07:33.486','2017-09-04 13:10:41.013',187527,''),('f5c411db-912e-11e7-a391-005056c00001','leave:21:e13e6077-911d-11e7-a391-005056c00001','c31aef84-9121-11e7-a391-005056c00001','f5b98a84-912e-11e7-a391-005056c00001','sid-84D12022-7E08-414A-B80D-BA94F89CE906','f5c411dc-912e-11e7-a391-005056c00001',NULL,'会签','userTask','44b66661d5954f36a26465d96e837cf7','2017-09-04 13:07:33.588','2017-09-04 13:10:40.765',187177,'');

/*Table structure for table `act_hi_attachment` */

DROP TABLE IF EXISTS `act_hi_attachment`;

CREATE TABLE `act_hi_attachment` (
  `ID_` varchar(64) COLLATE utf8_bin NOT NULL,
  `REV_` int(11) DEFAULT NULL,
  `USER_ID_` varchar(255) COLLATE utf8_bin DEFAULT NULL,
  `NAME_` varchar(255) COLLATE utf8_bin DEFAULT NULL,
  `DESCRIPTION_` varchar(4000) COLLATE utf8_bin DEFAULT NULL,
  `TYPE_` varchar(255) COLLATE utf8_bin DEFAULT NULL,
  `TASK_ID_` varchar(64) COLLATE utf8_bin DEFAULT NULL,
  `PROC_INST_ID_` varchar(64) COLLATE utf8_bin DEFAULT NULL,
  `URL_` varchar(4000) COLLATE utf8_bin DEFAULT NULL,
  `CONTENT_ID_` varchar(64) COLLATE utf8_bin DEFAULT NULL,
  `TIME_` datetime(3) DEFAULT NULL,
  PRIMARY KEY (`ID_`)
) ENGINE=InnoDB DEFAULT CHARSET=utf8 COLLATE=utf8_bin;

/*Data for the table `act_hi_attachment` */

/*Table structure for table `act_hi_comment` */

DROP TABLE IF EXISTS `act_hi_comment`;

CREATE TABLE `act_hi_comment` (
  `ID_` varchar(64) COLLATE utf8_bin NOT NULL,
  `TYPE_` varchar(255) COLLATE utf8_bin DEFAULT NULL,
  `TIME_` datetime(3) NOT NULL,
  `USER_ID_` varchar(255) COLLATE utf8_bin DEFAULT NULL,
  `TASK_ID_` varchar(64) COLLATE utf8_bin DEFAULT NULL,
  `PROC_INST_ID_` varchar(64) COLLATE utf8_bin DEFAULT NULL,
  `ACTION_` varchar(255) COLLATE utf8_bin DEFAULT NULL,
  `MESSAGE_` varchar(4000) COLLATE utf8_bin DEFAULT NULL,
  `FULL_MSG_` longblob,
  PRIMARY KEY (`ID_`)
) ENGINE=InnoDB DEFAULT CHARSET=utf8 COLLATE=utf8_bin;

/*Data for the table `act_hi_comment` */

insert  into `act_hi_comment`(`ID_`,`TYPE_`,`TIME_`,`USER_ID_`,`TASK_ID_`,`PROC_INST_ID_`,`ACTION_`,`MESSAGE_`,`FULL_MSG_`) values ('100006','event','2018-12-05 18:22:41.419',NULL,'100004',NULL,'AddUserLink','9270fc07603e457aba1c74d586615e64_|_assignee',NULL),('100007','comment','2018-12-05 18:23:53.845',NULL,'100004','100001','AddComment','',''),('100009','comment','2018-12-05 18:24:10.211',NULL,'85079','85076','AddComment','',''),('100011','comment','2018-12-05 18:24:18.253',NULL,'95008','95005','AddComment','',''),('100013','comment','2018-12-05 18:24:40.304',NULL,'95018','95015','AddComment','',''),('100015','comment','2018-12-05 18:25:53.409',NULL,'97510','97507','AddComment','',''),('100017','comment','2018-12-05 18:26:19.571',NULL,'97504','97501','AddComment','',''),('102514','event','2018-12-06 11:23:31.668',NULL,'102512',NULL,'AddUserLink','9270fc07603e457aba1c74d586615e64_|_assignee',NULL),('102520','event','2018-12-06 11:24:41.218',NULL,'102518',NULL,'AddUserLink','9270fc07603e457aba1c74d586615e64_|_assignee',NULL),('107506','event','2018-12-06 14:19:38.409',NULL,'107504',NULL,'AddUserLink','9270fc07603e457aba1c74d586615e64_|_assignee',NULL),('107512','event','2018-12-06 14:20:17.479',NULL,'107510',NULL,'AddUserLink','9270fc07603e457aba1c74d586615e64_|_assignee',NULL),('107522','event','2018-12-06 14:20:52.221',NULL,'107520',NULL,'AddUserLink','9270fc07603e457aba1c74d586615e64_|_assignee',NULL),('110003','event','2018-12-06 14:34:23.412',NULL,'110002',NULL,'AddUserLink','9270fc07603e457aba1c74d586615e64_|_assignee',NULL),('110006','event','2018-12-06 14:34:39.608',NULL,'110005',NULL,'AddUserLink','9270fc07603e457aba1c74d586615e64_|_assignee',NULL),('110011','event','2018-12-06 14:35:00.827',NULL,'110010',NULL,'AddUserLink','9270fc07603e457aba1c74d586615e64_|_assignee',NULL),('112502','comment','2018-12-09 15:54:26.968',NULL,'110010','107517','AddComment','',''),('3324303a-9120-11e7-a391-005056c00001','comment','2017-09-04 11:21:54.108',NULL,'b337b141-911d-11e7-a391-005056c00001','b32fe90e-911d-11e7-a391-005056c00001','AddComment','流程图设计错误，重新发起','ͼƴ·'),('4a8bdb71-9120-11e7-a391-005056c00001','event','2017-09-04 11:22:33.375',NULL,'4a71277f-9120-11e7-a391-005056c00001',NULL,'AddUserLink','1890471a658f4fbebbc67960eea6cfaa_|_assignee',NULL),('653ebc62-912f-11e7-a391-005056c00001','comment','2017-09-04 13:10:40.619',NULL,'f5c411dc-912e-11e7-a391-005056c00001','c31aef84-9121-11e7-a391-005056c00001','AddComment','',''),('656900b3-912f-11e7-a391-005056c00001','comment','2017-09-04 13:10:40.896',NULL,'f5c2b247-912e-11e7-a391-005056c00001','c31aef84-9121-11e7-a391-005056c00001','AddComment','',''),('6ced49ea-912f-11e7-a391-005056c00001','event','2017-09-04 13:10:53.506',NULL,'6ce61df8-912f-11e7-a391-005056c00001',NULL,'AddUserLink','026a564bbfd84861ac4b65393644beef_|_assignee',NULL),('85012','event','2017-12-27 15:03:26.222',NULL,'85010',NULL,'AddUserLink','026a564bbfd84861ac4b65393644beef_|_assignee',NULL),('85013','comment','2017-12-27 15:11:09.700',NULL,'85010','85007','AddComment','我是第一个','我是第一个'),('85026','comment','2017-12-27 15:18:49.191',NULL,'85025','85007','AddComment','',''),('85033','event','2017-12-27 15:19:09.261',NULL,'85031',NULL,'AddUserLink','026a564bbfd84861ac4b65393644beef_|_assignee',NULL),('85048','event','2017-12-27 15:20:13.921',NULL,'85047',NULL,'AddUserLink','026a564bbfd84861ac4b65393644beef_|_assignee',NULL),('85062','event','2017-12-27 15:26:07.727',NULL,'85060',NULL,'AddUserLink','026a564bbfd84861ac4b65393644beef_|_assignee',NULL),('85065','event','2017-12-27 15:28:28.754',NULL,'85064',NULL,'AddUserLink','026a564bbfd84861ac4b65393644beef_|_assignee',NULL),('85069','event','2017-12-27 15:28:36.921',NULL,'85067',NULL,'AddUserLink','98df0e92788c416a9fb983e89a8d01ce_|_assignee',NULL),('85074','event','2017-12-27 15:28:45.316',NULL,'85073',NULL,'AddUserLink','98df0e92788c416a9fb983e89a8d01ce_|_assignee',NULL),('85081','event','2017-12-27 15:30:31.837',NULL,'85079',NULL,'AddUserLink','026a564bbfd84861ac4b65393644beef_|_assignee',NULL),('90006','event','2018-10-02 16:03:34.696',NULL,'90004',NULL,'AddUserLink','026a564bbfd84861ac4b65393644beef_|_assignee',NULL),('92523','comment','2018-12-05 10:44:38.453',NULL,'90004','90001','AddComment','',''),('95010','event','2018-12-05 13:47:10.914',NULL,'95008',NULL,'AddUserLink','9270fc07603e457aba1c74d586615e64_|_assignee',NULL),('95020','event','2018-12-05 14:53:48.269',NULL,'95018',NULL,'AddUserLink','9270fc07603e457aba1c74d586615e64_|_assignee',NULL),('97506','event','2018-12-05 18:14:22.643',NULL,'97504',NULL,'AddUserLink','9270fc07603e457aba1c74d586615e64_|_assignee',NULL),('97512','event','2018-12-05 18:16:04.053',NULL,'97510',NULL,'AddUserLink','9270fc07603e457aba1c74d586615e64_|_assignee',NULL),('a6e0a58d-912f-11e7-a391-005056c00001','comment','2017-09-04 13:12:30.732',NULL,'95d00e2b-912f-11e7-a391-005056c00001','6ce5cfd5-912f-11e7-a391-005056c00001','AddComment','同意','ͬ'),('b364dbc3-911d-11e7-a391-005056c00001','event','2017-09-04 11:04:00.790',NULL,'b337b141-911d-11e7-a391-005056c00001',NULL,'AddUserLink','1890471a658f4fbebbc67960eea6cfaa_|_assignee',NULL),('b5758e8e-912f-11e7-a391-005056c00001','comment','2017-09-04 13:12:55.196',NULL,'95c6e667-912f-11e7-a391-005056c00001','6ce5cfd5-912f-11e7-a391-005056c00001','AddComment','同意，会签最后一位处理，选择的处理人生效','ͬ⣬ǩһλѡĴЧ'),('b5a02101-912f-11e7-a391-005056c00001','event','2017-09-04 13:12:55.475',NULL,'b58286e0-912f-11e7-a391-005056c00001',NULL,'AddUserLink','1890471a658f4fbebbc67960eea6cfaa_|_assignee',NULL),('b9551ac2-9121-11e7-a391-005056c00001','comment','2017-09-04 11:32:48.740',NULL,'4a71277f-9120-11e7-a391-005056c00001','4a6eb67c-9120-11e7-a391-005056c00001','AddComment','',''),('c29ae202-912f-11e7-a391-005056c00001','comment','2017-09-04 13:13:17.251',NULL,'b58286e0-912f-11e7-a391-005056c00001','6ce5cfd5-912f-11e7-a391-005056c00001','AddComment','同意','ͬ'),('c2a409c7-912f-11e7-a391-005056c00001','event','2017-09-04 13:13:17.311',NULL,'c2a12396-912f-11e7-a391-005056c00001',NULL,'AddUserLink','026a564bbfd84861ac4b65393644beef_|_assignee',NULL),('c323343d-99af-11e7-a548-005056c00001','event','2017-09-15 08:49:43.027',NULL,'c3091c8b-99af-11e7-a548-005056c00001',NULL,'AddUserLink','1890471a658f4fbebbc67960eea6cfaa_|_assignee',NULL),('c3383b89-9121-11e7-a391-005056c00001','event','2017-09-04 11:33:05.328',NULL,'c31d6087-9121-11e7-a391-005056c00001',NULL,'AddUserLink','026a564bbfd84861ac4b65393644beef_|_assignee',NULL),('d4eb5eb8-c37e-11e7-8db5-2c4d5453f651','comment','2017-11-07 13:45:16.358',NULL,'c3091c8b-99af-11e7-a548-005056c00001','c303c558-99af-11e7-a548-005056c00001','AddComment','',''),('d74a9928-912f-11e7-a391-005056c00001','comment','2017-09-04 13:13:51.957',NULL,'c2a12396-912f-11e7-a391-005056c00001','6ce5cfd5-912f-11e7-a391-005056c00001','AddComment','同意,已收到','ͬ,յ'),('f57d44ca-912e-11e7-a391-005056c00001','comment','2017-09-04 13:07:33.123',NULL,'c31d6087-9121-11e7-a391-005056c00001','c31aef84-9121-11e7-a391-005056c00001','AddComment','同意','ͬ');

/*Table structure for table `act_hi_detail` */

DROP TABLE IF EXISTS `act_hi_detail`;

CREATE TABLE `act_hi_detail` (
  `ID_` varchar(64) COLLATE utf8_bin NOT NULL,
  `TYPE_` varchar(255) COLLATE utf8_bin NOT NULL,
  `PROC_INST_ID_` varchar(64) COLLATE utf8_bin DEFAULT NULL,
  `EXECUTION_ID_` varchar(64) COLLATE utf8_bin DEFAULT NULL,
  `TASK_ID_` varchar(64) COLLATE utf8_bin DEFAULT NULL,
  `ACT_INST_ID_` varchar(64) COLLATE utf8_bin DEFAULT NULL,
  `NAME_` varchar(255) COLLATE utf8_bin NOT NULL,
  `VAR_TYPE_` varchar(255) COLLATE utf8_bin DEFAULT NULL,
  `REV_` int(11) DEFAULT NULL,
  `TIME_` datetime(3) NOT NULL,
  `BYTEARRAY_ID_` varchar(64) COLLATE utf8_bin DEFAULT NULL,
  `DOUBLE_` double DEFAULT NULL,
  `LONG_` bigint(20) DEFAULT NULL,
  `TEXT_` varchar(4000) COLLATE utf8_bin DEFAULT NULL,
  `TEXT2_` varchar(4000) COLLATE utf8_bin DEFAULT NULL,
  PRIMARY KEY (`ID_`),
  KEY `ACT_IDX_HI_DETAIL_PROC_INST` (`PROC_INST_ID_`),
  KEY `ACT_IDX_HI_DETAIL_ACT_INST` (`ACT_INST_ID_`),
  KEY `ACT_IDX_HI_DETAIL_TIME` (`TIME_`),
  KEY `ACT_IDX_HI_DETAIL_NAME` (`NAME_`),
  KEY `ACT_IDX_HI_DETAIL_TASK_ID` (`TASK_ID_`)
) ENGINE=InnoDB DEFAULT CHARSET=utf8 COLLATE=utf8_bin;

/*Data for the table `act_hi_detail` */

/*Table structure for table `act_hi_identitylink` */

DROP TABLE IF EXISTS `act_hi_identitylink`;

CREATE TABLE `act_hi_identitylink` (
  `ID_` varchar(64) COLLATE utf8_bin NOT NULL,
  `GROUP_ID_` varchar(255) COLLATE utf8_bin DEFAULT NULL,
  `TYPE_` varchar(255) COLLATE utf8_bin DEFAULT NULL,
  `USER_ID_` varchar(255) COLLATE utf8_bin DEFAULT NULL,
  `TASK_ID_` varchar(64) COLLATE utf8_bin DEFAULT NULL,
  `PROC_INST_ID_` varchar(64) COLLATE utf8_bin DEFAULT NULL,
  PRIMARY KEY (`ID_`),
  KEY `ACT_IDX_HI_IDENT_LNK_USER` (`USER_ID_`),
  KEY `ACT_IDX_HI_IDENT_LNK_TASK` (`TASK_ID_`),
  KEY `ACT_IDX_HI_IDENT_LNK_PROCINST` (`PROC_INST_ID_`)
) ENGINE=InnoDB DEFAULT CHARSET=utf8 COLLATE=utf8_bin;

/*Data for the table `act_hi_identitylink` */

insert  into `act_hi_identitylink`(`ID_`,`GROUP_ID_`,`TYPE_`,`USER_ID_`,`TASK_ID_`,`PROC_INST_ID_`) values ('100005',NULL,'participant','9270fc07603e457aba1c74d586615e64',NULL,'100001'),('102513',NULL,'participant','9270fc07603e457aba1c74d586615e64',NULL,'102509'),('102519',NULL,'participant','9270fc07603e457aba1c74d586615e64',NULL,'102515'),('107505',NULL,'participant','9270fc07603e457aba1c74d586615e64',NULL,'107501'),('107511',NULL,'participant','9270fc07603e457aba1c74d586615e64',NULL,'107507'),('107521',NULL,'participant','9270fc07603e457aba1c74d586615e64',NULL,'107517'),('4a8aca00-9120-11e7-a391-005056c00001',NULL,'participant','1890471a658f4fbebbc67960eea6cfaa',NULL,'4a6eb67c-9120-11e7-a391-005056c00001'),('6cecfbc9-912f-11e7-a391-005056c00001',NULL,'participant','026a564bbfd84861ac4b65393644beef',NULL,'6ce5cfd5-912f-11e7-a391-005056c00001'),('85011',NULL,'participant','026a564bbfd84861ac4b65393644beef',NULL,'85007'),('85032',NULL,'participant','026a564bbfd84861ac4b65393644beef',NULL,'85028'),('85061',NULL,'participant','026a564bbfd84861ac4b65393644beef',NULL,'85057'),('85068',NULL,'participant','98df0e92788c416a9fb983e89a8d01ce',NULL,'85057'),('85080',NULL,'participant','026a564bbfd84861ac4b65393644beef',NULL,'85076'),('90005',NULL,'participant','026a564bbfd84861ac4b65393644beef',NULL,'90001'),('95009',NULL,'participant','9270fc07603e457aba1c74d586615e64',NULL,'95005'),('95019',NULL,'participant','9270fc07603e457aba1c74d586615e64',NULL,'95015'),('95d194cc-912f-11e7-a391-005056c00001',NULL,'participant','1890471a658f4fbebbc67960eea6cfaa',NULL,'6ce5cfd5-912f-11e7-a391-005056c00001'),('97505',NULL,'participant','9270fc07603e457aba1c74d586615e64',NULL,'97501'),('97511',NULL,'participant','9270fc07603e457aba1c74d586615e64',NULL,'97507'),('b3630702-911d-11e7-a391-005056c00001',NULL,'participant','1890471a658f4fbebbc67960eea6cfaa',NULL,'b32fe90e-911d-11e7-a391-005056c00001'),('c32270ec-99af-11e7-a548-005056c00001',NULL,'participant','1890471a658f4fbebbc67960eea6cfaa',NULL,'c303c558-99af-11e7-a548-005056c00001'),('c3379f48-9121-11e7-a391-005056c00001',NULL,'participant','026a564bbfd84861ac4b65393644beef',NULL,'c31aef84-9121-11e7-a391-005056c00001'),('f5c37598-912e-11e7-a391-005056c00001',NULL,'participant','1890471a658f4fbebbc67960eea6cfaa',NULL,'c31aef84-9121-11e7-a391-005056c00001'),('f5c45ffd-912e-11e7-a391-005056c00001',NULL,'participant','44b66661d5954f36a26465d96e837cf7',NULL,'c31aef84-9121-11e7-a391-005056c00001');

/*Table structure for table `act_hi_procinst` */

DROP TABLE IF EXISTS `act_hi_procinst`;

CREATE TABLE `act_hi_procinst` (
  `ID_` varchar(64) COLLATE utf8_bin NOT NULL,
  `PROC_INST_ID_` varchar(64) COLLATE utf8_bin NOT NULL,
  `BUSINESS_KEY_` varchar(255) COLLATE utf8_bin DEFAULT NULL,
  `PROC_DEF_ID_` varchar(64) COLLATE utf8_bin NOT NULL,
  `START_TIME_` datetime(3) NOT NULL,
  `END_TIME_` datetime(3) DEFAULT NULL,
  `DURATION_` bigint(20) DEFAULT NULL,
  `START_USER_ID_` varchar(255) COLLATE utf8_bin DEFAULT NULL,
  `START_ACT_ID_` varchar(255) COLLATE utf8_bin DEFAULT NULL,
  `END_ACT_ID_` varchar(255) COLLATE utf8_bin DEFAULT NULL,
  `SUPER_PROCESS_INSTANCE_ID_` varchar(64) COLLATE utf8_bin DEFAULT NULL,
  `DELETE_REASON_` varchar(4000) COLLATE utf8_bin DEFAULT NULL,
  `TENANT_ID_` varchar(255) COLLATE utf8_bin DEFAULT '',
  `NAME_` varchar(255) COLLATE utf8_bin DEFAULT NULL,
  PRIMARY KEY (`ID_`),
  UNIQUE KEY `PROC_INST_ID_` (`PROC_INST_ID_`),
  KEY `ACT_IDX_HI_PRO_INST_END` (`END_TIME_`),
  KEY `ACT_IDX_HI_PRO_I_BUSKEY` (`BUSINESS_KEY_`)
) ENGINE=InnoDB DEFAULT CHARSET=utf8 COLLATE=utf8_bin;

/*Data for the table `act_hi_procinst` */

insert  into `act_hi_procinst`(`ID_`,`PROC_INST_ID_`,`BUSINESS_KEY_`,`PROC_DEF_ID_`,`START_TIME_`,`END_TIME_`,`DURATION_`,`START_USER_ID_`,`START_ACT_ID_`,`END_ACT_ID_`,`SUPER_PROCESS_INSTANCE_ID_`,`DELETE_REASON_`,`TENANT_ID_`,`NAME_`) values ('100001','100001','3879656a618649c8b59971dc8cd57c5b','leave:31:95014','2018-12-05 18:22:41.303','2018-12-05 18:23:53.893',72590,NULL,'sid-6D47EAC9-109F-46F2-B0EF-0D1953D8547D','sid-89C628F1-4139-4A09-A671-D66EF08FA979',NULL,NULL,'',NULL),('102509','102509','f868d8fff2344fa2aa3d211aa8dd2cff','leave:33:102508','2018-12-06 11:23:31.558',NULL,NULL,NULL,'sid-6D47EAC9-109F-46F2-B0EF-0D1953D8547D',NULL,NULL,NULL,'',NULL),('102515','102515','155ebc882edc4e3ebbde4646a6fecc6e','leave:33:102508','2018-12-06 11:24:41.171',NULL,NULL,NULL,'sid-6D47EAC9-109F-46F2-B0EF-0D1953D8547D',NULL,NULL,NULL,'',NULL),('107501','107501','5dea09d964cf40e0b1e08feea348caeb','leave:36:105012','2018-12-06 14:19:38.290',NULL,NULL,NULL,'sid-6D47EAC9-109F-46F2-B0EF-0D1953D8547D',NULL,NULL,NULL,'',NULL),('107507','107507','5f634a51e18d4b179599ce48dd122aaf','leave:36:105012','2018-12-06 14:20:17.406',NULL,NULL,NULL,'sid-6D47EAC9-109F-46F2-B0EF-0D1953D8547D',NULL,NULL,NULL,'',NULL),('107517','107517','c997b37d6fcf4b189afdf8d4b009d222','leave:37:107516','2018-12-06 14:20:52.142','2018-12-09 15:54:27.016',264814874,NULL,'sid-6D47EAC9-109F-46F2-B0EF-0D1953D8547D','sid-89C628F1-4139-4A09-A671-D66EF08FA979',NULL,NULL,'',NULL),('4a6eb67c-9120-11e7-a391-005056c00001','4a6eb67c-9120-11e7-a391-005056c00001','b183f379213d4199aa562399e931b55d','leave:21:e13e6077-911d-11e7-a391-005056c00001','2017-09-04 11:22:33.184','2017-09-04 11:32:49.057',615873,NULL,'sid-2740F4FE-A6A8-4064-A9FA-4BD9D5EC50D7','sid-E6B72C1D-D108-4767-A9B1-263F80FADCCE',NULL,NULL,'',NULL),('6ce5cfd5-912f-11e7-a391-005056c00001','6ce5cfd5-912f-11e7-a391-005056c00001','b183f379213d4199aa562399e931b55d','leave:21:e13e6077-911d-11e7-a391-005056c00001','2017-09-04 13:10:53.458','2017-09-04 13:13:51.987',178529,NULL,'sid-2740F4FE-A6A8-4064-A9FA-4BD9D5EC50D7','sid-E6B72C1D-D108-4767-A9B1-263F80FADCCE',NULL,NULL,'',NULL),('85007','85007','234213','leave:21:e13e6077-911d-11e7-a391-005056c00001','2017-12-27 15:03:26.113','2017-12-27 15:18:49.530',923417,NULL,'sid-2740F4FE-A6A8-4064-A9FA-4BD9D5EC50D7','sid-E6B72C1D-D108-4767-A9B1-263F80FADCCE',NULL,NULL,'',NULL),('85028','85028','234213','leave:21:e13e6077-911d-11e7-a391-005056c00001','2017-12-27 15:19:09.055',NULL,NULL,NULL,'sid-2740F4FE-A6A8-4064-A9FA-4BD9D5EC50D7',NULL,NULL,NULL,'',NULL),('85057','85057','baff7269542f47e48ec267e89a229eb3','leave:28:85056','2017-12-27 15:26:07.626','2017-12-27 15:28:53.454',165828,NULL,'sid-3FB28E77-7DD7-4781-8F8B-2CFFEF5591F8','sid-CC1914F3-E618-4028-9EAF-DE447F0F82C7',NULL,NULL,'',NULL),('85076','85076','234','leave:28:85056','2017-12-27 15:30:31.765','2018-12-05 18:24:10.296',29645618531,NULL,'sid-3FB28E77-7DD7-4781-8F8B-2CFFEF5591F8','sid-CC1914F3-E618-4028-9EAF-DE447F0F82C7',NULL,NULL,'',NULL),('90001','90001','d615ee60beb049dba05c315776762bdb','leave:28:85056','2018-10-02 16:03:34.606','2018-12-05 10:44:38.556',5510463950,NULL,'sid-3FB28E77-7DD7-4781-8F8B-2CFFEF5591F8','sid-CC1914F3-E618-4028-9EAF-DE447F0F82C7',NULL,NULL,'',NULL),('95005','95005','d615ee60beb049dba05c315776762bdb','leave:30:95004','2018-12-05 13:47:10.670','2018-12-05 18:24:18.281',16627611,NULL,'sid-6D47EAC9-109F-46F2-B0EF-0D1953D8547D','sid-89C628F1-4139-4A09-A671-D66EF08FA979',NULL,NULL,'',NULL),('95015','95015','5dea09d964cf40e0b1e08feea348caeb','leave:31:95014','2018-12-05 14:53:48.205','2018-12-05 18:24:40.364',12652159,NULL,'sid-6D47EAC9-109F-46F2-B0EF-0D1953D8547D','sid-89C628F1-4139-4A09-A671-D66EF08FA979',NULL,NULL,'',NULL),('97501','97501','f868d8fff2344fa2aa3d211aa8dd2cff','leave:31:95014','2018-12-05 18:14:22.493','2018-12-05 18:26:19.597',717104,NULL,'sid-6D47EAC9-109F-46F2-B0EF-0D1953D8547D','sid-89C628F1-4139-4A09-A671-D66EF08FA979',NULL,NULL,'',NULL),('97507','97507','155ebc882edc4e3ebbde4646a6fecc6e','leave:31:95014','2018-12-05 18:16:03.966','2018-12-05 18:25:53.437',589471,NULL,'sid-6D47EAC9-109F-46F2-B0EF-0D1953D8547D','sid-89C628F1-4139-4A09-A671-D66EF08FA979',NULL,NULL,'',NULL),('b32fe90e-911d-11e7-a391-005056c00001','b32fe90e-911d-11e7-a391-005056c00001','b183f379213d4199aa562399e931b55d','leave:20:4f8ad68c-911c-11e7-b720-005056c00001','2017-09-04 11:04:00.457','2017-09-04 11:21:54.274',1073817,NULL,'sid-2740F4FE-A6A8-4064-A9FA-4BD9D5EC50D7','sid-E6B72C1D-D108-4767-A9B1-263F80FADCCE',NULL,NULL,'',NULL),('c303c558-99af-11e7-a548-005056c00001','c303c558-99af-11e7-a548-005056c00001','f868d8fff2344fa2aa3d211aa8dd2cff','leave:21:e13e6077-911d-11e7-a391-005056c00001','2017-09-15 08:49:42.823','2017-11-07 13:45:16.560',4596933737,NULL,'sid-2740F4FE-A6A8-4064-A9FA-4BD9D5EC50D7','sid-E6B72C1D-D108-4767-A9B1-263F80FADCCE',NULL,NULL,'',NULL),('c31aef84-9121-11e7-a391-005056c00001','c31aef84-9121-11e7-a391-005056c00001','b183f379213d4199aa562399e931b55d','leave:21:e13e6077-911d-11e7-a391-005056c00001','2017-09-04 11:33:05.138','2017-09-04 13:10:41.020',5855882,NULL,'sid-2740F4FE-A6A8-4064-A9FA-4BD9D5EC50D7','sid-E6B72C1D-D108-4767-A9B1-263F80FADCCE',NULL,NULL,'',NULL);

/*Table structure for table `act_hi_taskinst` */

DROP TABLE IF EXISTS `act_hi_taskinst`;

CREATE TABLE `act_hi_taskinst` (
  `ID_` varchar(64) COLLATE utf8_bin NOT NULL,
  `PROC_DEF_ID_` varchar(64) COLLATE utf8_bin DEFAULT NULL,
  `TASK_DEF_KEY_` varchar(255) COLLATE utf8_bin DEFAULT NULL,
  `PROC_INST_ID_` varchar(64) COLLATE utf8_bin DEFAULT NULL,
  `EXECUTION_ID_` varchar(64) COLLATE utf8_bin DEFAULT NULL,
  `NAME_` varchar(255) COLLATE utf8_bin DEFAULT NULL,
  `PARENT_TASK_ID_` varchar(64) COLLATE utf8_bin DEFAULT NULL,
  `DESCRIPTION_` varchar(4000) COLLATE utf8_bin DEFAULT NULL,
  `OWNER_` varchar(255) COLLATE utf8_bin DEFAULT NULL,
  `ASSIGNEE_` varchar(255) COLLATE utf8_bin DEFAULT NULL,
  `START_TIME_` datetime(3) NOT NULL,
  `CLAIM_TIME_` datetime(3) DEFAULT NULL,
  `END_TIME_` datetime(3) DEFAULT NULL,
  `DURATION_` bigint(20) DEFAULT NULL,
  `DELETE_REASON_` varchar(4000) COLLATE utf8_bin DEFAULT NULL,
  `PRIORITY_` int(11) DEFAULT NULL,
  `DUE_DATE_` datetime(3) DEFAULT NULL,
  `FORM_KEY_` varchar(255) COLLATE utf8_bin DEFAULT NULL,
  `CATEGORY_` varchar(255) COLLATE utf8_bin DEFAULT NULL,
  `TENANT_ID_` varchar(255) COLLATE utf8_bin DEFAULT '',
  PRIMARY KEY (`ID_`),
  KEY `ACT_IDX_HI_TASK_INST_PROCINST` (`PROC_INST_ID_`)
) ENGINE=InnoDB DEFAULT CHARSET=utf8 COLLATE=utf8_bin;

/*Data for the table `act_hi_taskinst` */

insert  into `act_hi_taskinst`(`ID_`,`PROC_DEF_ID_`,`TASK_DEF_KEY_`,`PROC_INST_ID_`,`EXECUTION_ID_`,`NAME_`,`PARENT_TASK_ID_`,`DESCRIPTION_`,`OWNER_`,`ASSIGNEE_`,`START_TIME_`,`CLAIM_TIME_`,`END_TIME_`,`DURATION_`,`DELETE_REASON_`,`PRIORITY_`,`DUE_DATE_`,`FORM_KEY_`,`CATEGORY_`,`TENANT_ID_`) values ('100004','leave:31:95014','sid-F5676A61-8CCE-4323-9201-1701E71CD81F','100001','100001','cs01',NULL,'callback',NULL,'9270fc07603e457aba1c74d586615e64','2018-12-05 18:22:41.329',NULL,'2018-12-05 18:23:53.879',72550,'completed',50,NULL,NULL,NULL,''),('102512','leave:33:102508','sid-F5676A61-8CCE-4323-9201-1701E71CD81F','102509','102509','cs01',NULL,NULL,NULL,'9270fc07603e457aba1c74d586615e64','2018-12-06 11:23:31.582',NULL,NULL,NULL,NULL,50,NULL,NULL,NULL,''),('102518','leave:33:102508','sid-F5676A61-8CCE-4323-9201-1701E71CD81F','102515','102515','cs01',NULL,NULL,NULL,'9270fc07603e457aba1c74d586615e64','2018-12-06 11:24:41.174',NULL,NULL,NULL,NULL,50,NULL,NULL,NULL,''),('107504','leave:36:105012','sid-F5676A61-8CCE-4323-9201-1701E71CD81F','107501','107501','cs01',NULL,NULL,NULL,'9270fc07603e457aba1c74d586615e64','2018-12-06 14:19:38.313',NULL,NULL,NULL,NULL,50,NULL,NULL,NULL,''),('107510','leave:36:105012','sid-F5676A61-8CCE-4323-9201-1701E71CD81F','107507','107507','cs01',NULL,NULL,NULL,'9270fc07603e457aba1c74d586615e64','2018-12-06 14:20:17.414',NULL,NULL,NULL,NULL,50,NULL,NULL,NULL,''),('107520','leave:37:107516','sid-F5676A61-8CCE-4323-9201-1701E71CD81F','107517','107517','cs01',NULL,NULL,NULL,'9270fc07603e457aba1c74d586615e64','2018-12-06 14:20:52.149',NULL,'2018-12-06 14:34:23.326',811177,'completed',50,NULL,NULL,NULL,''),('110002','leave:37:107516','sid-7A12762F-A735-4BB5-BA28-7FF3F21F39D6','107517','107517','cs02',NULL,NULL,NULL,'9270fc07603e457aba1c74d586615e64','2018-12-06 14:34:23.364',NULL,'2018-12-06 14:34:39.560',16196,'completed',50,NULL,NULL,NULL,''),('110005','leave:37:107516','sid-A30C477F-76F9-4C38-B057-CDA094A2B817','107517','107517','cs03',NULL,NULL,NULL,'9270fc07603e457aba1c74d586615e64','2018-12-06 14:34:39.569',NULL,'2018-12-06 14:35:00.720',21151,'completed',50,NULL,NULL,NULL,''),('110010','leave:37:107516','sid-CE6842C8-B248-40D6-B25D-FCE5FAFD7B78','107517','107517','cs05',NULL,'callback',NULL,'9270fc07603e457aba1c74d586615e64','2018-12-06 14:35:00.730',NULL,'2018-12-09 15:54:27.006',263966276,'completed',50,NULL,NULL,NULL,''),('4a71277f-9120-11e7-a391-005056c00001','leave:21:e13e6077-911d-11e7-a391-005056c00001','sid-D27D784B-758D-47D8-9D5B-D10FDA7C359E','4a6eb67c-9120-11e7-a391-005056c00001','4a6eb67c-9120-11e7-a391-005056c00001','拟稿',NULL,'callback',NULL,'1890471a658f4fbebbc67960eea6cfaa','2017-09-04 11:22:33.201',NULL,'2017-09-04 11:32:49.013',615812,'completed',50,NULL,NULL,NULL,''),('6ce61df8-912f-11e7-a391-005056c00001','leave:21:e13e6077-911d-11e7-a391-005056c00001','sid-D27D784B-758D-47D8-9D5B-D10FDA7C359E','6ce5cfd5-912f-11e7-a391-005056c00001','6ce5cfd5-912f-11e7-a391-005056c00001','拟稿',NULL,NULL,NULL,'026a564bbfd84861ac4b65393644beef','2017-09-04 13:10:53.461',NULL,'2017-09-04 13:12:01.957',68496,'completed',50,NULL,NULL,NULL,''),('85010','leave:21:e13e6077-911d-11e7-a391-005056c00001','sid-D27D784B-758D-47D8-9D5B-D10FDA7C359E','85007','85007','拟稿',NULL,NULL,NULL,'026a564bbfd84861ac4b65393644beef','2017-12-27 15:03:26.114',NULL,'2017-12-27 15:11:09.853',463739,'completed',50,NULL,NULL,NULL,''),('85025','leave:21:e13e6077-911d-11e7-a391-005056c00001','sid-84D12022-7E08-414A-B80D-BA94F89CE906','85007','85022','会签',NULL,'callback',NULL,'026a564bbfd84861ac4b65393644beef','2017-12-27 15:11:09.873',NULL,'2017-12-27 15:18:49.400',459527,'completed',50,NULL,NULL,NULL,''),('85031','leave:21:e13e6077-911d-11e7-a391-005056c00001','sid-D27D784B-758D-47D8-9D5B-D10FDA7C359E','85028','85028','拟稿',NULL,NULL,NULL,'026a564bbfd84861ac4b65393644beef','2017-12-27 15:19:09.060',NULL,'2017-12-27 15:20:05.123',56063,'completed',50,NULL,NULL,NULL,''),('85045','leave:21:e13e6077-911d-11e7-a391-005056c00001','sid-84D12022-7E08-414A-B80D-BA94F89CE906','85028','85042','会签',NULL,NULL,NULL,'026a564bbfd84861ac4b65393644beef','2017-12-27 15:20:05.127',NULL,'2017-12-27 15:20:13.602',8475,'completed',50,NULL,NULL,NULL,''),('85047','leave:21:e13e6077-911d-11e7-a391-005056c00001','sid-B5F4FC84-5420-40E1-9EEF-255C4FA5327B','85028','85028','直接上级',NULL,NULL,NULL,'026a564bbfd84861ac4b65393644beef','2017-12-27 15:20:13.617',NULL,NULL,NULL,NULL,50,NULL,NULL,NULL,''),('85060','leave:28:85056','sid-10687E45-2376-4709-9E4A-782EA48196A2','85057','85057','拟稿',NULL,NULL,NULL,'026a564bbfd84861ac4b65393644beef','2017-12-27 15:26:07.628',NULL,'2017-12-27 15:28:28.564',140936,'completed',50,NULL,NULL,NULL,''),('85064','leave:28:85056','sid-9386E495-F7E3-4D58-B943-CBB4A1A34D7B','85057','85057','会签',NULL,NULL,NULL,'026a564bbfd84861ac4b65393644beef','2017-12-27 15:28:28.566',NULL,'2017-12-27 15:28:36.754',8188,'completed',50,NULL,NULL,NULL,''),('85067','leave:28:85056','sid-7D994D6E-7B22-4548-9FD2-AF6877A6CB90','85057','85057','直接上级',NULL,NULL,NULL,'98df0e92788c416a9fb983e89a8d01ce','2017-12-27 15:28:36.756',NULL,'2017-12-27 15:28:45.252',8496,'completed',50,NULL,NULL,NULL,''),('85073','leave:28:85056','sid-DF161339-F813-4B41-8DB9-7CAEF3919980','85057','85057','人事部',NULL,NULL,NULL,'98df0e92788c416a9fb983e89a8d01ce','2017-12-27 15:28:45.255',NULL,'2017-12-27 15:28:53.416',8161,'completed',50,NULL,NULL,NULL,''),('85079','leave:28:85056','sid-10687E45-2376-4709-9E4A-782EA48196A2','85076','85076','拟稿',NULL,'callback',NULL,'026a564bbfd84861ac4b65393644beef','2017-12-27 15:30:31.793',NULL,'2018-12-05 18:24:10.280',29645618487,'completed',50,NULL,NULL,NULL,''),('90004','leave:28:85056','sid-10687E45-2376-4709-9E4A-782EA48196A2','90001','90001','拟稿',NULL,'callback',NULL,'026a564bbfd84861ac4b65393644beef','2018-10-02 16:03:34.620',NULL,'2018-12-05 10:44:38.523',5510463903,'completed',50,NULL,NULL,NULL,''),('95008','leave:30:95004','sid-F5676A61-8CCE-4323-9201-1701E71CD81F','95005','95005','cs01',NULL,'callback',NULL,'9270fc07603e457aba1c74d586615e64','2018-12-05 13:47:10.702',NULL,'2018-12-05 18:24:18.271',16627569,'completed',50,NULL,NULL,NULL,''),('95018','leave:31:95014','sid-F5676A61-8CCE-4323-9201-1701E71CD81F','95015','95015','cs01',NULL,'callback',NULL,'9270fc07603e457aba1c74d586615e64','2018-12-05 14:53:48.209',NULL,'2018-12-05 18:24:40.357',12652148,'completed',50,NULL,NULL,NULL,''),('95c6e667-912f-11e7-a391-005056c00001','leave:21:e13e6077-911d-11e7-a391-005056c00001','sid-84D12022-7E08-414A-B80D-BA94F89CE906','6ce5cfd5-912f-11e7-a391-005056c00001','95c4ea93-912f-11e7-a391-005056c00001','会签',NULL,NULL,NULL,'026a564bbfd84861ac4b65393644beef','2017-09-04 13:12:02.052',NULL,'2017-09-04 13:12:55.224',53172,'completed',50,NULL,NULL,NULL,''),('95d00e2b-912f-11e7-a391-005056c00001','leave:21:e13e6077-911d-11e7-a391-005056c00001','sid-84D12022-7E08-414A-B80D-BA94F89CE906','6ce5cfd5-912f-11e7-a391-005056c00001','95c511a4-912f-11e7-a391-005056c00001','会签',NULL,NULL,NULL,'1890471a658f4fbebbc67960eea6cfaa','2017-09-04 13:12:02.111',NULL,'2017-09-04 13:12:30.771',28660,'completed',50,NULL,NULL,NULL,''),('97504','leave:31:95014','sid-F5676A61-8CCE-4323-9201-1701E71CD81F','97501','97501','cs01',NULL,'callback',NULL,'9270fc07603e457aba1c74d586615e64','2018-12-05 18:14:22.524',NULL,'2018-12-05 18:26:19.590',717066,'completed',50,NULL,NULL,NULL,''),('97510','leave:31:95014','sid-F5676A61-8CCE-4323-9201-1701E71CD81F','97507','97507','cs01',NULL,'callback',NULL,'9270fc07603e457aba1c74d586615e64','2018-12-05 18:16:03.971',NULL,'2018-12-05 18:25:53.430',589459,'completed',50,NULL,NULL,NULL,''),('b337b141-911d-11e7-a391-005056c00001','leave:20:4f8ad68c-911c-11e7-b720-005056c00001','sid-D27D784B-758D-47D8-9D5B-D10FDA7C359E','b32fe90e-911d-11e7-a391-005056c00001','b32fe90e-911d-11e7-a391-005056c00001','拟稿',NULL,'callback',NULL,'1890471a658f4fbebbc67960eea6cfaa','2017-09-04 11:04:00.500',NULL,'2017-09-04 11:21:54.245',1073745,'completed',50,NULL,NULL,NULL,''),('b58286e0-912f-11e7-a391-005056c00001','leave:21:e13e6077-911d-11e7-a391-005056c00001','sid-B5F4FC84-5420-40E1-9EEF-255C4FA5327B','6ce5cfd5-912f-11e7-a391-005056c00001','6ce5cfd5-912f-11e7-a391-005056c00001','直接上级',NULL,NULL,NULL,'1890471a658f4fbebbc67960eea6cfaa','2017-09-04 13:12:55.281',NULL,'2017-09-04 13:13:17.290',22009,'completed',50,NULL,NULL,NULL,''),('c2a12396-912f-11e7-a391-005056c00001','leave:21:e13e6077-911d-11e7-a391-005056c00001','sid-115F3044-1FC9-4843-8D0B-02C648D0EB93','6ce5cfd5-912f-11e7-a391-005056c00001','6ce5cfd5-912f-11e7-a391-005056c00001','部门经理',NULL,NULL,NULL,'026a564bbfd84861ac4b65393644beef','2017-09-04 13:13:17.292',NULL,'2017-09-04 13:13:51.984',34692,'completed',50,NULL,NULL,NULL,''),('c3091c8b-99af-11e7-a548-005056c00001','leave:21:e13e6077-911d-11e7-a391-005056c00001','sid-D27D784B-758D-47D8-9D5B-D10FDA7C359E','c303c558-99af-11e7-a548-005056c00001','c303c558-99af-11e7-a548-005056c00001','拟稿',NULL,'callback',NULL,'1890471a658f4fbebbc67960eea6cfaa','2017-09-15 08:49:42.866',NULL,'2017-11-07 13:45:16.488',4596933622,'completed',50,NULL,NULL,NULL,''),('c31d6087-9121-11e7-a391-005056c00001','leave:21:e13e6077-911d-11e7-a391-005056c00001','sid-D27D784B-758D-47D8-9D5B-D10FDA7C359E','c31aef84-9121-11e7-a391-005056c00001','c31aef84-9121-11e7-a391-005056c00001','拟稿',NULL,NULL,NULL,'026a564bbfd84861ac4b65393644beef','2017-09-04 11:33:05.153',NULL,'2017-09-04 13:07:33.455',5668302,'completed',50,NULL,NULL,NULL,''),('f5c2b247-912e-11e7-a391-005056c00001','leave:21:e13e6077-911d-11e7-a391-005056c00001','sid-84D12022-7E08-414A-B80D-BA94F89CE906','c31aef84-9121-11e7-a391-005056c00001','f5b4a883-912e-11e7-a391-005056c00001','会签',NULL,'callback',NULL,'1890471a658f4fbebbc67960eea6cfaa','2017-09-04 13:07:33.580',NULL,'2017-09-04 13:10:40.923',187343,'completed',50,NULL,NULL,NULL,''),('f5c411dc-912e-11e7-a391-005056c00001','leave:21:e13e6077-911d-11e7-a391-005056c00001','sid-84D12022-7E08-414A-B80D-BA94F89CE906','c31aef84-9121-11e7-a391-005056c00001','f5b98a84-912e-11e7-a391-005056c00001','会签',NULL,'callback',NULL,'44b66661d5954f36a26465d96e837cf7','2017-09-04 13:07:33.590',NULL,'2017-09-04 13:10:40.761',187171,'completed',50,NULL,NULL,NULL,'');

/*Table structure for table `act_hi_varinst` */

DROP TABLE IF EXISTS `act_hi_varinst`;

CREATE TABLE `act_hi_varinst` (
  `ID_` varchar(64) COLLATE utf8_bin NOT NULL,
  `PROC_INST_ID_` varchar(64) COLLATE utf8_bin DEFAULT NULL,
  `EXECUTION_ID_` varchar(64) COLLATE utf8_bin DEFAULT NULL,
  `TASK_ID_` varchar(64) COLLATE utf8_bin DEFAULT NULL,
  `NAME_` varchar(255) COLLATE utf8_bin NOT NULL,
  `VAR_TYPE_` varchar(100) COLLATE utf8_bin DEFAULT NULL,
  `REV_` int(11) DEFAULT NULL,
  `BYTEARRAY_ID_` varchar(64) COLLATE utf8_bin DEFAULT NULL,
  `DOUBLE_` double DEFAULT NULL,
  `LONG_` bigint(20) DEFAULT NULL,
  `TEXT_` varchar(4000) COLLATE utf8_bin DEFAULT NULL,
  `TEXT2_` varchar(4000) COLLATE utf8_bin DEFAULT NULL,
  `CREATE_TIME_` datetime(3) DEFAULT NULL,
  `LAST_UPDATED_TIME_` datetime(3) DEFAULT NULL,
  PRIMARY KEY (`ID_`),
  KEY `ACT_IDX_HI_PROCVAR_PROC_INST` (`PROC_INST_ID_`),
  KEY `ACT_IDX_HI_PROCVAR_NAME_TYPE` (`NAME_`,`VAR_TYPE_`),
  KEY `ACT_IDX_HI_PROCVAR_TASK_ID` (`TASK_ID_`)
) ENGINE=InnoDB DEFAULT CHARSET=utf8 COLLATE=utf8_bin;

/*Data for the table `act_hi_varinst` */

insert  into `act_hi_varinst`(`ID_`,`PROC_INST_ID_`,`EXECUTION_ID_`,`TASK_ID_`,`NAME_`,`VAR_TYPE_`,`REV_`,`BYTEARRAY_ID_`,`DOUBLE_`,`LONG_`,`TEXT_`,`TEXT2_`,`CREATE_TIME_`,`LAST_UPDATED_TIME_`) values ('110007','107517','107517',NULL,'day','string',1,NULL,NULL,NULL,'324',NULL,'2018-12-06 14:35:00.712','2018-12-09 15:54:27.021'),('85015','85007','85007',NULL,'users','serializable',1,'85016',NULL,NULL,NULL,NULL,'2017-12-27 15:11:09.830','2017-12-27 15:18:49.539'),('85019','85007','85017',NULL,'nrOfInstances','integer',1,NULL,NULL,1,'1',NULL,'2017-12-27 15:11:09.869','2017-12-27 15:18:49.494'),('85020','85007','85017',NULL,'nrOfCompletedInstances','integer',1,NULL,NULL,1,'1',NULL,'2017-12-27 15:11:09.869','2017-12-27 15:18:49.494'),('85021','85007','85017',NULL,'nrOfActiveInstances','integer',1,NULL,NULL,0,'0',NULL,'2017-12-27 15:11:09.869','2017-12-27 15:18:49.494'),('85023','85007','85022',NULL,'loopCounter','integer',1,NULL,NULL,0,'0',NULL,'2017-12-27 15:11:09.871','2017-12-27 15:18:49.463'),('85024','85007','85022',NULL,'user','string',1,NULL,NULL,NULL,'026a564bbfd84861ac4b65393644beef',NULL,'2017-12-27 15:11:09.871','2017-12-27 15:18:49.466'),('85035','85028','85028',NULL,'users','serializable',0,'85036',NULL,NULL,NULL,NULL,'2017-12-27 15:20:05.119','2017-12-27 15:20:05.119'),('85039','85028','85037',NULL,'nrOfInstances','integer',1,NULL,NULL,1,'1',NULL,'2017-12-27 15:20:05.126','2017-12-27 15:20:13.616'),('85040','85028','85037',NULL,'nrOfCompletedInstances','integer',1,NULL,NULL,1,'1',NULL,'2017-12-27 15:20:05.126','2017-12-27 15:20:13.616'),('85041','85028','85037',NULL,'nrOfActiveInstances','integer',1,NULL,NULL,0,'0',NULL,'2017-12-27 15:20:05.126','2017-12-27 15:20:13.616'),('85043','85028','85042',NULL,'loopCounter','integer',1,NULL,NULL,0,'0',NULL,'2017-12-27 15:20:05.126','2017-12-27 15:20:13.612'),('85044','85028','85042',NULL,'user','string',1,NULL,NULL,NULL,'026a564bbfd84861ac4b65393644beef',NULL,'2017-12-27 15:20:05.126','2017-12-27 15:20:13.613'),('85070','85057','85057',NULL,'day','string',1,NULL,NULL,NULL,'2',NULL,'2017-12-27 15:28:45.250','2017-12-27 15:28:53.456'),('95b13b7c-912f-11e7-a391-005056c00001','6ce5cfd5-912f-11e7-a391-005056c00001','6ce5cfd5-912f-11e7-a391-005056c00001',NULL,'users','serializable',1,'95b13b7d-912f-11e7-a391-005056c00001',NULL,NULL,NULL,NULL,'2017-09-04 13:12:01.900','2017-09-04 13:13:51.992'),('95c49c70-912f-11e7-a391-005056c00001','6ce5cfd5-912f-11e7-a391-005056c00001','95c2eebe-912f-11e7-a391-005056c00001',NULL,'nrOfInstances','integer',1,NULL,NULL,2,'2',NULL,'2017-09-04 13:12:02.027','2017-09-04 13:12:55.278'),('95c4c381-912f-11e7-a391-005056c00001','6ce5cfd5-912f-11e7-a391-005056c00001','95c2eebe-912f-11e7-a391-005056c00001',NULL,'nrOfCompletedInstances','integer',2,NULL,NULL,2,'2',NULL,'2017-09-04 13:12:02.028','2017-09-04 13:12:55.278'),('95c4ea92-912f-11e7-a391-005056c00001','6ce5cfd5-912f-11e7-a391-005056c00001','95c2eebe-912f-11e7-a391-005056c00001',NULL,'nrOfActiveInstances','integer',2,NULL,NULL,0,'0',NULL,'2017-09-04 13:12:02.029','2017-09-04 13:12:55.278'),('95c69845-912f-11e7-a391-005056c00001','6ce5cfd5-912f-11e7-a391-005056c00001','95c4ea93-912f-11e7-a391-005056c00001',NULL,'loopCounter','integer',1,NULL,NULL,0,'0',NULL,'2017-09-04 13:12:02.041','2017-09-04 13:12:55.238'),('95c6bf56-912f-11e7-a391-005056c00001','6ce5cfd5-912f-11e7-a391-005056c00001','95c4ea93-912f-11e7-a391-005056c00001',NULL,'user','string',1,NULL,NULL,NULL,'026a564bbfd84861ac4b65393644beef',NULL,'2017-09-04 13:12:02.041','2017-09-04 13:12:55.237'),('95cf98f8-912f-11e7-a391-005056c00001','6ce5cfd5-912f-11e7-a391-005056c00001','95c511a4-912f-11e7-a391-005056c00001',NULL,'loopCounter','integer',1,NULL,NULL,1,'1',NULL,'2017-09-04 13:12:02.100','2017-09-04 13:12:55.274'),('95cfc009-912f-11e7-a391-005056c00001','6ce5cfd5-912f-11e7-a391-005056c00001','95c511a4-912f-11e7-a391-005056c00001',NULL,'user','string',1,NULL,NULL,NULL,'1890471a658f4fbebbc67960eea6cfaa',NULL,'2017-09-04 13:12:02.100','2017-09-04 13:12:55.272'),('c2a06043-912f-11e7-a391-005056c00001','6ce5cfd5-912f-11e7-a391-005056c00001','6ce5cfd5-912f-11e7-a391-005056c00001',NULL,'day','string',1,NULL,NULL,NULL,'3',NULL,'2017-09-04 13:13:17.287','2017-09-04 13:13:51.992'),('f58b759c-912e-11e7-a391-005056c00001','c31aef84-9121-11e7-a391-005056c00001','c31aef84-9121-11e7-a391-005056c00001',NULL,'users','serializable',1,'f58b759d-912e-11e7-a391-005056c00001',NULL,NULL,NULL,NULL,'2017-09-04 13:07:33.217','2017-09-04 13:10:41.026'),('f5b48170-912e-11e7-a391-005056c00001','c31aef84-9121-11e7-a391-005056c00001','f5b40c3e-912e-11e7-a391-005056c00001',NULL,'nrOfInstances','integer',1,NULL,NULL,2,'2',NULL,'2017-09-04 13:07:33.486','2017-09-04 13:10:41.016'),('f5b4a881-912e-11e7-a391-005056c00001','c31aef84-9121-11e7-a391-005056c00001','f5b40c3e-912e-11e7-a391-005056c00001',NULL,'nrOfCompletedInstances','integer',2,NULL,NULL,2,'2',NULL,'2017-09-04 13:07:33.487','2017-09-04 13:10:41.016'),('f5b4a882-912e-11e7-a391-005056c00001','c31aef84-9121-11e7-a391-005056c00001','f5b40c3e-912e-11e7-a391-005056c00001',NULL,'nrOfActiveInstances','integer',2,NULL,NULL,0,'0',NULL,'2017-09-04 13:07:33.487','2017-09-04 13:10:41.016'),('f5b9ffb5-912e-11e7-a391-005056c00001','c31aef84-9121-11e7-a391-005056c00001','f5b4a883-912e-11e7-a391-005056c00001',NULL,'loopCounter','integer',1,NULL,NULL,0,'0',NULL,'2017-09-04 13:07:33.522','2017-09-04 13:10:40.949'),('f5ba26c6-912e-11e7-a391-005056c00001','c31aef84-9121-11e7-a391-005056c00001','f5b4a883-912e-11e7-a391-005056c00001',NULL,'user','string',1,NULL,NULL,NULL,'1890471a658f4fbebbc67960eea6cfaa',NULL,'2017-09-04 13:07:33.523','2017-09-04 13:10:40.947'),('f5c411d9-912e-11e7-a391-005056c00001','c31aef84-9121-11e7-a391-005056c00001','f5b98a84-912e-11e7-a391-005056c00001',NULL,'loopCounter','integer',1,NULL,NULL,1,'1',NULL,'2017-09-04 13:07:33.588','2017-09-04 13:10:41.009'),('f5c411da-912e-11e7-a391-005056c00001','c31aef84-9121-11e7-a391-005056c00001','f5b98a84-912e-11e7-a391-005056c00001',NULL,'user','string',1,NULL,NULL,NULL,'44b66661d5954f36a26465d96e837cf7',NULL,'2017-09-04 13:07:33.588','2017-09-04 13:10:41.008');

/*Table structure for table `act_id_group` */

DROP TABLE IF EXISTS `act_id_group`;

CREATE TABLE `act_id_group` (
  `ID_` varchar(64) COLLATE utf8_bin NOT NULL,
  `REV_` int(11) DEFAULT NULL,
  `NAME_` varchar(255) COLLATE utf8_bin DEFAULT NULL,
  `TYPE_` varchar(255) COLLATE utf8_bin DEFAULT NULL,
  PRIMARY KEY (`ID_`)
) ENGINE=InnoDB DEFAULT CHARSET=utf8 COLLATE=utf8_bin;

/*Data for the table `act_id_group` */

/*Table structure for table `act_id_info` */

DROP TABLE IF EXISTS `act_id_info`;

CREATE TABLE `act_id_info` (
  `ID_` varchar(64) COLLATE utf8_bin NOT NULL,
  `REV_` int(11) DEFAULT NULL,
  `USER_ID_` varchar(64) COLLATE utf8_bin DEFAULT NULL,
  `TYPE_` varchar(64) COLLATE utf8_bin DEFAULT NULL,
  `KEY_` varchar(255) COLLATE utf8_bin DEFAULT NULL,
  `VALUE_` varchar(255) COLLATE utf8_bin DEFAULT NULL,
  `PASSWORD_` longblob,
  `PARENT_ID_` varchar(255) COLLATE utf8_bin DEFAULT NULL,
  PRIMARY KEY (`ID_`)
) ENGINE=InnoDB DEFAULT CHARSET=utf8 COLLATE=utf8_bin;

/*Data for the table `act_id_info` */

/*Table structure for table `act_id_membership` */

DROP TABLE IF EXISTS `act_id_membership`;

CREATE TABLE `act_id_membership` (
  `USER_ID_` varchar(64) COLLATE utf8_bin NOT NULL,
  `GROUP_ID_` varchar(64) COLLATE utf8_bin NOT NULL,
  PRIMARY KEY (`USER_ID_`,`GROUP_ID_`),
  KEY `ACT_FK_MEMB_GROUP` (`GROUP_ID_`),
  CONSTRAINT `ACT_FK_MEMB_GROUP` FOREIGN KEY (`GROUP_ID_`) REFERENCES `act_id_group` (`ID_`),
  CONSTRAINT `ACT_FK_MEMB_USER` FOREIGN KEY (`USER_ID_`) REFERENCES `act_id_user` (`ID_`)
) ENGINE=InnoDB DEFAULT CHARSET=utf8 COLLATE=utf8_bin;

/*Data for the table `act_id_membership` */

/*Table structure for table `act_id_user` */

DROP TABLE IF EXISTS `act_id_user`;

CREATE TABLE `act_id_user` (
  `ID_` varchar(64) COLLATE utf8_bin NOT NULL,
  `REV_` int(11) DEFAULT NULL,
  `FIRST_` varchar(255) COLLATE utf8_bin DEFAULT NULL,
  `LAST_` varchar(255) COLLATE utf8_bin DEFAULT NULL,
  `EMAIL_` varchar(255) COLLATE utf8_bin DEFAULT NULL,
  `PWD_` varchar(255) COLLATE utf8_bin DEFAULT NULL,
  `PICTURE_ID_` varchar(64) COLLATE utf8_bin DEFAULT NULL,
  PRIMARY KEY (`ID_`)
) ENGINE=InnoDB DEFAULT CHARSET=utf8 COLLATE=utf8_bin;

/*Data for the table `act_id_user` */

/*Table structure for table `act_procdef_info` */

DROP TABLE IF EXISTS `act_procdef_info`;

CREATE TABLE `act_procdef_info` (
  `ID_` varchar(64) COLLATE utf8_bin NOT NULL,
  `PROC_DEF_ID_` varchar(64) COLLATE utf8_bin NOT NULL,
  `REV_` int(11) DEFAULT NULL,
  `INFO_JSON_ID_` varchar(64) COLLATE utf8_bin DEFAULT NULL,
  PRIMARY KEY (`ID_`),
  UNIQUE KEY `ACT_UNIQ_INFO_PROCDEF` (`PROC_DEF_ID_`),
  KEY `ACT_IDX_INFO_PROCDEF` (`PROC_DEF_ID_`),
  KEY `ACT_FK_INFO_JSON_BA` (`INFO_JSON_ID_`),
  CONSTRAINT `ACT_FK_INFO_JSON_BA` FOREIGN KEY (`INFO_JSON_ID_`) REFERENCES `act_ge_bytearray` (`ID_`),
  CONSTRAINT `ACT_FK_INFO_PROCDEF` FOREIGN KEY (`PROC_DEF_ID_`) REFERENCES `act_re_procdef` (`ID_`)
) ENGINE=InnoDB DEFAULT CHARSET=utf8 COLLATE=utf8_bin;

/*Data for the table `act_procdef_info` */

/*Table structure for table `act_re_deployment` */

DROP TABLE IF EXISTS `act_re_deployment`;

CREATE TABLE `act_re_deployment` (
  `ID_` varchar(64) COLLATE utf8_bin NOT NULL,
  `NAME_` varchar(255) COLLATE utf8_bin DEFAULT NULL,
  `CATEGORY_` varchar(255) COLLATE utf8_bin DEFAULT NULL,
  `TENANT_ID_` varchar(255) COLLATE utf8_bin DEFAULT '',
  `DEPLOY_TIME_` timestamp(3) NULL DEFAULT NULL,
  PRIMARY KEY (`ID_`)
) ENGINE=InnoDB DEFAULT CHARSET=utf8 COLLATE=utf8_bin;

/*Data for the table `act_re_deployment` */

insert  into `act_re_deployment`(`ID_`,`NAME_`,`CATEGORY_`,`TENANT_ID_`,`DEPLOY_TIME_`) values ('102501','cs011',NULL,'','2018-12-06 11:01:12.487'),('102505','cs011',NULL,'','2018-12-06 11:02:16.819'),('105001','cs011',NULL,'','2018-12-06 13:37:17.096'),('105005','cs011',NULL,'','2018-12-06 13:42:51.341'),('105009','cs011',NULL,'','2018-12-06 14:17:28.990'),('107513','cs011',NULL,'','2018-12-06 14:20:31.463'),('2d3c82aa-b3a7-11e7-9d79-2c4d5453f651','test',NULL,'','2017-10-18 09:53:45.790'),('4f64d7f9-911c-11e7-b720-005056c00001','请假demo',NULL,'','2017-09-04 10:54:03.520'),('545ed27d-c380-11e7-8db5-2c4d5453f651','测试正确流程',NULL,'','2017-11-07 13:55:59.682'),('5c1994ae-b3a7-11e7-9d79-2c4d5453f651','test',NULL,'','2017-10-18 09:55:04.417'),('6109dc95-911b-11e7-b720-005056c00001','请假demo',NULL,'','2017-09-04 10:47:23.626'),('85049','请假demo',NULL,'','2017-12-27 15:25:21.477'),('85053','请假demo',NULL,'','2017-12-27 15:25:27.218'),('92504','cs',NULL,'','2018-12-05 10:26:38.067'),('92508','cs',NULL,'','2018-12-05 10:26:46.937'),('92512','cs',NULL,'','2018-12-05 10:27:52.410'),('92519','cs01',NULL,'','2018-12-05 10:36:25.899'),('95001','cs01',NULL,'','2018-12-05 13:46:48.019'),('95011','cs011',NULL,'','2018-12-05 14:23:03.908'),('e0f374c4-911d-11e7-a391-005056c00001','请假demo',NULL,'','2017-09-04 11:05:17.222'),('eebba3be-b3b0-11e7-bb4f-2c4d5453f651','idea+ov',NULL,'','2017-10-18 11:03:35.897'),('f6434852-b3b0-11e7-bb4f-2c4d5453f651','idea+ov',NULL,'','2017-10-18 11:03:48.531');

/*Table structure for table `act_re_model` */

DROP TABLE IF EXISTS `act_re_model`;

CREATE TABLE `act_re_model` (
  `ID_` varchar(64) COLLATE utf8_bin NOT NULL,
  `REV_` int(11) DEFAULT NULL,
  `NAME_` varchar(255) COLLATE utf8_bin DEFAULT NULL,
  `KEY_` varchar(255) COLLATE utf8_bin DEFAULT NULL,
  `CATEGORY_` varchar(255) COLLATE utf8_bin DEFAULT NULL,
  `CREATE_TIME_` timestamp(3) NULL DEFAULT NULL,
  `LAST_UPDATE_TIME_` timestamp(3) NULL DEFAULT NULL,
  `VERSION_` int(11) DEFAULT NULL,
  `META_INFO_` varchar(4000) COLLATE utf8_bin DEFAULT NULL,
  `DEPLOYMENT_ID_` varchar(64) COLLATE utf8_bin DEFAULT NULL,
  `EDITOR_SOURCE_VALUE_ID_` varchar(64) COLLATE utf8_bin DEFAULT NULL,
  `EDITOR_SOURCE_EXTRA_VALUE_ID_` varchar(64) COLLATE utf8_bin DEFAULT NULL,
  `TENANT_ID_` varchar(255) COLLATE utf8_bin DEFAULT '',
  PRIMARY KEY (`ID_`),
  KEY `ACT_FK_MODEL_SOURCE` (`EDITOR_SOURCE_VALUE_ID_`),
  KEY `ACT_FK_MODEL_SOURCE_EXTRA` (`EDITOR_SOURCE_EXTRA_VALUE_ID_`),
  KEY `ACT_FK_MODEL_DEPLOYMENT` (`DEPLOYMENT_ID_`),
  CONSTRAINT `ACT_FK_MODEL_DEPLOYMENT` FOREIGN KEY (`DEPLOYMENT_ID_`) REFERENCES `act_re_deployment` (`ID_`),
  CONSTRAINT `ACT_FK_MODEL_SOURCE` FOREIGN KEY (`EDITOR_SOURCE_VALUE_ID_`) REFERENCES `act_ge_bytearray` (`ID_`),
  CONSTRAINT `ACT_FK_MODEL_SOURCE_EXTRA` FOREIGN KEY (`EDITOR_SOURCE_EXTRA_VALUE_ID_`) REFERENCES `act_ge_bytearray` (`ID_`)
) ENGINE=InnoDB DEFAULT CHARSET=utf8 COLLATE=utf8_bin;

/*Data for the table `act_re_model` */

insert  into `act_re_model`(`ID_`,`REV_`,`NAME_`,`KEY_`,`CATEGORY_`,`CREATE_TIME_`,`LAST_UPDATE_TIME_`,`VERSION_`,`META_INFO_`,`DEPLOYMENT_ID_`,`EDITOR_SOURCE_VALUE_ID_`,`EDITOR_SOURCE_EXTRA_VALUE_ID_`,`TENANT_ID_`) values ('1ecc61b2-9119-11e7-b720-005056c00001',15,'请假demo','leave',NULL,'2017-09-04 10:31:13.500','2017-12-27 15:25:27.543',1,'{\"name\":\"请假demo\",\"revision\":1,\"description\":\"\"}','85053','1ed2f163-9119-11e7-b720-005056c00001','93bf1524-911a-11e7-b720-005056c00001',''),('61eabc43-9c36-11e7-9e14-005056c00001',6,'idea+ov','leave',NULL,'2017-09-18 13:58:24.302','2017-10-18 11:03:48.829',1,'{\"name\":\"idea+ov\",\"revision\":1,\"description\":\"\"}','f6434852-b3b0-11e7-bb4f-2c4d5453f651','61ed5454-9c36-11e7-9e14-005056c00001','ea7dfa0d-b3b0-11e7-bb4f-2c4d5453f651',''),('919fc208-9c37-11e7-8ae4-005056c00001',6,'test','leave',NULL,'2017-09-18 14:06:53.839','2017-10-18 09:55:04.548',1,'{\"name\":\"test\",\"revision\":1,\"description\":\"\"}','5c1994ae-b3a7-11e7-9d79-2c4d5453f651','91a28129-9c37-11e7-8ae4-005056c00001','29502d49-b3a7-11e7-9d79-2c4d5453f651',''),('92501',7,'cs','cs',NULL,'2018-12-05 10:19:55.124','2018-12-05 10:27:52.684',1,'{\"name\":\"cs\",\"revision\":1,\"description\":\"\"}','92512','92502','92503',''),('92516',16,'cs011','leave',NULL,'2018-12-05 10:28:20.582','2018-12-06 14:20:31.856',1,'{\"name\":\"cs011\",\"revision\":1,\"description\":\"\"}','107513','92517','92518',''),('ff9c84da-c37f-11e7-8db5-2c4d5453f651',5,'测试正确流程','leave',NULL,'2017-11-07 13:53:37.480','2017-11-07 13:56:00.043',1,'{\"name\":\"测试正确流程\",\"revision\":1,\"description\":\"\"}','545ed27d-c380-11e7-8db5-2c4d5453f651','ffaa8e9b-c37f-11e7-8db5-2c4d5453f651','0972ad4c-c380-11e7-8db5-2c4d5453f651','');

/*Table structure for table `act_re_procdef` */

DROP TABLE IF EXISTS `act_re_procdef`;

CREATE TABLE `act_re_procdef` (
  `ID_` varchar(64) COLLATE utf8_bin NOT NULL,
  `REV_` int(11) DEFAULT NULL,
  `CATEGORY_` varchar(255) COLLATE utf8_bin DEFAULT NULL,
  `NAME_` varchar(255) COLLATE utf8_bin DEFAULT NULL,
  `KEY_` varchar(255) COLLATE utf8_bin NOT NULL,
  `VERSION_` int(11) NOT NULL,
  `DEPLOYMENT_ID_` varchar(64) COLLATE utf8_bin DEFAULT NULL,
  `RESOURCE_NAME_` varchar(4000) COLLATE utf8_bin DEFAULT NULL,
  `DGRM_RESOURCE_NAME_` varchar(4000) COLLATE utf8_bin DEFAULT NULL,
  `DESCRIPTION_` varchar(4000) COLLATE utf8_bin DEFAULT NULL,
  `HAS_START_FORM_KEY_` tinyint(4) DEFAULT NULL,
  `HAS_GRAPHICAL_NOTATION_` tinyint(4) DEFAULT NULL,
  `SUSPENSION_STATE_` int(11) DEFAULT NULL,
  `TENANT_ID_` varchar(255) COLLATE utf8_bin DEFAULT '',
  PRIMARY KEY (`ID_`),
  UNIQUE KEY `ACT_UNIQ_PROCDEF` (`KEY_`,`VERSION_`,`TENANT_ID_`)
) ENGINE=InnoDB DEFAULT CHARSET=utf8 COLLATE=utf8_bin;

/*Data for the table `act_re_procdef` */

insert  into `act_re_procdef`(`ID_`,`REV_`,`CATEGORY_`,`NAME_`,`KEY_`,`VERSION_`,`DEPLOYMENT_ID_`,`RESOURCE_NAME_`,`DGRM_RESOURCE_NAME_`,`DESCRIPTION_`,`HAS_START_FORM_KEY_`,`HAS_GRAPHICAL_NOTATION_`,`SUSPENSION_STATE_`,`TENANT_ID_`) values ('cs:1:92507',1,'http://www.activiti.org/processdef','cs','cs',1,'92504','92501.bpmn20.xml','92501.cs.png',NULL,0,1,1,''),('cs:2:92511',1,'http://www.activiti.org/processdef','cs','cs',2,'92508','92501.bpmn20.xml','92501.cs.png',NULL,0,1,1,''),('cs:3:92515',1,'http://www.activiti.org/processdef','cs','cs',3,'92512','92501.bpmn20.xml','92501.cs.png',NULL,0,1,1,''),('leave:10:45069',1,'http://www.activiti.org/processdef','会签分支流程','leave',10,'45066','45059.bpmn20.xml','45059.leave.png',NULL,0,1,1,''),('leave:11:45079',1,'http://www.activiti.org/processdef','会签分支流程','leave',11,'45076','45059.bpmn20.xml','45059.leave.png',NULL,0,1,1,''),('leave:12:45083',1,'http://www.activiti.org/processdef','会签分支流程','leave',12,'45080','45059.bpmn20.xml','45059.leave.png',NULL,0,1,1,''),('leave:13:45087',1,'http://www.activiti.org/processdef','会签分支流程','leave',13,'45084','45059.bpmn20.xml','45059.leave.png',NULL,0,1,1,''),('leave:14:70005',1,'http://www.activiti.org/processdef','请假','leave',14,'70002','67501.bpmn20.xml','67501.leave.png',NULL,0,1,1,''),('leave:15:18f469eb-8cc0-11e7-92ce-005056c00001',1,'http://www.activiti.org/processdef','2341','leave',15,'186633a8-8cc0-11e7-92ce-005056c00001','80007.bpmn20.xml','80007.leave.png',NULL,0,1,1,''),('leave:16:eac61dd3-8d28-11e7-92ce-005056c00001',1,'http://www.activiti.org/processdef','2341','leave',16,'eaa109a0-8d28-11e7-92ce-005056c00001','80007.bpmn20.xml','80007.leave.png',NULL,0,1,1,''),('leave:17:a9c4c0c4-8e24-11e7-85a6-005056c00001',1,'http://www.activiti.org/processdef','测试通知','leave',17,'a999b921-8e24-11e7-85a6-005056c00001','60aa4e4e-8e24-11e7-85a6-005056c00001.bpmn20.xml','60aa4e4e-8e24-11e7-85a6-005056c00001.leave.png',NULL,0,1,1,''),('leave:18:fc81c888-8e24-11e7-85a6-005056c00001',1,'http://www.activiti.org/processdef','测试通知','leave',18,'fc6c92d5-8e24-11e7-85a6-005056c00001','60aa4e4e-8e24-11e7-85a6-005056c00001.bpmn20.xml','60aa4e4e-8e24-11e7-85a6-005056c00001.leave.png',NULL,0,1,1,''),('leave:19:6185c358-911b-11e7-b720-005056c00001',1,'http://www.activiti.org/processdef','请假demo','leave',19,'6109dc95-911b-11e7-b720-005056c00001','1ecc61b2-9119-11e7-b720-005056c00001.bpmn20.xml','1ecc61b2-9119-11e7-b720-005056c00001.leave.png',NULL,0,1,1,''),('leave:1:11',1,'http://www.activiti.org/processdef','请假2','leave',1,'8','5.bpmn20.xml','5.leave.png',NULL,0,1,1,''),('leave:20:4f8ad68c-911c-11e7-b720-005056c00001',1,'http://www.activiti.org/processdef','请假demo','leave',20,'4f64d7f9-911c-11e7-b720-005056c00001','1ecc61b2-9119-11e7-b720-005056c00001.bpmn20.xml','1ecc61b2-9119-11e7-b720-005056c00001.leave.png',NULL,0,1,1,''),('leave:21:e13e6077-911d-11e7-a391-005056c00001',1,'http://www.activiti.org/processdef','请假demo','leave',21,'e0f374c4-911d-11e7-a391-005056c00001','1ecc61b2-9119-11e7-b720-005056c00001.bpmn20.xml','1ecc61b2-9119-11e7-b720-005056c00001.leave.png',NULL,0,1,1,''),('leave:22:2dd9d41d-b3a7-11e7-9d79-2c4d5453f651',1,'http://www.activiti.org/processdef','test','leave',22,'2d3c82aa-b3a7-11e7-9d79-2c4d5453f651','919fc208-9c37-11e7-8ae4-005056c00001.bpmn20.xml','919fc208-9c37-11e7-8ae4-005056c00001.leave.png',NULL,0,1,1,''),('leave:23:5c297331-b3a7-11e7-9d79-2c4d5453f651',1,'http://www.activiti.org/processdef','test','leave',23,'5c1994ae-b3a7-11e7-9d79-2c4d5453f651','919fc208-9c37-11e7-8ae4-005056c00001.bpmn20.xml','919fc208-9c37-11e7-8ae4-005056c00001.leave.png',NULL,0,1,1,''),('leave:24:eef46701-b3b0-11e7-bb4f-2c4d5453f651',1,'http://www.activiti.org/processdef','idea+ov','leave',24,'eebba3be-b3b0-11e7-bb4f-2c4d5453f651','61eabc43-9c36-11e7-9e14-005056c00001.bpmn20.xml','61eabc43-9c36-11e7-9e14-005056c00001.leave.png',NULL,0,1,1,''),('leave:25:f6574585-b3b0-11e7-bb4f-2c4d5453f651',1,'http://www.activiti.org/processdef','idea+ov','leave',25,'f6434852-b3b0-11e7-bb4f-2c4d5453f651','61eabc43-9c36-11e7-9e14-005056c00001.bpmn20.xml','61eabc43-9c36-11e7-9e14-005056c00001.leave.png',NULL,0,1,1,''),('leave:26:548aeb90-c380-11e7-8db5-2c4d5453f651',1,'http://www.activiti.org/processdef','测试正确流程','leave',26,'545ed27d-c380-11e7-8db5-2c4d5453f651','ff9c84da-c37f-11e7-8db5-2c4d5453f651.bpmn20.xml','ff9c84da-c37f-11e7-8db5-2c4d5453f651.leave.png',NULL,0,1,1,''),('leave:27:85052',1,'http://www.activiti.org/processdef','请假demo','leave',27,'85049','1ecc61b2-9119-11e7-b720-005056c00001.bpmn20.xml','1ecc61b2-9119-11e7-b720-005056c00001.leave.png',NULL,0,1,1,''),('leave:28:85056',1,'http://www.activiti.org/processdef','请假demo','leave',28,'85053','1ecc61b2-9119-11e7-b720-005056c00001.bpmn20.xml','1ecc61b2-9119-11e7-b720-005056c00001.leave.png',NULL,0,1,1,''),('leave:29:92522',1,'http://www.activiti.org/processdef','cs01','leave',29,'92519','92516.bpmn20.xml','92516.leave.png',NULL,0,1,1,''),('leave:2:16',1,'http://www.activiti.org/processdef','请假1','leave',2,'13','3.bpmn20.xml','3.leave.png',NULL,0,1,1,''),('leave:30:95004',1,'http://www.activiti.org/processdef','cs01','leave',30,'95001','92516.bpmn20.xml','92516.leave.png',NULL,0,1,1,''),('leave:31:95014',1,'http://www.activiti.org/processdef','cs011','leave',31,'95011','92516.bpmn20.xml','92516.leave.png',NULL,0,1,1,''),('leave:32:102504',1,'http://www.activiti.org/processdef','cs011','leave',32,'102501','92516.bpmn20.xml','92516.leave.png',NULL,0,1,1,''),('leave:33:102508',1,'http://www.activiti.org/processdef','cs011','leave',33,'102505','92516.bpmn20.xml','92516.leave.png',NULL,0,1,1,''),('leave:34:105004',1,'http://www.activiti.org/processdef','cs011','leave',34,'105001','92516.bpmn20.xml','92516.leave.png',NULL,0,1,1,''),('leave:35:105008',1,'http://www.activiti.org/processdef','cs011','leave',35,'105005','92516.bpmn20.xml','92516.leave.png',NULL,0,1,1,''),('leave:36:105012',1,'http://www.activiti.org/processdef','cs011','leave',36,'105009','92516.bpmn20.xml','92516.leave.png',NULL,0,1,1,''),('leave:37:107516',1,'http://www.activiti.org/processdef','cs011','leave',37,'107513','92516.bpmn20.xml','92516.leave.png',NULL,0,1,1,''),('leave:3:20',1,'http://www.activiti.org/processdef','请假1','leave',3,'17','3.bpmn20.xml','3.leave.png',NULL,0,1,1,''),('leave:4:32519',1,'http://www.activiti.org/processdef','条件请假','leave',4,'32516','3.bpmn20.xml','3.leave.png',NULL,0,1,1,''),('leave:5:32523',1,'http://www.activiti.org/processdef','条件请假','leave',5,'32520','3.bpmn20.xml','3.leave.png',NULL,0,1,1,''),('leave:6:32533',1,'http://www.activiti.org/processdef','条件请假','leave',6,'32530','3.bpmn20.xml','3.leave.png',NULL,0,1,1,''),('leave:7:37598',1,'http://www.activiti.org/processdef','会签请假','leave',7,'37595','5.bpmn20.xml','5.leave.png',NULL,0,1,1,''),('leave:8:45030',1,'http://www.activiti.org/processdef','会签请假','leave',8,'45027','5.bpmn20.xml','5.leave.png',NULL,0,1,1,''),('leave:9:45065',1,'http://www.activiti.org/processdef','会签分支流程','leave',9,'45062','45059.bpmn20.xml','45059.leave.png',NULL,0,1,1,'');

/*Table structure for table `act_ru_event_subscr` */

DROP TABLE IF EXISTS `act_ru_event_subscr`;

CREATE TABLE `act_ru_event_subscr` (
  `ID_` varchar(64) COLLATE utf8_bin NOT NULL,
  `REV_` int(11) DEFAULT NULL,
  `EVENT_TYPE_` varchar(255) COLLATE utf8_bin NOT NULL,
  `EVENT_NAME_` varchar(255) COLLATE utf8_bin DEFAULT NULL,
  `EXECUTION_ID_` varchar(64) COLLATE utf8_bin DEFAULT NULL,
  `PROC_INST_ID_` varchar(64) COLLATE utf8_bin DEFAULT NULL,
  `ACTIVITY_ID_` varchar(64) COLLATE utf8_bin DEFAULT NULL,
  `CONFIGURATION_` varchar(255) COLLATE utf8_bin DEFAULT NULL,
  `CREATED_` timestamp(3) NOT NULL DEFAULT CURRENT_TIMESTAMP(3),
  `PROC_DEF_ID_` varchar(64) COLLATE utf8_bin DEFAULT NULL,
  `TENANT_ID_` varchar(255) COLLATE utf8_bin DEFAULT '',
  PRIMARY KEY (`ID_`),
  KEY `ACT_IDX_EVENT_SUBSCR_CONFIG_` (`CONFIGURATION_`),
  KEY `ACT_FK_EVENT_EXEC` (`EXECUTION_ID_`),
  CONSTRAINT `ACT_FK_EVENT_EXEC` FOREIGN KEY (`EXECUTION_ID_`) REFERENCES `act_ru_execution` (`ID_`)
) ENGINE=InnoDB DEFAULT CHARSET=utf8 COLLATE=utf8_bin;

/*Data for the table `act_ru_event_subscr` */

/*Table structure for table `act_ru_execution` */

DROP TABLE IF EXISTS `act_ru_execution`;

CREATE TABLE `act_ru_execution` (
  `ID_` varchar(64) COLLATE utf8_bin NOT NULL,
  `REV_` int(11) DEFAULT NULL,
  `PROC_INST_ID_` varchar(64) COLLATE utf8_bin DEFAULT NULL,
  `BUSINESS_KEY_` varchar(255) COLLATE utf8_bin DEFAULT NULL,
  `PARENT_ID_` varchar(64) COLLATE utf8_bin DEFAULT NULL,
  `PROC_DEF_ID_` varchar(64) COLLATE utf8_bin DEFAULT NULL,
  `SUPER_EXEC_` varchar(64) COLLATE utf8_bin DEFAULT NULL,
  `ACT_ID_` varchar(255) COLLATE utf8_bin DEFAULT NULL,
  `IS_ACTIVE_` tinyint(4) DEFAULT NULL,
  `IS_CONCURRENT_` tinyint(4) DEFAULT NULL,
  `IS_SCOPE_` tinyint(4) DEFAULT NULL,
  `IS_EVENT_SCOPE_` tinyint(4) DEFAULT NULL,
  `SUSPENSION_STATE_` int(11) DEFAULT NULL,
  `CACHED_ENT_STATE_` int(11) DEFAULT NULL,
  `TENANT_ID_` varchar(255) COLLATE utf8_bin DEFAULT '',
  `NAME_` varchar(255) COLLATE utf8_bin DEFAULT NULL,
  `LOCK_TIME_` timestamp(3) NULL DEFAULT NULL,
  PRIMARY KEY (`ID_`),
  KEY `ACT_IDX_EXEC_BUSKEY` (`BUSINESS_KEY_`),
  KEY `ACT_FK_EXE_PROCINST` (`PROC_INST_ID_`),
  KEY `ACT_FK_EXE_PARENT` (`PARENT_ID_`),
  KEY `ACT_FK_EXE_SUPER` (`SUPER_EXEC_`),
  KEY `ACT_FK_EXE_PROCDEF` (`PROC_DEF_ID_`),
  CONSTRAINT `ACT_FK_EXE_PARENT` FOREIGN KEY (`PARENT_ID_`) REFERENCES `act_ru_execution` (`ID_`),
  CONSTRAINT `ACT_FK_EXE_PROCDEF` FOREIGN KEY (`PROC_DEF_ID_`) REFERENCES `act_re_procdef` (`ID_`),
  CONSTRAINT `ACT_FK_EXE_PROCINST` FOREIGN KEY (`PROC_INST_ID_`) REFERENCES `act_ru_execution` (`ID_`) ON DELETE CASCADE ON UPDATE CASCADE,
  CONSTRAINT `ACT_FK_EXE_SUPER` FOREIGN KEY (`SUPER_EXEC_`) REFERENCES `act_ru_execution` (`ID_`)
) ENGINE=InnoDB DEFAULT CHARSET=utf8 COLLATE=utf8_bin;

/*Data for the table `act_ru_execution` */

insert  into `act_ru_execution`(`ID_`,`REV_`,`PROC_INST_ID_`,`BUSINESS_KEY_`,`PARENT_ID_`,`PROC_DEF_ID_`,`SUPER_EXEC_`,`ACT_ID_`,`IS_ACTIVE_`,`IS_CONCURRENT_`,`IS_SCOPE_`,`IS_EVENT_SCOPE_`,`SUSPENSION_STATE_`,`CACHED_ENT_STATE_`,`TENANT_ID_`,`NAME_`,`LOCK_TIME_`) values ('102509',1,'102509','f868d8fff2344fa2aa3d211aa8dd2cff',NULL,'leave:33:102508',NULL,'sid-F5676A61-8CCE-4323-9201-1701E71CD81F',1,0,1,0,1,2,'',NULL,NULL),('102515',1,'102515','155ebc882edc4e3ebbde4646a6fecc6e',NULL,'leave:33:102508',NULL,'sid-F5676A61-8CCE-4323-9201-1701E71CD81F',1,0,1,0,1,2,'',NULL,NULL),('107501',1,'107501','5dea09d964cf40e0b1e08feea348caeb',NULL,'leave:36:105012',NULL,'sid-F5676A61-8CCE-4323-9201-1701E71CD81F',1,0,1,0,1,2,'',NULL,NULL),('107507',1,'107507','5f634a51e18d4b179599ce48dd122aaf',NULL,'leave:36:105012',NULL,'sid-F5676A61-8CCE-4323-9201-1701E71CD81F',1,0,1,0,1,2,'',NULL,NULL),('85028',3,'85028','234213',NULL,'leave:21:e13e6077-911d-11e7-a391-005056c00001',NULL,'sid-B5F4FC84-5420-40E1-9EEF-255C4FA5327B',1,0,1,0,1,2,'',NULL,NULL);

/*Table structure for table `act_ru_identitylink` */

DROP TABLE IF EXISTS `act_ru_identitylink`;

CREATE TABLE `act_ru_identitylink` (
  `ID_` varchar(64) COLLATE utf8_bin NOT NULL,
  `REV_` int(11) DEFAULT NULL,
  `GROUP_ID_` varchar(255) COLLATE utf8_bin DEFAULT NULL,
  `TYPE_` varchar(255) COLLATE utf8_bin DEFAULT NULL,
  `USER_ID_` varchar(255) COLLATE utf8_bin DEFAULT NULL,
  `TASK_ID_` varchar(64) COLLATE utf8_bin DEFAULT NULL,
  `PROC_INST_ID_` varchar(64) COLLATE utf8_bin DEFAULT NULL,
  `PROC_DEF_ID_` varchar(64) COLLATE utf8_bin DEFAULT NULL,
  PRIMARY KEY (`ID_`),
  KEY `ACT_IDX_IDENT_LNK_USER` (`USER_ID_`),
  KEY `ACT_IDX_IDENT_LNK_GROUP` (`GROUP_ID_`),
  KEY `ACT_IDX_ATHRZ_PROCEDEF` (`PROC_DEF_ID_`),
  KEY `ACT_FK_TSKASS_TASK` (`TASK_ID_`),
  KEY `ACT_FK_IDL_PROCINST` (`PROC_INST_ID_`),
  CONSTRAINT `ACT_FK_ATHRZ_PROCEDEF` FOREIGN KEY (`PROC_DEF_ID_`) REFERENCES `act_re_procdef` (`ID_`),
  CONSTRAINT `ACT_FK_IDL_PROCINST` FOREIGN KEY (`PROC_INST_ID_`) REFERENCES `act_ru_execution` (`ID_`),
  CONSTRAINT `ACT_FK_TSKASS_TASK` FOREIGN KEY (`TASK_ID_`) REFERENCES `act_ru_task` (`ID_`)
) ENGINE=InnoDB DEFAULT CHARSET=utf8 COLLATE=utf8_bin;

/*Data for the table `act_ru_identitylink` */

insert  into `act_ru_identitylink`(`ID_`,`REV_`,`GROUP_ID_`,`TYPE_`,`USER_ID_`,`TASK_ID_`,`PROC_INST_ID_`,`PROC_DEF_ID_`) values ('102513',1,NULL,'participant','9270fc07603e457aba1c74d586615e64',NULL,'102509',NULL),('102519',1,NULL,'participant','9270fc07603e457aba1c74d586615e64',NULL,'102515',NULL),('107505',1,NULL,'participant','9270fc07603e457aba1c74d586615e64',NULL,'107501',NULL),('107511',1,NULL,'participant','9270fc07603e457aba1c74d586615e64',NULL,'107507',NULL),('85032',1,NULL,'participant','026a564bbfd84861ac4b65393644beef',NULL,'85028',NULL);

/*Table structure for table `act_ru_job` */

DROP TABLE IF EXISTS `act_ru_job`;

CREATE TABLE `act_ru_job` (
  `ID_` varchar(64) COLLATE utf8_bin NOT NULL,
  `REV_` int(11) DEFAULT NULL,
  `TYPE_` varchar(255) COLLATE utf8_bin NOT NULL,
  `LOCK_EXP_TIME_` timestamp(3) NULL DEFAULT NULL,
  `LOCK_OWNER_` varchar(255) COLLATE utf8_bin DEFAULT NULL,
  `EXCLUSIVE_` tinyint(1) DEFAULT NULL,
  `EXECUTION_ID_` varchar(64) COLLATE utf8_bin DEFAULT NULL,
  `PROCESS_INSTANCE_ID_` varchar(64) COLLATE utf8_bin DEFAULT NULL,
  `PROC_DEF_ID_` varchar(64) COLLATE utf8_bin DEFAULT NULL,
  `RETRIES_` int(11) DEFAULT NULL,
  `EXCEPTION_STACK_ID_` varchar(64) COLLATE utf8_bin DEFAULT NULL,
  `EXCEPTION_MSG_` varchar(4000) COLLATE utf8_bin DEFAULT NULL,
  `DUEDATE_` timestamp(3) NULL DEFAULT NULL,
  `REPEAT_` varchar(255) COLLATE utf8_bin DEFAULT NULL,
  `HANDLER_TYPE_` varchar(255) COLLATE utf8_bin DEFAULT NULL,
  `HANDLER_CFG_` varchar(4000) COLLATE utf8_bin DEFAULT NULL,
  `TENANT_ID_` varchar(255) COLLATE utf8_bin DEFAULT '',
  PRIMARY KEY (`ID_`),
  KEY `ACT_FK_JOB_EXCEPTION` (`EXCEPTION_STACK_ID_`),
  CONSTRAINT `ACT_FK_JOB_EXCEPTION` FOREIGN KEY (`EXCEPTION_STACK_ID_`) REFERENCES `act_ge_bytearray` (`ID_`)
) ENGINE=InnoDB DEFAULT CHARSET=utf8 COLLATE=utf8_bin;

/*Data for the table `act_ru_job` */

/*Table structure for table `act_ru_task` */

DROP TABLE IF EXISTS `act_ru_task`;

CREATE TABLE `act_ru_task` (
  `ID_` varchar(64) COLLATE utf8_bin NOT NULL,
  `REV_` int(11) DEFAULT NULL,
  `EXECUTION_ID_` varchar(64) COLLATE utf8_bin DEFAULT NULL,
  `PROC_INST_ID_` varchar(64) COLLATE utf8_bin DEFAULT NULL,
  `PROC_DEF_ID_` varchar(64) COLLATE utf8_bin DEFAULT NULL,
  `NAME_` varchar(255) COLLATE utf8_bin DEFAULT NULL,
  `PARENT_TASK_ID_` varchar(64) COLLATE utf8_bin DEFAULT NULL,
  `DESCRIPTION_` varchar(4000) COLLATE utf8_bin DEFAULT NULL,
  `TASK_DEF_KEY_` varchar(255) COLLATE utf8_bin DEFAULT NULL,
  `OWNER_` varchar(255) COLLATE utf8_bin DEFAULT NULL,
  `ASSIGNEE_` varchar(255) COLLATE utf8_bin DEFAULT NULL,
  `DELEGATION_` varchar(64) COLLATE utf8_bin DEFAULT NULL,
  `PRIORITY_` int(11) DEFAULT NULL,
  `CREATE_TIME_` timestamp(3) NULL DEFAULT NULL,
  `DUE_DATE_` datetime(3) DEFAULT NULL,
  `CATEGORY_` varchar(255) COLLATE utf8_bin DEFAULT NULL,
  `SUSPENSION_STATE_` int(11) DEFAULT NULL,
  `TENANT_ID_` varchar(255) COLLATE utf8_bin DEFAULT '',
  `FORM_KEY_` varchar(255) COLLATE utf8_bin DEFAULT NULL,
  PRIMARY KEY (`ID_`),
  KEY `ACT_IDX_TASK_CREATE` (`CREATE_TIME_`),
  KEY `ACT_FK_TASK_EXE` (`EXECUTION_ID_`),
  KEY `ACT_FK_TASK_PROCINST` (`PROC_INST_ID_`),
  KEY `ACT_FK_TASK_PROCDEF` (`PROC_DEF_ID_`),
  CONSTRAINT `ACT_FK_TASK_EXE` FOREIGN KEY (`EXECUTION_ID_`) REFERENCES `act_ru_execution` (`ID_`),
  CONSTRAINT `ACT_FK_TASK_PROCDEF` FOREIGN KEY (`PROC_DEF_ID_`) REFERENCES `act_re_procdef` (`ID_`),
  CONSTRAINT `ACT_FK_TASK_PROCINST` FOREIGN KEY (`PROC_INST_ID_`) REFERENCES `act_ru_execution` (`ID_`)
) ENGINE=InnoDB DEFAULT CHARSET=utf8 COLLATE=utf8_bin;

/*Data for the table `act_ru_task` */

insert  into `act_ru_task`(`ID_`,`REV_`,`EXECUTION_ID_`,`PROC_INST_ID_`,`PROC_DEF_ID_`,`NAME_`,`PARENT_TASK_ID_`,`DESCRIPTION_`,`TASK_DEF_KEY_`,`OWNER_`,`ASSIGNEE_`,`DELEGATION_`,`PRIORITY_`,`CREATE_TIME_`,`DUE_DATE_`,`CATEGORY_`,`SUSPENSION_STATE_`,`TENANT_ID_`,`FORM_KEY_`) values ('102512',2,'102509','102509','leave:33:102508','cs01',NULL,NULL,'sid-F5676A61-8CCE-4323-9201-1701E71CD81F',NULL,'9270fc07603e457aba1c74d586615e64',NULL,50,'2018-12-06 11:23:31.579',NULL,NULL,1,'',NULL),('102518',2,'102515','102515','leave:33:102508','cs01',NULL,NULL,'sid-F5676A61-8CCE-4323-9201-1701E71CD81F',NULL,'9270fc07603e457aba1c74d586615e64',NULL,50,'2018-12-06 11:24:41.173',NULL,NULL,1,'',NULL),('107504',2,'107501','107501','leave:36:105012','cs01',NULL,NULL,'sid-F5676A61-8CCE-4323-9201-1701E71CD81F',NULL,'9270fc07603e457aba1c74d586615e64',NULL,50,'2018-12-06 14:19:38.309',NULL,NULL,1,'',NULL),('107510',2,'107507','107507','leave:36:105012','cs01',NULL,NULL,'sid-F5676A61-8CCE-4323-9201-1701E71CD81F',NULL,'9270fc07603e457aba1c74d586615e64',NULL,50,'2018-12-06 14:20:17.412',NULL,NULL,1,'',NULL);

/*Table structure for table `act_ru_variable` */

DROP TABLE IF EXISTS `act_ru_variable`;

CREATE TABLE `act_ru_variable` (
  `ID_` varchar(64) COLLATE utf8_bin NOT NULL,
  `REV_` int(11) DEFAULT NULL,
  `TYPE_` varchar(255) COLLATE utf8_bin NOT NULL,
  `NAME_` varchar(255) COLLATE utf8_bin NOT NULL,
  `EXECUTION_ID_` varchar(64) COLLATE utf8_bin DEFAULT NULL,
  `PROC_INST_ID_` varchar(64) COLLATE utf8_bin DEFAULT NULL,
  `TASK_ID_` varchar(64) COLLATE utf8_bin DEFAULT NULL,
  `BYTEARRAY_ID_` varchar(64) COLLATE utf8_bin DEFAULT NULL,
  `DOUBLE_` double DEFAULT NULL,
  `LONG_` bigint(20) DEFAULT NULL,
  `TEXT_` varchar(4000) COLLATE utf8_bin DEFAULT NULL,
  `TEXT2_` varchar(4000) COLLATE utf8_bin DEFAULT NULL,
  PRIMARY KEY (`ID_`),
  KEY `ACT_IDX_VARIABLE_TASK_ID` (`TASK_ID_`),
  KEY `ACT_FK_VAR_EXE` (`EXECUTION_ID_`),
  KEY `ACT_FK_VAR_PROCINST` (`PROC_INST_ID_`),
  KEY `ACT_FK_VAR_BYTEARRAY` (`BYTEARRAY_ID_`),
  CONSTRAINT `ACT_FK_VAR_BYTEARRAY` FOREIGN KEY (`BYTEARRAY_ID_`) REFERENCES `act_ge_bytearray` (`ID_`),
  CONSTRAINT `ACT_FK_VAR_EXE` FOREIGN KEY (`EXECUTION_ID_`) REFERENCES `act_ru_execution` (`ID_`),
  CONSTRAINT `ACT_FK_VAR_PROCINST` FOREIGN KEY (`PROC_INST_ID_`) REFERENCES `act_ru_execution` (`ID_`)
) ENGINE=InnoDB DEFAULT CHARSET=utf8 COLLATE=utf8_bin;

/*Data for the table `act_ru_variable` */

insert  into `act_ru_variable`(`ID_`,`REV_`,`TYPE_`,`NAME_`,`EXECUTION_ID_`,`PROC_INST_ID_`,`TASK_ID_`,`BYTEARRAY_ID_`,`DOUBLE_`,`LONG_`,`TEXT_`,`TEXT2_`) values ('85035',1,'serializable','users','85028','85028',NULL,'85034',NULL,NULL,NULL,NULL);

/*Table structure for table `extend_act_business` */

DROP TABLE IF EXISTS `extend_act_business`;

CREATE TABLE `extend_act_business` (
  `id` varchar(32) NOT NULL,
  `name` varchar(100) DEFAULT NULL COMMENT '业务流程名字',
  `act_key` varchar(50) DEFAULT NULL COMMENT '流程key ',
  `classurl` varchar(150) DEFAULT NULL COMMENT '类路径',
  `type` varchar(1) DEFAULT NULL COMMENT '0=根节点 1=分组 2=业务类 3=回调',
  `parent_id` varchar(32) DEFAULT NULL COMMENT '父节点id',
  `sort` varchar(4) DEFAULT NULL COMMENT '同一级节点中的序号',
  `open` varchar(5) DEFAULT NULL COMMENT '是否展开',
  `remark` varchar(255) DEFAULT NULL COMMENT '备注',
  `create_id` varchar(32) DEFAULT NULL COMMENT '创建人Id',
  `create_time` datetime DEFAULT NULL,
  `update_id` varchar(255) DEFAULT NULL,
  `update_time` datetime DEFAULT NULL,
  `baid` varchar(32) DEFAULT NULL,
  `bapid` varchar(32) DEFAULT NULL,
  PRIMARY KEY (`id`)
) ENGINE=InnoDB DEFAULT CHARSET=utf8 COMMENT='业务流程  对应的 业务表';

/*Data for the table `extend_act_business` */

insert  into `extend_act_business`(`id`,`name`,`act_key`,`classurl`,`type`,`parent_id`,`sort`,`open`,`remark`,`create_id`,`create_time`,`update_id`,`update_time`,`baid`,`bapid`) values ('2dd79ea6652244b789cfeffbece4fec9','请假','leave','com.lmdsoft.modules.demo.entity.LeaveEntity','3','dc2c625a139e4b05bd8ee33e1fe38a40','1','true','请假流程','026a564bbfd84861ac4b65393644beef','2017-07-26 15:07:27','026a564bbfd84861ac4b65393644beef','2017-12-26 21:45:08','772a287903f14e01bc4077e5082823cf','6804cf9cd7eb46148183f16f99d5e6c6'),('518e01b3b7364867b0554232ee7b2a29','cs','cd','','4','578b21485ca64e6d840fbf8558d7b0dc','12','true','','9270fc07603e457aba1c74d586615e64','2018-12-05 10:19:35',NULL,NULL,NULL,NULL),('578b21485ca64e6d840fbf8558d7b0dc','cs','cs','','3','dc2c625a139e4b05bd8ee33e1fe38a40','1','true','','9270fc07603e457aba1c74d586615e64','2018-12-05 10:18:44','9270fc07603e457aba1c74d586615e64','2018-12-05 10:18:56',NULL,NULL),('79cc0fe7bac741d0a6d7f8d72bbee313','业务树根目录','root','111','1','79cc0fe7bac741d0a6d7f8d72bbee313','1','true','业务树初始化','026a564bbfd84861ac4b65393644beef','2017-07-25 21:43:52','026a564bbfd84861ac4b65393644beef','2017-07-26 15:14:43','772a287903f14e01bc4077e5082823cf','6804cf9cd7eb46148183f16f99d5e6c6'),('9146ff7b2d3248df8f89bef6fa5dfbd3','请假回调','leave_1','com.lmdsoft.modules.demo.callBack.ActCallBack','4','2dd79ea6652244b789cfeffbece4fec9','1','false','请假回调','026a564bbfd84861ac4b65393644beef','2017-07-27 16:30:27','026a564bbfd84861ac4b65393644beef','2017-12-26 21:45:58',NULL,NULL),('dc2c625a139e4b05bd8ee33e1fe38a40','人事部门','renshi','','2','79cc0fe7bac741d0a6d7f8d72bbee313','1','true','','026a564bbfd84861ac4b65393644beef','2017-07-27 11:22:58','026a564bbfd84861ac4b65393644beef','2017-09-04 09:58:06','772a287903f14e01bc4077e5082823cf','6804cf9cd7eb46148183f16f99d5e6c6');

/*Table structure for table `extend_act_flowbus` */

DROP TABLE IF EXISTS `extend_act_flowbus`;

CREATE TABLE `extend_act_flowbus` (
  `id` varchar(32) DEFAULT NULL,
  `bus_id` varchar(32) DEFAULT NULL COMMENT '业务ID',
  `status` varchar(6) DEFAULT NULL COMMENT '业务流程状态  1=草稿 2=审批中 3=结束',
  `start_time` datetime DEFAULT NULL COMMENT '流程发起时间',
  `instance_id` varchar(64) DEFAULT NULL COMMENT '流程实例id',
  `defid` varchar(64) DEFAULT NULL COMMENT '流程定义id',
  `start_user_Id` varchar(32) DEFAULT NULL COMMENT '流程发起人',
  `code` varchar(128) DEFAULT NULL COMMENT '业务流程单据编号',
  `act_key` varchar(128) DEFAULT NULL COMMENT '流程key',
  `table_name` varchar(255) DEFAULT NULL COMMENT '业务表名'
) ENGINE=InnoDB DEFAULT CHARSET=utf8 COMMENT='业务流程关系表与activitiBaseEntity中字段一样';

/*Data for the table `extend_act_flowbus` */

insert  into `extend_act_flowbus`(`id`,`bus_id`,`status`,`start_time`,`instance_id`,`defid`,`start_user_Id`,`code`,`act_key`,`table_name`) values ('87586ed1c91149dea7790ed64d055f5b','b183f379213d4199aa562399e931b55d','3','2017-09-04 11:04:01','b32fe90e-911d-11e7-a391-005056c00001','leave:20:4f8ad68c-911c-11e7-b720-005056c00001','026a564bbfd84861ac4b65393644beef','20170904104824','leave','leaveaply'),('6879826b4c364e91852649890767c66a','b183f379213d4199aa562399e931b55d','3','2017-09-04 11:22:33','4a6eb67c-9120-11e7-a391-005056c00001','leave:21:e13e6077-911d-11e7-a391-005056c00001','026a564bbfd84861ac4b65393644beef','20170904104824','leave','leaveaply'),('85705107192548bf9ad253df7e12f3c9','b183f379213d4199aa562399e931b55d','3','2017-09-04 11:33:05','c31aef84-9121-11e7-a391-005056c00001','leave:21:e13e6077-911d-11e7-a391-005056c00001','026a564bbfd84861ac4b65393644beef','20170904104824','leave','leaveaply'),('4f1a66f289c54952a9addde8490e74f0','b183f379213d4199aa562399e931b55d','3','2017-09-04 13:10:53','6ce5cfd5-912f-11e7-a391-005056c00001','leave:21:e13e6077-911d-11e7-a391-005056c00001','026a564bbfd84861ac4b65393644beef','20170904104824','leave','leaveaply'),('2d1a6c36024843c291f50596fcc31a31','f868d8fff2344fa2aa3d211aa8dd2cff','3','2017-09-15 08:49:43','c303c558-99af-11e7-a548-005056c00001','leave:21:e13e6077-911d-11e7-a391-005056c00001','026a564bbfd84861ac4b65393644beef','20170904132310','leave','leaveaply'),('732e1779e6614d67b4065b8b9a89c489','234213','3','2017-12-27 15:03:26','85007','leave:21:e13e6077-911d-11e7-a391-005056c00001','026a564bbfd84861ac4b65393644beef','20171227145750','leave','leaveaply'),('9ce73c614c284028929b20e6292a0176','234213','2','2017-12-27 15:19:09','85028','leave:21:e13e6077-911d-11e7-a391-005056c00001','026a564bbfd84861ac4b65393644beef','20171227145750','leave','leaveaply'),('9342bff172414e65982d78fb29ff4ce8','baff7269542f47e48ec267e89a229eb3','3','2017-12-27 15:26:08','85057','leave:28:85056','026a564bbfd84861ac4b65393644beef','20171227152554','leave','leaveaply'),('e5b1bab398b442c996a6d093f2493da3','234','3','2017-12-27 15:30:32','85076','leave:28:85056','026a564bbfd84861ac4b65393644beef','20171227143559','leave','leaveaply'),('c445b647dcb041d3b3a79f1ccf8a2f19','d615ee60beb049dba05c315776762bdb','3','2018-10-02 16:03:35','90001','leave:28:85056','9270fc07603e457aba1c74d586615e64','20171107134758','leave','leaveaply'),('3c4c119e53004f538434557ec86dfdf1','d615ee60beb049dba05c315776762bdb','3','2018-12-05 13:47:11','95005','leave:30:95004','9270fc07603e457aba1c74d586615e64','20171107134758','leave','leaveaply'),('5e107cc0ea944b22a5a90a9c8271829e','5dea09d964cf40e0b1e08feea348caeb','3','2018-12-05 14:53:48','95015','leave:31:95014','9270fc07603e457aba1c74d586615e64','20181205103547','leave','leaveaply'),('0423f266cb524f5299f948329255a361','f868d8fff2344fa2aa3d211aa8dd2cff','3','2018-12-05 18:14:23','97501','leave:31:95014','9270fc07603e457aba1c74d586615e64','20170904132310','leave','leaveaply'),('6f1e87f94a7c4ce291e6e772c7822ddd','155ebc882edc4e3ebbde4646a6fecc6e','3','2018-12-05 18:16:04','97507','leave:31:95014','9270fc07603e457aba1c74d586615e64','20181205181551','leave','leaveaply'),('f7a6e5d504a94ae6a9975be0601bff7a','3879656a618649c8b59971dc8cd57c5b','3','2018-12-05 18:22:41','100001','leave:31:95014','9270fc07603e457aba1c74d586615e64','20181205182216','leave','leaveaply'),('5eee7f59b7c74c7f914ffb368b2240c3','f868d8fff2344fa2aa3d211aa8dd2cff','2','2018-12-06 11:23:32','102509','leave:33:102508','9270fc07603e457aba1c74d586615e64','20170904132310','leave','leaveaply'),('7ee1fb6eda064c72936c4b3433d8c4f6','155ebc882edc4e3ebbde4646a6fecc6e','2','2018-12-06 11:24:41','102515','leave:33:102508','9270fc07603e457aba1c74d586615e64','20181205181551','leave','leaveaply'),('d945e687c9e74109975150afd8c8c935','5dea09d964cf40e0b1e08feea348caeb','2','2018-12-06 14:19:38','107501','leave:36:105012','9270fc07603e457aba1c74d586615e64','20181205103547','leave','leaveaply'),('6eb6ebf1f8a94237af369782912695a5','5f634a51e18d4b179599ce48dd122aaf','2','2018-12-06 14:20:17','107507','leave:36:105012','9270fc07603e457aba1c74d586615e64','20181206142005','leave','leaveaply'),('3260a6b78c254b6d9d2f310a0fd72b92','c997b37d6fcf4b189afdf8d4b009d222','3','2018-12-06 14:20:52','107517','leave:37:107516','9270fc07603e457aba1c74d586615e64','20181206142040','leave','leaveaply');

/*Table structure for table `extend_act_model` */

DROP TABLE IF EXISTS `extend_act_model`;

CREATE TABLE `extend_act_model` (
  `id` varchar(32) COLLATE utf8mb4_unicode_ci NOT NULL DEFAULT '' COMMENT '主键ID',
  `act_version` int(11) DEFAULT NULL COMMENT '版本号',
  `extend_act_business_id` varchar(64) COLLATE utf8mb4_unicode_ci DEFAULT NULL COMMENT '关联的 业务表 ID',
  `deployment_id` varchar(64) COLLATE utf8mb4_unicode_ci DEFAULT NULL COMMENT 'activiti中的部署表id',
  `description` varchar(200) COLLATE utf8mb4_unicode_ci DEFAULT NULL COMMENT '描述',
  `model_id` varchar(64) COLLATE utf8mb4_unicode_ci DEFAULT NULL COMMENT 'activiti中的模型表id',
  `name` varchar(200) COLLATE utf8mb4_unicode_ci DEFAULT NULL COMMENT '名称',
  `status` varchar(1) COLLATE utf8mb4_unicode_ci DEFAULT NULL COMMENT '发布状态 1:已发布 2：未发布',
  `baid` varchar(32) COLLATE utf8mb4_unicode_ci DEFAULT NULL COMMENT '部门(组织)ID【FK】,直接归属的组织ID',
  `bapid` varchar(32) COLLATE utf8mb4_unicode_ci DEFAULT NULL COMMENT '机构ID【FK】(上级)',
  `code` varchar(64) COLLATE utf8mb4_unicode_ci DEFAULT NULL COMMENT '业务流程单据编号',
  `defid` varchar(64) COLLATE utf8mb4_unicode_ci DEFAULT NULL COMMENT '流程定义id',
  `instance_id` varchar(64) COLLATE utf8mb4_unicode_ci DEFAULT NULL COMMENT '流程实例id',
  `start_time` datetime DEFAULT NULL COMMENT '流程发起时间',
  `remark` varchar(250) COLLATE utf8mb4_unicode_ci DEFAULT NULL,
  `update_id` varchar(32) COLLATE utf8mb4_unicode_ci DEFAULT NULL COMMENT '更新人id',
  `update_time` datetime DEFAULT NULL COMMENT '更新时间',
  `create_time` datetime DEFAULT NULL COMMENT '新增时间',
  `create_id` varchar(32) COLLATE utf8mb4_unicode_ci DEFAULT NULL COMMENT '新增人id',
  PRIMARY KEY (`id`)
) ENGINE=InnoDB DEFAULT CHARSET=utf8mb4 COLLATE=utf8mb4_unicode_ci COMMENT='流程模板扩展表';

/*Data for the table `extend_act_model` */

insert  into `extend_act_model`(`id`,`act_version`,`extend_act_business_id`,`deployment_id`,`description`,`model_id`,`name`,`status`,`baid`,`bapid`,`code`,`defid`,`instance_id`,`start_time`,`remark`,`update_id`,`update_time`,`create_time`,`create_id`) values ('0476a4f2889749fcb79331fd71f38021',1,'578b21485ca64e6d840fbf8558d7b0dc',NULL,'','92501','cs','0',NULL,NULL,NULL,NULL,NULL,NULL,NULL,NULL,NULL,'2018-12-05 10:19:55','9270fc07603e457aba1c74d586615e64'),('4915e6e4fd4a44f6b574f3760c5dcf69',1,'2dd79ea6652244b789cfeffbece4fec9',NULL,'请假demo','1ecc61b2-9119-11e7-b720-005056c00001','请假demo','0','4ec329625a1047ea87a8dfe8dd0750d1','a694d140b8e44eb2baa5f26435c6a7f8',NULL,NULL,NULL,NULL,NULL,'026a564bbfd84861ac4b65393644beef','2017-09-04 10:39:22','2017-09-04 10:31:13','9270fc07603e457aba1c74d586615e64'),('65d40074f4b0457180b7e6abab025e75',1,'2dd79ea6652244b789cfeffbece4fec9',NULL,'','ff9c84da-c37f-11e7-8db5-2c4d5453f651','测试正确流程','0','4ec329625a1047ea87a8dfe8dd0750d1','a694d140b8e44eb2baa5f26435c6a7f8',NULL,NULL,NULL,NULL,NULL,NULL,NULL,'2017-11-07 13:53:37','9270fc07603e457aba1c74d586615e64'),('88f468df7dfb489e949037e02590396f',1,'2dd79ea6652244b789cfeffbece4fec9',NULL,'tew','919fc208-9c37-11e7-8ae4-005056c00001','test','0','4ec329625a1047ea87a8dfe8dd0750d1','a694d140b8e44eb2baa5f26435c6a7f8',NULL,NULL,NULL,NULL,NULL,'026a564bbfd84861ac4b65393644beef','2017-10-12 10:20:38','2017-09-18 14:06:54','9270fc07603e457aba1c74d586615e64'),('96dc74e55c9c4e7b84e5309faddb8bdf',1,'2dd79ea6652244b789cfeffbece4fec9',NULL,'324','61eabc43-9c36-11e7-9e14-005056c00001','idea+ov','0','4ec329625a1047ea87a8dfe8dd0750d1','a694d140b8e44eb2baa5f26435c6a7f8',NULL,NULL,NULL,NULL,NULL,NULL,NULL,'2017-09-18 13:58:24','9270fc07603e457aba1c74d586615e64'),('df531a13d4e54e2493c31c8b0194d3f3',1,'2dd79ea6652244b789cfeffbece4fec9',NULL,'','92516','cs011','0',NULL,NULL,NULL,NULL,NULL,NULL,NULL,'9270fc07603e457aba1c74d586615e64','2018-12-05 14:22:17','2018-12-05 10:28:21','9270fc07603e457aba1c74d586615e64');

/*Table structure for table `extend_act_nodefield` */

DROP TABLE IF EXISTS `extend_act_nodefield`;

CREATE TABLE `extend_act_nodefield` (
  `id` varchar(32) NOT NULL,
  `node_id` varchar(64) DEFAULT NULL COMMENT '节点id',
  `field_name` varchar(64) DEFAULT NULL COMMENT '字段名称',
  `field_type` varchar(2) DEFAULT NULL COMMENT '字段类型  1=可写(可写的也能读) 2=参与连线判断',
  `rule` varchar(10) DEFAULT NULL COMMENT '判断规则 "==",">=","<=",">","<"',
  `field_val` varchar(64) DEFAULT NULL COMMENT '条件值',
  `el_operator` varchar(4) DEFAULT NULL COMMENT 'el表达式 运算符 &&=并且，||=或',
  `sort` varchar(6) DEFAULT NULL COMMENT '同一节点条件排序',
  PRIMARY KEY (`id`)
) ENGINE=InnoDB DEFAULT CHARSET=utf8 COMMENT='流程节点对应的字段权限表';

/*Data for the table `extend_act_nodefield` */

insert  into `extend_act_nodefield`(`id`,`node_id`,`field_name`,`field_type`,`rule`,`field_val`,`el_operator`,`sort`) values ('1500e4b239a047dbb99e57ce36873af0','sid-58BC8202-1E1A-4A19-B71B-2DD134D64DA4','day',NULL,'小于','3',NULL,'0'),('185cc8abe8f740e8a2d4ade23fd143fb','sid-6AF427D8-4C86-46F4-B387-C71D9E9ADAFC','day',NULL,'小于','4',NULL,'0'),('9ad67d2c0ede4065966a9bc39f51804d','sid-58BC8202-1E1A-4A19-B71B-2DD134D64DA4','day',NULL,'小于','3',NULL,'0'),('9cc33a7ede8745fe9e432b91cf24ad84','sid-5FCEA01A-5210-449F-82AA-28AEEE3478EF','day',NULL,'大于','3',NULL,'0'),('db663432da984b1abed774735e812bef','sid-AF8542E3-2579-4F4C-967B-A1F3A7344FF7','day',NULL,'大于','4',NULL,'0');

/*Table structure for table `extend_act_nodeset` */

DROP TABLE IF EXISTS `extend_act_nodeset`;

CREATE TABLE `extend_act_nodeset` (
  `id` varchar(32) NOT NULL,
  `model_id` varchar(64) DEFAULT NULL COMMENT '模型id',
  `defid` varchar(64) DEFAULT NULL COMMENT '流程定义id',
  `node_id` varchar(64) DEFAULT NULL COMMENT ' 流程节点id',
  `node_type` varchar(5) DEFAULT NULL COMMENT '流程节点类型 =开始节点 2=审批节点 3=分支 4=连线 5=结束节点',
  `node_action` varchar(5) DEFAULT NULL COMMENT '节点行为 2 的时候 ,1=审批 2=会签',
  `change_files` varchar(1024) DEFAULT NULL COMMENT '可更改的字段数据，以逗号隔开',
  `call_back` varchar(255) DEFAULT NULL COMMENT '业务回调函数',
  PRIMARY KEY (`id`)
) ENGINE=InnoDB DEFAULT CHARSET=utf8 COMMENT='流程节点配置';

/*Data for the table `extend_act_nodeset` */

insert  into `extend_act_nodeset`(`id`,`model_id`,`defid`,`node_id`,`node_type`,`node_action`,`change_files`,`call_back`) values ('','1ecc61b2-9119-11e7-b720-005056c00001',NULL,'sid-58BC8202-1E1A-4A19-B71B-2DD134D64DA4','4','1',NULL,''),('26e6d251bef742d5ae19b8ef82f5b2af','92516',NULL,'sid-7A12762F-A735-4BB5-BA28-7FF3F21F39D6','2','1',NULL,''),('2710ccae039c468eb1d56a59f63b4064','1ecc61b2-9119-11e7-b720-005056c00001',NULL,'sid-B5F4FC84-5420-40E1-9EEF-255C4FA5327B','2','1',NULL,''),('2b253727a8954701b3eb153ebf0c6f2b','1ecc61b2-9119-11e7-b720-005056c00001',NULL,'sid-7BE97040-9CC7-4BEE-B04F-03FF2E5F478F','2','1','day',''),('34141a4ea65a4a26823fa96fa44b2829','1ecc61b2-9119-11e7-b720-005056c00001',NULL,'sid-2DD616A5-34A7-4C6B-907D-9120165C4495','2','1','day',''),('36d3931484e14eee9c99d77990f9646e','92516',NULL,'sid-6AF427D8-4C86-46F4-B387-C71D9E9ADAFC','4','1',NULL,''),('48406117a24348cfa9f12dfdb4b8929f','1ecc61b2-9119-11e7-b720-005056c00001',NULL,'sid-5FCEA01A-5210-449F-82AA-28AEEE3478EF','4','1',NULL,''),('531742d59e104da8ba9238933b1169f6','1ecc61b2-9119-11e7-b720-005056c00001',NULL,'sid-9386E495-F7E3-4D58-B943-CBB4A1A34D7B','2','1','day',''),('5852987df56e4d86a9f0ecfc5ba9212d','1ecc61b2-9119-11e7-b720-005056c00001',NULL,'sid-84D12022-7E08-414A-B80D-BA94F89CE906','2','2','day',''),('5f41fb61b94245e29e9b8770739e0db7','1ecc61b2-9119-11e7-b720-005056c00001',NULL,'sid-58BC8202-1E1A-4A19-B71B-2DD134D64DA4','4','1',NULL,''),('68a3369bcf5c469ba72e2fae33d490af','1ecc61b2-9119-11e7-b720-005056c00001',NULL,'sid-CC1914F3-E618-4028-9EAF-DE447F0F82C7','5','1',NULL,''),('6c4f49a43af44e718135f643874b3e46','92516',NULL,'sid-5A7B2442-8589-46C8-9FA7-DD5DACDA574C','2','1','day,title','com.lmdsoft.modules.demo.callBack.ActCallBack'),('751991a5ded143158e4f0502ecbcdb2e','92516',NULL,'sid-A30C477F-76F9-4C38-B057-CDA094A2B817','2','1',NULL,''),('7ad4caf4d7094754a8c87befbf8d974c','1ecc61b2-9119-11e7-b720-005056c00001',NULL,'sid-D27D784B-758D-47D8-9D5B-D10FDA7C359E','2','1','day,title',''),('811482f5d6cb4732939e9e22ec876bde','1ecc61b2-9119-11e7-b720-005056c00001',NULL,'sid-7D994D6E-7B22-4548-9FD2-AF6877A6CB90','2','1','day',''),('87bf62c581cb472a9adfa65fe8667534','ff9c84da-c37f-11e7-8db5-2c4d5453f651',NULL,'sid-8A005349-FDF2-47E2-9D41-9758C42DF221','5','1',NULL,''),('925f8d14e53b4e1d8cd23ca197848b0c','92516',NULL,'sid-89C628F1-4139-4A09-A671-D66EF08FA979','5','1',NULL,'com.lmdsoft.modules.demo.callBack.ActCallBack'),('9bf0d078d376411eb2f6b73f87f3fedb','1ecc61b2-9119-11e7-b720-005056c00001',NULL,'sid-DF161339-F813-4B41-8DB9-7CAEF3919980','2','1','day',''),('a2cedf0c26134f8e8b420db66fccd587','92516',NULL,'sid-AF8542E3-2579-4F4C-967B-A1F3A7344FF7','4','1',NULL,''),('a6ba0100f58c4a8293fd4a8d397605a3','1ecc61b2-9119-11e7-b720-005056c00001',NULL,'sid-E6B72C1D-D108-4767-A9B1-263F80FADCCE','5','1',NULL,'com.lmdsoft.demo.callBack.ActCallBack.leaveBack'),('a8ee928e218c419ab5e7ff765dc7fe41','1ecc61b2-9119-11e7-b720-005056c00001',NULL,'sid-115F3044-1FC9-4843-8D0B-02C648D0EB93','2','1','day,title',''),('b3855202e9a8457e89e2c0a66dbc67f3','919fc208-9c37-11e7-8ae4-005056c00001',NULL,'sid-CDFCCF33-007A-4B60-9D08-FFF6D57E8C88','5','1',NULL,''),('bc30eb41593f49008f37419fceb78e14','ff9c84da-c37f-11e7-8db5-2c4d5453f651',NULL,'sid-02D095D6-CA43-4950-AECC-805A66CFBE41','2','1',NULL,''),('c2dcf1b846e94ed0ad9d13f4f7fdf6a1','1ecc61b2-9119-11e7-b720-005056c00001',NULL,'sid-10687E45-2376-4709-9E4A-782EA48196A2','2','1','day',''),('c617bf200c3542f498412a5fcbc09408','1ecc61b2-9119-11e7-b720-005056c00001',NULL,'sid-04675112-6F1B-4E43-BDFC-6C463FA63C2C','4','1',NULL,''),('cc72ce6bf7864471bbbbac6a0e016b15','92516',NULL,'sid-F5676A61-8CCE-4323-9201-1701E71CD81F','2','1','day','com.lmdsoft.modules.demo.callBack.ActCallBack'),('cd2fa253c06741fd9fe6e9d87a0093e8','1ecc61b2-9119-11e7-b720-005056c00001',NULL,'sid-D5CC28F9-CEED-4A7F-8E4C-082D557E6DBA','4','1',NULL,''),('e4257388c151438880720d400455b64b','ff9c84da-c37f-11e7-8db5-2c4d5453f651',NULL,'sid-6C9C1B1C-B8B3-4458-A6BF-19680C677F86','2','1',NULL,''),('f9730a0076c64e5387611f9e2f049b1a','92516',NULL,'sid-CE6842C8-B248-40D6-B25D-FCE5FAFD7B78','2','1',NULL,'com.lmdsoft.modules.demo.callBack.ActCallBack');

/*Table structure for table `extend_act_nodeuser` */

DROP TABLE IF EXISTS `extend_act_nodeuser`;

CREATE TABLE `extend_act_nodeuser` (
  `id` varchar(32) NOT NULL,
  `node_id` varchar(64) NOT NULL COMMENT '节点id',
  `user_type` varchar(2) DEFAULT NULL COMMENT '用户类型 1=用户 2=角色 3=组织',
  PRIMARY KEY (`id`,`node_id`)
) ENGINE=InnoDB DEFAULT CHARSET=utf8 COMMENT='节点可选人';

/*Data for the table `extend_act_nodeuser` */

insert  into `extend_act_nodeuser`(`id`,`node_id`,`user_type`) values ('026a564bbfd84861ac4b65393644beef','sid-02D095D6-CA43-4950-AECC-805A66CFBE41','1'),('026a564bbfd84861ac4b65393644beef','sid-10687E45-2376-4709-9E4A-782EA48196A2','1'),('026a564bbfd84861ac4b65393644beef','sid-115F3044-1FC9-4843-8D0B-02C648D0EB93','1'),('026a564bbfd84861ac4b65393644beef','sid-2DD616A5-34A7-4C6B-907D-9120165C4495','1'),('026a564bbfd84861ac4b65393644beef','sid-6C9C1B1C-B8B3-4458-A6BF-19680C677F86','1'),('026a564bbfd84861ac4b65393644beef','sid-7BE97040-9CC7-4BEE-B04F-03FF2E5F478F','1'),('026a564bbfd84861ac4b65393644beef','sid-84D12022-7E08-414A-B80D-BA94F89CE906','1'),('026a564bbfd84861ac4b65393644beef','sid-9386E495-F7E3-4D58-B943-CBB4A1A34D7B','1'),('026a564bbfd84861ac4b65393644beef','sid-B5F4FC84-5420-40E1-9EEF-255C4FA5327B','1'),('026a564bbfd84861ac4b65393644beef','sid-D27D784B-758D-47D8-9D5B-D10FDA7C359E','1'),('026a564bbfd84861ac4b65393644beef','sid-DF161339-F813-4B41-8DB9-7CAEF3919980','1'),('1890471a658f4fbebbc67960eea6cfaa','sid-115F3044-1FC9-4843-8D0B-02C648D0EB93','1'),('1890471a658f4fbebbc67960eea6cfaa','sid-2DD616A5-34A7-4C6B-907D-9120165C4495','1'),('1890471a658f4fbebbc67960eea6cfaa','sid-84D12022-7E08-414A-B80D-BA94F89CE906','1'),('1890471a658f4fbebbc67960eea6cfaa','sid-B5F4FC84-5420-40E1-9EEF-255C4FA5327B','1'),('1890471a658f4fbebbc67960eea6cfaa','sid-D27D784B-758D-47D8-9D5B-D10FDA7C359E','1'),('2408ef8373e94a20a2156bdfa8047e37','sid-5A7B2442-8589-46C8-9FA7-DD5DACDA574C','1'),('44b66661d5954f36a26465d96e837cf7','sid-84D12022-7E08-414A-B80D-BA94F89CE906','1'),('44b66661d5954f36a26465d96e837cf7','sid-B5F4FC84-5420-40E1-9EEF-255C4FA5327B','1'),('4df0426bb7014e95b945ec960917c247','sid-F5676A61-8CCE-4323-9201-1701E71CD81F','3'),('58ecec3bba4447bf88f9079212b8e69e','sid-F5676A61-8CCE-4323-9201-1701E71CD81F','3'),('82b83e9b275b48ff9278a8b697d4ae5b','sid-F5676A61-8CCE-4323-9201-1701E71CD81F','3'),('9270fc07603e457aba1c74d586615e64','sid-5A7B2442-8589-46C8-9FA7-DD5DACDA574C','1'),('9270fc07603e457aba1c74d586615e64','sid-7A12762F-A735-4BB5-BA28-7FF3F21F39D6','1'),('9270fc07603e457aba1c74d586615e64','sid-A30C477F-76F9-4C38-B057-CDA094A2B817','1'),('9270fc07603e457aba1c74d586615e64','sid-CE6842C8-B248-40D6-B25D-FCE5FAFD7B78','1'),('9390b6e3683c425ca389efe7aa6af4b1','sid-10687E45-2376-4709-9E4A-782EA48196A2','1'),('9390b6e3683c425ca389efe7aa6af4b1','sid-7BE97040-9CC7-4BEE-B04F-03FF2E5F478F','1'),('9390b6e3683c425ca389efe7aa6af4b1','sid-9386E495-F7E3-4D58-B943-CBB4A1A34D7B','1'),('98df0e92788c416a9fb983e89a8d01ce','sid-02D095D6-CA43-4950-AECC-805A66CFBE41','1'),('98df0e92788c416a9fb983e89a8d01ce','sid-6C9C1B1C-B8B3-4458-A6BF-19680C677F86','1'),('98df0e92788c416a9fb983e89a8d01ce','sid-7D994D6E-7B22-4548-9FD2-AF6877A6CB90','1'),('98df0e92788c416a9fb983e89a8d01ce','sid-DF161339-F813-4B41-8DB9-7CAEF3919980','1'),('f68afc12a1924deaa2051154fe0efecc','sid-02D095D6-CA43-4950-AECC-805A66CFBE41','1'),('f68afc12a1924deaa2051154fe0efecc','sid-6C9C1B1C-B8B3-4458-A6BF-19680C677F86','1');

/*Table structure for table `extend_act_tasklog` */

DROP TABLE IF EXISTS `extend_act_tasklog`;

CREATE TABLE `extend_act_tasklog` (
  `id` varchar(32) NOT NULL,
  `bus_id` varchar(255) DEFAULT NULL COMMENT '业务id',
  `def_id` varchar(255) DEFAULT NULL COMMENT '流程定义id',
  `instance_id` varchar(255) DEFAULT NULL COMMENT '流程实例Id',
  `task_id` varchar(255) DEFAULT NULL COMMENT '名称',
  `task_Name` varchar(128) DEFAULT NULL COMMENT '流程任务名称',
  `advance_id` varchar(32) DEFAULT NULL COMMENT '预处理人',
  `deal_id` varchar(32) DEFAULT NULL COMMENT '办理人',
  `deal_time` datetime DEFAULT NULL COMMENT '办理时间',
  `agen_id` varchar(32) DEFAULT NULL COMMENT '代理人',
  `app_opinion` varchar(255) DEFAULT NULL COMMENT '审批意见',
  `app_action` varchar(6) DEFAULT NULL COMMENT '审批行为 同意、不同意、驳回、会签 等',
  `is_sign` varchar(6) DEFAULT NULL COMMENT '是否显示签名',
  `columns` varchar(2000) DEFAULT NULL COMMENT '业务表更改的字段记录',
  `create_time` datetime DEFAULT NULL COMMENT '任务创建时间',
  PRIMARY KEY (`id`)
) ENGINE=InnoDB DEFAULT CHARSET=utf8;

/*Data for the table `extend_act_tasklog` */

insert  into `extend_act_tasklog`(`id`,`bus_id`,`def_id`,`instance_id`,`task_id`,`task_Name`,`advance_id`,`deal_id`,`deal_time`,`agen_id`,`app_opinion`,`app_action`,`is_sign`,`columns`,`create_time`) values ('01cc6b2a3f5c49edbc272bef90c07c62','b183f379213d4199aa562399e931b55d','leave:21:e13e6077-911d-11e7-a391-005056c00001','6ce5cfd5-912f-11e7-a391-005056c00001',NULL,'提交',NULL,'026a564bbfd84861ac4b65393644beef','2017-09-04 13:10:53',NULL,NULL,'1',NULL,NULL,NULL),('07cc326aee69403390c3c0525ecb9e17','5f634a51e18d4b179599ce48dd122aaf','leave:36:105012','107507','107510','cs01','9270fc07603e457aba1c74d586615e64',NULL,NULL,NULL,NULL,NULL,NULL,NULL,'2018-12-06 14:20:17'),('0faa045a1e274961815dbaf325c114f9','baff7269542f47e48ec267e89a229eb3','leave:28:85056','85057','85064','会签','026a564bbfd84861ac4b65393644beef','026a564bbfd84861ac4b65393644beef','2017-12-27 15:28:37',NULL,'','1',NULL,'','2017-12-27 15:26:08'),('105c4b1bf8cb4e6fa6fc9fadedce7ca7','b183f379213d4199aa562399e931b55d','leave:21:e13e6077-911d-11e7-a391-005056c00001','6ce5cfd5-912f-11e7-a391-005056c00001','95d00e2b-912f-11e7-a391-005056c00001','会签','1890471a658f4fbebbc67960eea6cfaa','026a564bbfd84861ac4b65393644beef','2017-09-04 13:12:31',NULL,'同意','1',NULL,'','2017-09-04 13:10:53'),('15a378da25a1469a8f0e037d3bef8709','5dea09d964cf40e0b1e08feea348caeb','leave:31:95014','95015','95018','cs01','9270fc07603e457aba1c74d586615e64','9270fc07603e457aba1c74d586615e64','2018-12-05 18:24:40',NULL,'','4',NULL,NULL,'2018-12-05 14:53:48'),('1751855848ce473aac43ae2c770e60aa','155ebc882edc4e3ebbde4646a6fecc6e','leave:31:95014','97507','97510','cs01','9270fc07603e457aba1c74d586615e64','9270fc07603e457aba1c74d586615e64','2018-12-05 18:25:53',NULL,'','4',NULL,NULL,'2018-12-05 18:16:04'),('1858545f26174961b900f239f58e89a5','b183f379213d4199aa562399e931b55d','leave:21:e13e6077-911d-11e7-a391-005056c00001','6ce5cfd5-912f-11e7-a391-005056c00001','c2a12396-912f-11e7-a391-005056c00001','部门经理','026a564bbfd84861ac4b65393644beef','026a564bbfd84861ac4b65393644beef','2017-09-04 13:13:52',NULL,'同意,已收到','1',NULL,'','2017-09-04 13:12:55'),('19aade2e930d4438a255090e3c1d70de','234213','leave:21:e13e6077-911d-11e7-a391-005056c00001','85007','85025','会签','026a564bbfd84861ac4b65393644beef','026a564bbfd84861ac4b65393644beef','2017-12-27 15:18:50',NULL,'','4',NULL,NULL,'2017-12-27 15:03:26'),('1f7ca61d9f8443098ec24bf26510cd9e','b183f379213d4199aa562399e931b55d','leave:21:e13e6077-911d-11e7-a391-005056c00001','6ce5cfd5-912f-11e7-a391-005056c00001','6ce61df8-912f-11e7-a391-005056c00001','拟稿','026a564bbfd84861ac4b65393644beef','026a564bbfd84861ac4b65393644beef','2017-09-04 13:12:08',NULL,'','1',NULL,'','2017-09-04 13:10:53'),('20640abbcb664e6d95c1f4700333e713','f868d8fff2344fa2aa3d211aa8dd2cff','leave:31:95014','97501',NULL,'提交',NULL,'9270fc07603e457aba1c74d586615e64','2018-12-05 18:14:23',NULL,NULL,'1',NULL,NULL,NULL),('22af18f7591a4ddfac6029fa26ffc743','234','leave:28:85056','85076',NULL,'提交',NULL,'026a564bbfd84861ac4b65393644beef','2017-12-27 15:30:32',NULL,NULL,'1',NULL,NULL,NULL),('2591b5b829b0444d80852eb4705c27ea','f868d8fff2344fa2aa3d211aa8dd2cff','leave:31:95014','97501','97504','cs01','9270fc07603e457aba1c74d586615e64','9270fc07603e457aba1c74d586615e64','2018-12-05 18:26:20',NULL,'','4',NULL,NULL,'2018-12-05 18:14:23'),('2697108349b9407a92f8bbf083027264','f868d8fff2344fa2aa3d211aa8dd2cff','leave:21:e13e6077-911d-11e7-a391-005056c00001','c303c558-99af-11e7-a548-005056c00001','c3091c8b-99af-11e7-a548-005056c00001','拟稿','1890471a658f4fbebbc67960eea6cfaa','026a564bbfd84861ac4b65393644beef','2017-11-07 13:45:17',NULL,'','4',NULL,NULL,'2017-09-15 08:49:43'),('2e1825c1844c402ab3878f6b120c4c6f','b183f379213d4199aa562399e931b55d','leave:21:e13e6077-911d-11e7-a391-005056c00001','4a6eb67c-9120-11e7-a391-005056c00001','4a71277f-9120-11e7-a391-005056c00001','拟稿','1890471a658f4fbebbc67960eea6cfaa','026a564bbfd84861ac4b65393644beef','2017-09-04 11:32:49',NULL,'','4',NULL,NULL,'2017-09-04 11:22:33'),('2ea963f0ecdd432788c208d6672806a3','d615ee60beb049dba05c315776762bdb','leave:30:95004','95005','95008','cs01','9270fc07603e457aba1c74d586615e64','9270fc07603e457aba1c74d586615e64','2018-12-05 18:24:18',NULL,'','4',NULL,NULL,'2018-12-05 13:47:11'),('3e3a63a7e0ee42d1961f02f05ff48438','5dea09d964cf40e0b1e08feea348caeb','leave:36:105012','107501',NULL,'提交',NULL,'9270fc07603e457aba1c74d586615e64','2018-12-06 14:19:38',NULL,NULL,'1',NULL,NULL,NULL),('45d6a7fdd9954260bc78f320e1d2a66f','5f634a51e18d4b179599ce48dd122aaf','leave:36:105012','107507',NULL,'提交',NULL,'9270fc07603e457aba1c74d586615e64','2018-12-06 14:20:17',NULL,NULL,'1',NULL,NULL,NULL),('52fabfd79387454d80079a2447b24eea','3879656a618649c8b59971dc8cd57c5b','leave:31:95014','100001','100004','cs01','9270fc07603e457aba1c74d586615e64','9270fc07603e457aba1c74d586615e64','2018-12-05 18:23:54',NULL,'','4',NULL,NULL,'2018-12-05 18:22:41'),('5a26349bd749498ebec7e47d46555397','b183f379213d4199aa562399e931b55d','leave:21:e13e6077-911d-11e7-a391-005056c00001','4a6eb67c-9120-11e7-a391-005056c00001',NULL,'提交',NULL,'026a564bbfd84861ac4b65393644beef','2017-09-04 11:22:33',NULL,NULL,'1',NULL,NULL,NULL),('5eee826aa24c41069c9300df7ee29247','baff7269542f47e48ec267e89a229eb3','leave:28:85056','85057','85060','拟稿','026a564bbfd84861ac4b65393644beef','026a564bbfd84861ac4b65393644beef','2017-12-27 15:28:29',NULL,'','1',NULL,'','2017-12-27 15:26:08'),('5f0946af718a4125826bb0362655a4e3','b183f379213d4199aa562399e931b55d','leave:20:4f8ad68c-911c-11e7-b720-005056c00001','b32fe90e-911d-11e7-a391-005056c00001','b337b141-911d-11e7-a391-005056c00001','拟稿','1890471a658f4fbebbc67960eea6cfaa','026a564bbfd84861ac4b65393644beef','2017-09-04 11:21:55',NULL,'流程图设计错误，重新发起','4',NULL,NULL,'2017-09-04 11:04:00'),('6ebe31cbd32c41998676092344cb152c','f868d8fff2344fa2aa3d211aa8dd2cff','leave:33:102508','102509','102512','cs01','9270fc07603e457aba1c74d586615e64',NULL,NULL,NULL,NULL,NULL,NULL,NULL,'2018-12-06 11:23:32'),('81c22103f4f045ab83d127d5319005fa','baff7269542f47e48ec267e89a229eb3','leave:28:85056','85057',NULL,'提交',NULL,'026a564bbfd84861ac4b65393644beef','2017-12-27 15:26:08',NULL,NULL,'1',NULL,NULL,NULL),('855537da76614df391af8a1df74c082c','c997b37d6fcf4b189afdf8d4b009d222','leave:37:107516','107517',NULL,'提交',NULL,'9270fc07603e457aba1c74d586615e64','2018-12-06 14:20:52',NULL,NULL,'1',NULL,NULL,NULL),('85b00c90fa434ebab083532618cbc4f9','b183f379213d4199aa562399e931b55d','leave:20:4f8ad68c-911c-11e7-b720-005056c00001','b32fe90e-911d-11e7-a391-005056c00001',NULL,'提交',NULL,'026a564bbfd84861ac4b65393644beef','2017-09-04 11:04:01',NULL,NULL,'1',NULL,NULL,NULL),('868c9777fa134055bea099ae5baf7617','c997b37d6fcf4b189afdf8d4b009d222','leave:37:107516','107517','107520','cs01','9270fc07603e457aba1c74d586615e64','9270fc07603e457aba1c74d586615e64','2018-12-06 14:34:23',NULL,'','1',NULL,'','2018-12-06 14:20:52'),('92d4818947b64808b86465b7eadbedd5','234213','leave:21:e13e6077-911d-11e7-a391-005056c00001','85028','85031','拟稿','026a564bbfd84861ac4b65393644beef','026a564bbfd84861ac4b65393644beef','2017-12-27 15:20:05',NULL,'','1',NULL,'','2017-12-27 15:19:09'),('95a0f4359cdd470784ac1eef9a805488','b183f379213d4199aa562399e931b55d','leave:21:e13e6077-911d-11e7-a391-005056c00001','c31aef84-9121-11e7-a391-005056c00001',NULL,'提交',NULL,'026a564bbfd84861ac4b65393644beef','2017-09-04 11:33:05',NULL,NULL,'1',NULL,NULL,NULL),('9ff6adf8c0fd4bd8bbedae5b05a0f198','c997b37d6fcf4b189afdf8d4b009d222','leave:37:107516','107517','110010','cs05','9270fc07603e457aba1c74d586615e64','9270fc07603e457aba1c74d586615e64','2018-12-09 15:54:27',NULL,'','4',NULL,NULL,'2018-12-06 14:34:40'),('a1d9342d50a34b8c80f05ef4b193ac29','234213','leave:21:e13e6077-911d-11e7-a391-005056c00001','85007',NULL,'提交',NULL,'026a564bbfd84861ac4b65393644beef','2017-12-27 15:03:26',NULL,NULL,'1',NULL,NULL,NULL),('a47155a5d08f436cad99c5ed5242ea79','234','leave:28:85056','85076','85079','拟稿','026a564bbfd84861ac4b65393644beef','9270fc07603e457aba1c74d586615e64','2018-12-05 18:24:10',NULL,'','4',NULL,NULL,'2017-12-27 15:30:32'),('a5bb1ed124434fcc846dbee08fa62f8d','5dea09d964cf40e0b1e08feea348caeb','leave:36:105012','107501','107504','cs01','9270fc07603e457aba1c74d586615e64',NULL,NULL,NULL,NULL,NULL,NULL,NULL,'2018-12-06 14:19:38'),('a6c645ba487b41fb8a551223b38c3200','c997b37d6fcf4b189afdf8d4b009d222','leave:37:107516','107517','110002','cs02','9270fc07603e457aba1c74d586615e64','9270fc07603e457aba1c74d586615e64','2018-12-06 14:34:40',NULL,'','1',NULL,'','2018-12-06 14:20:52'),('ae04bcf81117449f9482efebeb8d460d','b183f379213d4199aa562399e931b55d','leave:21:e13e6077-911d-11e7-a391-005056c00001','6ce5cfd5-912f-11e7-a391-005056c00001','95c6e667-912f-11e7-a391-005056c00001','会签','026a564bbfd84861ac4b65393644beef','026a564bbfd84861ac4b65393644beef','2017-09-04 13:12:56',NULL,'同意，会签最后一位处理，选择的处理人生效','1',NULL,'','2017-09-04 13:10:53'),('b006e86497d645a3bd33d789b744b9d1','155ebc882edc4e3ebbde4646a6fecc6e','leave:31:95014','97507',NULL,'提交',NULL,'9270fc07603e457aba1c74d586615e64','2018-12-05 18:16:04',NULL,NULL,'1',NULL,NULL,NULL),('b3dd453de8514bb88a1a36b440d42627','234213','leave:21:e13e6077-911d-11e7-a391-005056c00001','85028','85047','直接上级','026a564bbfd84861ac4b65393644beef',NULL,NULL,NULL,NULL,NULL,NULL,NULL,'2017-12-27 15:20:05'),('b5530c52505c4e0d94cea7994bb516aa','234213','leave:21:e13e6077-911d-11e7-a391-005056c00001','85028',NULL,'提交',NULL,'026a564bbfd84861ac4b65393644beef','2017-12-27 15:19:09',NULL,NULL,'1',NULL,NULL,NULL),('bba214a391d54fce99dfb3f5f7121ea0','3879656a618649c8b59971dc8cd57c5b','leave:31:95014','100001',NULL,'提交',NULL,'9270fc07603e457aba1c74d586615e64','2018-12-05 18:22:41',NULL,NULL,'1',NULL,NULL,NULL),('c20d8259a951414e962da3d955392fc1','b183f379213d4199aa562399e931b55d','leave:21:e13e6077-911d-11e7-a391-005056c00001','c31aef84-9121-11e7-a391-005056c00001','c31d6087-9121-11e7-a391-005056c00001','拟稿','026a564bbfd84861ac4b65393644beef','026a564bbfd84861ac4b65393644beef','2017-09-04 13:07:34',NULL,'同意','1',NULL,'','2017-09-04 11:33:05'),('c9e098ff365c453fb04a43b5ae7a9b84','b183f379213d4199aa562399e931b55d','leave:21:e13e6077-911d-11e7-a391-005056c00001','c31aef84-9121-11e7-a391-005056c00001','f5c2b247-912e-11e7-a391-005056c00001','会签','1890471a658f4fbebbc67960eea6cfaa',NULL,NULL,NULL,NULL,NULL,NULL,NULL,'2017-09-04 11:33:05'),('c9e91afe7ed74c769da17d205c2a2490','d615ee60beb049dba05c315776762bdb','leave:28:85056','90001',NULL,'提交',NULL,'9270fc07603e457aba1c74d586615e64','2018-10-02 16:03:35',NULL,NULL,'1',NULL,NULL,NULL),('d313a6dc9bef43669f718843c80c201b','5dea09d964cf40e0b1e08feea348caeb','leave:31:95014','95015',NULL,'提交',NULL,'9270fc07603e457aba1c74d586615e64','2018-12-05 14:53:48',NULL,NULL,'1',NULL,NULL,NULL),('d3d36f371c0040b082c90150c58eb6c3','b183f379213d4199aa562399e931b55d','leave:21:e13e6077-911d-11e7-a391-005056c00001','c31aef84-9121-11e7-a391-005056c00001','f5c411dc-912e-11e7-a391-005056c00001','会签','44b66661d5954f36a26465d96e837cf7','026a564bbfd84861ac4b65393644beef','2017-09-04 13:10:41',NULL,'','4',NULL,NULL,'2017-09-04 11:33:05'),('d72fa455dc1949fc88a051defe223842','c997b37d6fcf4b189afdf8d4b009d222','leave:37:107516','107517','110005','cs03','9270fc07603e457aba1c74d586615e64','9270fc07603e457aba1c74d586615e64','2018-12-06 14:35:01',NULL,'','1',NULL,'','2018-12-06 14:34:23'),('d7d38768b7d04de3808a204d7268e182','baff7269542f47e48ec267e89a229eb3','leave:28:85056','85057','85067','直接上级','98df0e92788c416a9fb983e89a8d01ce','026a564bbfd84861ac4b65393644beef','2017-12-27 15:28:45',NULL,'','1',NULL,'','2017-12-27 15:28:29'),('da280c1cfef747fea065b0fb7cb0ef22','b183f379213d4199aa562399e931b55d','leave:21:e13e6077-911d-11e7-a391-005056c00001','6ce5cfd5-912f-11e7-a391-005056c00001','b58286e0-912f-11e7-a391-005056c00001','直接上级','1890471a658f4fbebbc67960eea6cfaa','1890471a658f4fbebbc67960eea6cfaa','2017-09-04 13:13:17',NULL,'同意','1',NULL,'','2017-09-04 13:12:02'),('de8080995461442aad17cd0674d573e0','155ebc882edc4e3ebbde4646a6fecc6e','leave:33:102508','102515',NULL,'提交',NULL,'9270fc07603e457aba1c74d586615e64','2018-12-06 11:24:41',NULL,NULL,'1',NULL,NULL,NULL),('e002b955173d40f18204b6bddf520fbf','155ebc882edc4e3ebbde4646a6fecc6e','leave:33:102508','102515','102518','cs01','9270fc07603e457aba1c74d586615e64',NULL,NULL,NULL,NULL,NULL,NULL,NULL,'2018-12-06 11:24:41'),('e4f22d3d415645f9830f05f9e1cf9b48','baff7269542f47e48ec267e89a229eb3','leave:28:85056','85057','85073','人事部','98df0e92788c416a9fb983e89a8d01ce','026a564bbfd84861ac4b65393644beef','2017-12-27 15:28:54',NULL,'','1',NULL,'','2017-12-27 15:28:37'),('ef9ec4d5a3b2480ba5176e60f451e8d5','d615ee60beb049dba05c315776762bdb','leave:28:85056','90001','90004','拟稿','026a564bbfd84861ac4b65393644beef','9270fc07603e457aba1c74d586615e64','2018-12-05 10:44:39',NULL,'','4',NULL,NULL,'2018-10-02 16:03:35'),('f24dde03198e4150a54ee03611bbcc03','d615ee60beb049dba05c315776762bdb','leave:30:95004','95005',NULL,'提交',NULL,'9270fc07603e457aba1c74d586615e64','2018-12-05 13:47:11',NULL,NULL,'1',NULL,NULL,NULL),('f3486373b0cd4ed0a977801f75d9372f','234213','leave:21:e13e6077-911d-11e7-a391-005056c00001','85007','85010','拟稿','026a564bbfd84861ac4b65393644beef','026a564bbfd84861ac4b65393644beef','2017-12-27 15:11:10',NULL,'我是第一个','1',NULL,'请假天数的原值为【1】,更改为【23】;请假标题的原值【xxx】,更改后【qqq】;','2017-12-27 15:03:26'),('f3a102d0c17b4fd5ad6a1d9da4a06e75','f868d8fff2344fa2aa3d211aa8dd2cff','leave:21:e13e6077-911d-11e7-a391-005056c00001','c303c558-99af-11e7-a548-005056c00001',NULL,'提交',NULL,'026a564bbfd84861ac4b65393644beef','2017-09-15 08:49:43',NULL,NULL,'1',NULL,NULL,NULL),('f459f94f7f7746fca1761442da3a4e39','f868d8fff2344fa2aa3d211aa8dd2cff','leave:33:102508','102509',NULL,'提交',NULL,'9270fc07603e457aba1c74d586615e64','2018-12-06 11:23:32',NULL,NULL,'1',NULL,NULL,NULL),('ff808c9035f9472a967b46a587ef1278','234213','leave:21:e13e6077-911d-11e7-a391-005056c00001','85028','85045','会签','026a564bbfd84861ac4b65393644beef','026a564bbfd84861ac4b65393644beef','2017-12-27 15:20:14',NULL,'','1',NULL,'','2017-12-27 15:19:09');

/*Table structure for table `leaveaply` */

DROP TABLE IF EXISTS `leaveaply`;

CREATE TABLE `leaveaply` (
  `id` varchar(32) DEFAULT NULL,
  `user_id` varchar(32) DEFAULT NULL COMMENT '请假人',
  `title` varchar(255) DEFAULT NULL COMMENT '请假标题',
  `day` int(11) DEFAULT NULL COMMENT '请假天数',
  `leavewhy` varchar(255) DEFAULT NULL COMMENT '原因',
  `status` varchar(6) DEFAULT NULL COMMENT '业务流程状态  1=草稿 2=审批中 3=结束',
  `start_time` timestamp NULL DEFAULT NULL ON UPDATE CURRENT_TIMESTAMP COMMENT '流程发起时间',
  `instance_id` varchar(64) DEFAULT NULL COMMENT '流程实例id',
  `defid` varchar(64) DEFAULT '' COMMENT '流程定义id',
  `start_user_id` varchar(32) DEFAULT NULL COMMENT '流程发起人',
  `code` varchar(50) DEFAULT NULL COMMENT '业务流程单据编号',
  `create_time` timestamp NULL DEFAULT NULL ON UPDATE CURRENT_TIMESTAMP COMMENT '新建时间',
  `create_id` varchar(32) DEFAULT NULL,
  `update_id` varchar(32) DEFAULT NULL,
  `update_time` datetime DEFAULT NULL,
  `remark` varchar(255) DEFAULT NULL,
  `act_result` varchar(4) DEFAULT NULL COMMENT '审批结果 1为同意,2为不同意,3为审批中'
) ENGINE=InnoDB DEFAULT CHARSET=utf8 COMMENT='请假流程测试';

/*Data for the table `leaveaply` */

insert  into `leaveaply`(`id`,`user_id`,`title`,`day`,`leavewhy`,`status`,`start_time`,`instance_id`,`defid`,`start_user_id`,`code`,`create_time`,`create_id`,`update_id`,`update_time`,`remark`,`act_result`) values ('b183f379213d4199aa562399e931b55d','026a564bbfd84861ac4b65393644beef','请假+天数3天',3,'世界那么天，钱包那么小，还是要请假','3','2017-09-04 13:13:52','6ce5cfd5-912f-11e7-a391-005056c00001','leave:21:e13e6077-911d-11e7-a391-005056c00001','026a564bbfd84861ac4b65393644beef','20170904104824','2017-09-04 13:13:52','026a564bbfd84861ac4b65393644beef',NULL,NULL,NULL,'1'),('f868d8fff2344fa2aa3d211aa8dd2cff','026a564bbfd84861ac4b65393644beef','请假-超级管理员可操作所有审批',11,'1','2','2018-12-06 11:23:31','102509','leave:33:102508','9270fc07603e457aba1c74d586615e64','20170904132310','2018-12-06 11:23:31','026a564bbfd84861ac4b65393644beef','9270fc07603e457aba1c74d586615e64','2018-12-06 10:57:04',NULL,'3'),('d615ee60beb049dba05c315776762bdb','026a564bbfd84861ac4b65393644beef','测试流程',32,'','3','2018-12-05 18:24:18','95005','leave:30:95004','9270fc07603e457aba1c74d586615e64','20171107134758','2018-12-05 18:24:18','026a564bbfd84861ac4b65393644beef',NULL,NULL,NULL,'2'),('234','026a564bbfd84861ac4b65393644beef','我是sb测试数据',2,'','3','2018-12-05 18:24:10','85076','leave:28:85056','026a564bbfd84861ac4b65393644beef','20171227143559','2018-12-05 18:24:10','026a564bbfd84861ac4b65393644beef',NULL,NULL,NULL,'2'),('234213','026a564bbfd84861ac4b65393644beef','qqq',2,'','2','2017-12-27 15:19:09','85028','leave:21:e13e6077-911d-11e7-a391-005056c00001','026a564bbfd84861ac4b65393644beef','20171227145750','2017-12-27 15:19:09','026a564bbfd84861ac4b65393644beef',NULL,NULL,NULL,'3'),('baff7269542f47e48ec267e89a229eb3','026a564bbfd84861ac4b65393644beef','我',2,'2','3','2017-12-27 15:28:53','85057','leave:28:85056','026a564bbfd84861ac4b65393644beef','20171227152554','2017-12-27 15:28:53','026a564bbfd84861ac4b65393644beef',NULL,NULL,NULL,'1'),('5dea09d964cf40e0b1e08feea348caeb','9270fc07603e457aba1c74d586615e64','cs',1,'cs','2','2018-12-06 14:19:38','107501','leave:36:105012','9270fc07603e457aba1c74d586615e64','20181205103547','2018-12-06 14:19:38','9270fc07603e457aba1c74d586615e64',NULL,NULL,NULL,'3'),('155ebc882edc4e3ebbde4646a6fecc6e','9270fc07603e457aba1c74d586615e64','cs ',1,'','2','2018-12-06 11:24:41','102515','leave:33:102508','9270fc07603e457aba1c74d586615e64','20181205181551','2018-12-06 11:24:41','9270fc07603e457aba1c74d586615e64',NULL,NULL,NULL,'3'),('3879656a618649c8b59971dc8cd57c5b','9270fc07603e457aba1c74d586615e64','123',123,'','3','2018-12-05 18:23:53','100001','leave:31:95014','9270fc07603e457aba1c74d586615e64','20181205182216','2018-12-05 18:23:53','9270fc07603e457aba1c74d586615e64',NULL,NULL,NULL,'2'),('5f634a51e18d4b179599ce48dd122aaf','9270fc07603e457aba1c74d586615e64','23141234',11,'34','2','2018-12-06 14:20:17','107507','leave:36:105012','9270fc07603e457aba1c74d586615e64','20181206142005','2018-12-06 14:20:17','9270fc07603e457aba1c74d586615e64',NULL,NULL,NULL,'3'),('c997b37d6fcf4b189afdf8d4b009d222','9270fc07603e457aba1c74d586615e64','324',324,'34','3','2018-12-09 15:54:27','107517','leave:37:107516','9270fc07603e457aba1c74d586615e64','20181206142040','2018-12-09 15:54:27','9270fc07603e457aba1c74d586615e64',NULL,NULL,NULL,'2');

/*Table structure for table `qrtz_blob_triggers` */

DROP TABLE IF EXISTS `qrtz_blob_triggers`;

CREATE TABLE `qrtz_blob_triggers` (
  `SCHED_NAME` varchar(120) NOT NULL,
  `TRIGGER_NAME` varchar(200) NOT NULL,
  `TRIGGER_GROUP` varchar(200) NOT NULL,
  `BLOB_DATA` blob,
  PRIMARY KEY (`SCHED_NAME`,`TRIGGER_NAME`,`TRIGGER_GROUP`),
  KEY `SCHED_NAME` (`SCHED_NAME`,`TRIGGER_NAME`,`TRIGGER_GROUP`),
  CONSTRAINT `qrtz_blob_triggers_ibfk_1` FOREIGN KEY (`SCHED_NAME`, `TRIGGER_NAME`, `TRIGGER_GROUP`) REFERENCES `qrtz_triggers` (`SCHED_NAME`, `TRIGGER_NAME`, `TRIGGER_GROUP`)
) ENGINE=InnoDB DEFAULT CHARSET=utf8;

/*Data for the table `qrtz_blob_triggers` */

/*Table structure for table `qrtz_calendars` */

DROP TABLE IF EXISTS `qrtz_calendars`;

CREATE TABLE `qrtz_calendars` (
  `SCHED_NAME` varchar(120) NOT NULL,
  `CALENDAR_NAME` varchar(200) NOT NULL,
  `CALENDAR` blob NOT NULL,
  PRIMARY KEY (`SCHED_NAME`,`CALENDAR_NAME`)
) ENGINE=InnoDB DEFAULT CHARSET=utf8;

/*Data for the table `qrtz_calendars` */

/*Table structure for table `qrtz_cron_triggers` */

DROP TABLE IF EXISTS `qrtz_cron_triggers`;

CREATE TABLE `qrtz_cron_triggers` (
  `SCHED_NAME` varchar(120) NOT NULL,
  `TRIGGER_NAME` varchar(200) NOT NULL,
  `TRIGGER_GROUP` varchar(200) NOT NULL,
  `CRON_EXPRESSION` varchar(120) NOT NULL,
  `TIME_ZONE_ID` varchar(80) DEFAULT NULL,
  PRIMARY KEY (`SCHED_NAME`,`TRIGGER_NAME`,`TRIGGER_GROUP`),
  CONSTRAINT `qrtz_cron_triggers_ibfk_1` FOREIGN KEY (`SCHED_NAME`, `TRIGGER_NAME`, `TRIGGER_GROUP`) REFERENCES `qrtz_triggers` (`SCHED_NAME`, `TRIGGER_NAME`, `TRIGGER_GROUP`)
) ENGINE=InnoDB DEFAULT CHARSET=utf8;

/*Data for the table `qrtz_cron_triggers` */

/*Table structure for table `qrtz_fired_triggers` */

DROP TABLE IF EXISTS `qrtz_fired_triggers`;

CREATE TABLE `qrtz_fired_triggers` (
  `SCHED_NAME` varchar(120) NOT NULL,
  `ENTRY_ID` varchar(95) NOT NULL,
  `TRIGGER_NAME` varchar(200) NOT NULL,
  `TRIGGER_GROUP` varchar(200) NOT NULL,
  `INSTANCE_NAME` varchar(200) NOT NULL,
  `FIRED_TIME` bigint(13) NOT NULL,
  `SCHED_TIME` bigint(13) NOT NULL,
  `PRIORITY` int(11) NOT NULL,
  `STATE` varchar(16) NOT NULL,
  `JOB_NAME` varchar(200) DEFAULT NULL,
  `JOB_GROUP` varchar(200) DEFAULT NULL,
  `IS_NONCONCURRENT` varchar(1) DEFAULT NULL,
  `REQUESTS_RECOVERY` varchar(1) DEFAULT NULL,
  PRIMARY KEY (`SCHED_NAME`,`ENTRY_ID`),
  KEY `IDX_QRTZ_FT_TRIG_INST_NAME` (`SCHED_NAME`,`INSTANCE_NAME`),
  KEY `IDX_QRTZ_FT_INST_JOB_REQ_RCVRY` (`SCHED_NAME`,`INSTANCE_NAME`,`REQUESTS_RECOVERY`),
  KEY `IDX_QRTZ_FT_J_G` (`SCHED_NAME`,`JOB_NAME`,`JOB_GROUP`),
  KEY `IDX_QRTZ_FT_JG` (`SCHED_NAME`,`JOB_GROUP`),
  KEY `IDX_QRTZ_FT_T_G` (`SCHED_NAME`,`TRIGGER_NAME`,`TRIGGER_GROUP`),
  KEY `IDX_QRTZ_FT_TG` (`SCHED_NAME`,`TRIGGER_GROUP`)
) ENGINE=InnoDB DEFAULT CHARSET=utf8;

/*Data for the table `qrtz_fired_triggers` */

/*Table structure for table `qrtz_job_details` */

DROP TABLE IF EXISTS `qrtz_job_details`;

CREATE TABLE `qrtz_job_details` (
  `SCHED_NAME` varchar(120) NOT NULL,
  `JOB_NAME` varchar(200) NOT NULL,
  `JOB_GROUP` varchar(200) NOT NULL,
  `DESCRIPTION` varchar(250) DEFAULT NULL,
  `JOB_CLASS_NAME` varchar(250) NOT NULL,
  `IS_DURABLE` varchar(1) NOT NULL,
  `IS_NONCONCURRENT` varchar(1) NOT NULL,
  `IS_UPDATE_DATA` varchar(1) NOT NULL,
  `REQUESTS_RECOVERY` varchar(1) NOT NULL,
  `JOB_DATA` blob,
  PRIMARY KEY (`SCHED_NAME`,`JOB_NAME`,`JOB_GROUP`),
  KEY `IDX_QRTZ_J_REQ_RECOVERY` (`SCHED_NAME`,`REQUESTS_RECOVERY`),
  KEY `IDX_QRTZ_J_GRP` (`SCHED_NAME`,`JOB_GROUP`)
) ENGINE=InnoDB DEFAULT CHARSET=utf8;

/*Data for the table `qrtz_job_details` */

/*Table structure for table `qrtz_locks` */

DROP TABLE IF EXISTS `qrtz_locks`;

CREATE TABLE `qrtz_locks` (
  `SCHED_NAME` varchar(120) NOT NULL,
  `LOCK_NAME` varchar(40) NOT NULL,
  PRIMARY KEY (`SCHED_NAME`,`LOCK_NAME`)
) ENGINE=InnoDB DEFAULT CHARSET=utf8;

/*Data for the table `qrtz_locks` */

insert  into `qrtz_locks`(`SCHED_NAME`,`LOCK_NAME`) values ('HxwdScheduler','STATE_ACCESS'),('HxwdScheduler','TRIGGER_ACCESS');

/*Table structure for table `qrtz_paused_trigger_grps` */

DROP TABLE IF EXISTS `qrtz_paused_trigger_grps`;

CREATE TABLE `qrtz_paused_trigger_grps` (
  `SCHED_NAME` varchar(120) NOT NULL,
  `TRIGGER_GROUP` varchar(200) NOT NULL,
  PRIMARY KEY (`SCHED_NAME`,`TRIGGER_GROUP`)
) ENGINE=InnoDB DEFAULT CHARSET=utf8;

/*Data for the table `qrtz_paused_trigger_grps` */

/*Table structure for table `qrtz_scheduler_state` */

DROP TABLE IF EXISTS `qrtz_scheduler_state`;

CREATE TABLE `qrtz_scheduler_state` (
  `SCHED_NAME` varchar(120) NOT NULL,
  `INSTANCE_NAME` varchar(200) NOT NULL,
  `LAST_CHECKIN_TIME` bigint(13) NOT NULL,
  `CHECKIN_INTERVAL` bigint(13) NOT NULL,
  PRIMARY KEY (`SCHED_NAME`,`INSTANCE_NAME`)
) ENGINE=InnoDB DEFAULT CHARSET=utf8;

/*Data for the table `qrtz_scheduler_state` */

insert  into `qrtz_scheduler_state`(`SCHED_NAME`,`INSTANCE_NAME`,`LAST_CHECKIN_TIME`,`CHECKIN_INTERVAL`) values ('HxwdScheduler','LMD-T470P1545298527154',1545298680272,15000),('QuickItScheduler','LMD-T470P1545296027193',1545296510448,15000);

/*Table structure for table `qrtz_simple_triggers` */

DROP TABLE IF EXISTS `qrtz_simple_triggers`;

CREATE TABLE `qrtz_simple_triggers` (
  `SCHED_NAME` varchar(120) NOT NULL,
  `TRIGGER_NAME` varchar(200) NOT NULL,
  `TRIGGER_GROUP` varchar(200) NOT NULL,
  `REPEAT_COUNT` bigint(7) NOT NULL,
  `REPEAT_INTERVAL` bigint(12) NOT NULL,
  `TIMES_TRIGGERED` bigint(10) NOT NULL,
  PRIMARY KEY (`SCHED_NAME`,`TRIGGER_NAME`,`TRIGGER_GROUP`),
  CONSTRAINT `qrtz_simple_triggers_ibfk_1` FOREIGN KEY (`SCHED_NAME`, `TRIGGER_NAME`, `TRIGGER_GROUP`) REFERENCES `qrtz_triggers` (`SCHED_NAME`, `TRIGGER_NAME`, `TRIGGER_GROUP`)
) ENGINE=InnoDB DEFAULT CHARSET=utf8;

/*Data for the table `qrtz_simple_triggers` */

/*Table structure for table `qrtz_simprop_triggers` */

DROP TABLE IF EXISTS `qrtz_simprop_triggers`;

CREATE TABLE `qrtz_simprop_triggers` (
  `SCHED_NAME` varchar(120) NOT NULL,
  `TRIGGER_NAME` varchar(200) NOT NULL,
  `TRIGGER_GROUP` varchar(200) NOT NULL,
  `STR_PROP_1` varchar(512) DEFAULT NULL,
  `STR_PROP_2` varchar(512) DEFAULT NULL,
  `STR_PROP_3` varchar(512) DEFAULT NULL,
  `INT_PROP_1` int(11) DEFAULT NULL,
  `INT_PROP_2` int(11) DEFAULT NULL,
  `LONG_PROP_1` bigint(20) DEFAULT NULL,
  `LONG_PROP_2` bigint(20) DEFAULT NULL,
  `DEC_PROP_1` decimal(13,4) DEFAULT NULL,
  `DEC_PROP_2` decimal(13,4) DEFAULT NULL,
  `BOOL_PROP_1` varchar(1) DEFAULT NULL,
  `BOOL_PROP_2` varchar(1) DEFAULT NULL,
  PRIMARY KEY (`SCHED_NAME`,`TRIGGER_NAME`,`TRIGGER_GROUP`),
  CONSTRAINT `qrtz_simprop_triggers_ibfk_1` FOREIGN KEY (`SCHED_NAME`, `TRIGGER_NAME`, `TRIGGER_GROUP`) REFERENCES `qrtz_triggers` (`SCHED_NAME`, `TRIGGER_NAME`, `TRIGGER_GROUP`)
) ENGINE=InnoDB DEFAULT CHARSET=utf8;

/*Data for the table `qrtz_simprop_triggers` */

/*Table structure for table `qrtz_triggers` */

DROP TABLE IF EXISTS `qrtz_triggers`;

CREATE TABLE `qrtz_triggers` (
  `SCHED_NAME` varchar(120) NOT NULL,
  `TRIGGER_NAME` varchar(200) NOT NULL,
  `TRIGGER_GROUP` varchar(200) NOT NULL,
  `JOB_NAME` varchar(200) NOT NULL,
  `JOB_GROUP` varchar(200) NOT NULL,
  `DESCRIPTION` varchar(250) DEFAULT NULL,
  `NEXT_FIRE_TIME` bigint(13) DEFAULT NULL,
  `PREV_FIRE_TIME` bigint(13) DEFAULT NULL,
  `PRIORITY` int(11) DEFAULT NULL,
  `TRIGGER_STATE` varchar(16) NOT NULL,
  `TRIGGER_TYPE` varchar(8) NOT NULL,
  `START_TIME` bigint(13) NOT NULL,
  `END_TIME` bigint(13) DEFAULT NULL,
  `CALENDAR_NAME` varchar(200) DEFAULT NULL,
  `MISFIRE_INSTR` smallint(2) DEFAULT NULL,
  `JOB_DATA` blob,
  PRIMARY KEY (`SCHED_NAME`,`TRIGGER_NAME`,`TRIGGER_GROUP`),
  KEY `IDX_QRTZ_T_J` (`SCHED_NAME`,`JOB_NAME`,`JOB_GROUP`),
  KEY `IDX_QRTZ_T_JG` (`SCHED_NAME`,`JOB_GROUP`),
  KEY `IDX_QRTZ_T_C` (`SCHED_NAME`,`CALENDAR_NAME`),
  KEY `IDX_QRTZ_T_G` (`SCHED_NAME`,`TRIGGER_GROUP`),
  KEY `IDX_QRTZ_T_STATE` (`SCHED_NAME`,`TRIGGER_STATE`),
  KEY `IDX_QRTZ_T_N_STATE` (`SCHED_NAME`,`TRIGGER_NAME`,`TRIGGER_GROUP`,`TRIGGER_STATE`),
  KEY `IDX_QRTZ_T_N_G_STATE` (`SCHED_NAME`,`TRIGGER_GROUP`,`TRIGGER_STATE`),
  KEY `IDX_QRTZ_T_NEXT_FIRE_TIME` (`SCHED_NAME`,`NEXT_FIRE_TIME`),
  KEY `IDX_QRTZ_T_NFT_ST` (`SCHED_NAME`,`TRIGGER_STATE`,`NEXT_FIRE_TIME`),
  KEY `IDX_QRTZ_T_NFT_MISFIRE` (`SCHED_NAME`,`MISFIRE_INSTR`,`NEXT_FIRE_TIME`),
  KEY `IDX_QRTZ_T_NFT_ST_MISFIRE` (`SCHED_NAME`,`MISFIRE_INSTR`,`NEXT_FIRE_TIME`,`TRIGGER_STATE`),
  KEY `IDX_QRTZ_T_NFT_ST_MISFIRE_GRP` (`SCHED_NAME`,`MISFIRE_INSTR`,`NEXT_FIRE_TIME`,`TRIGGER_GROUP`,`TRIGGER_STATE`),
  CONSTRAINT `qrtz_triggers_ibfk_1` FOREIGN KEY (`SCHED_NAME`, `JOB_NAME`, `JOB_GROUP`) REFERENCES `qrtz_job_details` (`SCHED_NAME`, `JOB_NAME`, `JOB_GROUP`)
) ENGINE=InnoDB DEFAULT CHARSET=utf8;

/*Data for the table `qrtz_triggers` */

/*Table structure for table `schedule_job` */

DROP TABLE IF EXISTS `schedule_job`;

CREATE TABLE `schedule_job` (
  `job_id` bigint(20) NOT NULL AUTO_INCREMENT COMMENT '任务id',
  `bean_name` varchar(200) DEFAULT NULL COMMENT 'spring bean名称',
  `method_name` varchar(100) DEFAULT NULL COMMENT '方法名',
  `params` varchar(2000) DEFAULT NULL COMMENT '参数',
  `cron_expression` varchar(100) DEFAULT NULL COMMENT 'cron表达式',
  `status` tinyint(4) DEFAULT NULL COMMENT '任务状态',
  `remark` varchar(255) DEFAULT NULL COMMENT '备注',
  `create_time` datetime DEFAULT NULL COMMENT '创建时间',
  PRIMARY KEY (`job_id`)
) ENGINE=InnoDB DEFAULT CHARSET=utf8 COMMENT='定时任务';

/*Data for the table `schedule_job` */

/*Table structure for table `schedule_job_log` */

DROP TABLE IF EXISTS `schedule_job_log`;

CREATE TABLE `schedule_job_log` (
  `log_id` bigint(20) NOT NULL AUTO_INCREMENT COMMENT '任务日志id',
  `job_id` bigint(20) NOT NULL COMMENT '任务id',
  `bean_name` varchar(200) DEFAULT NULL COMMENT 'spring bean名称',
  `method_name` varchar(100) DEFAULT NULL COMMENT '方法名',
  `params` varchar(2000) DEFAULT NULL COMMENT '参数',
  `status` tinyint(4) NOT NULL COMMENT '任务状态    0：成功    1：失败',
  `error` varchar(2000) DEFAULT NULL COMMENT '失败信息',
  `times` int(11) NOT NULL COMMENT '耗时(单位：毫秒)',
  `create_time` datetime DEFAULT NULL COMMENT '创建时间',
  PRIMARY KEY (`log_id`),
  KEY `job_id` (`job_id`)
) ENGINE=InnoDB AUTO_INCREMENT=2 DEFAULT CHARSET=utf8 COMMENT='定时任务日志';

/*Data for the table `schedule_job_log` */

insert  into `schedule_job_log`(`log_id`,`job_id`,`bean_name`,`method_name`,`params`,`status`,`error`,`times`,`create_time`) values (1,3,'cs ','cs','cs',1,'org.springframework.beans.factory.NoSuchBeanDefinitionException: No bean named \'cs \' available',2,'2018-11-27 13:17:54');

/*Table structure for table `sys_ceshi_gen` */

DROP TABLE IF EXISTS `sys_ceshi_gen`;

CREATE TABLE `sys_ceshi_gen` (
  `id` bigint(20) NOT NULL AUTO_INCREMENT COMMENT 'ID',
  `value` varchar(255) DEFAULT NULL COMMENT '值',
  `name` varchar(255) DEFAULT NULL COMMENT '名称',
  `type` varchar(255) DEFAULT NULL COMMENT '类型',
  `title` varchar(255) DEFAULT NULL COMMENT '标题',
  `createTime` datetime DEFAULT NULL COMMENT '创建时间',
  PRIMARY KEY (`id`)
) ENGINE=InnoDB AUTO_INCREMENT=3 DEFAULT CHARSET=utf8;

/*Data for the table `sys_ceshi_gen` */

insert  into `sys_ceshi_gen`(`id`,`value`,`name`,`type`,`title`,`createTime`) values (2,'213','213','213','32',NULL);

/*Table structure for table `sys_ceshi_gen_web` */

DROP TABLE IF EXISTS `sys_ceshi_gen_web`;

CREATE TABLE `sys_ceshi_gen_web` (
  `id` bigint(20) NOT NULL AUTO_INCREMENT COMMENT 'ID',
  `value` varchar(255) DEFAULT NULL COMMENT '值',
  `name` varchar(255) DEFAULT NULL COMMENT '名称',
  `type` varchar(255) DEFAULT NULL COMMENT '类型',
  `title` varchar(255) DEFAULT NULL COMMENT '标题',
  `createTime` datetime DEFAULT NULL COMMENT '创建时间',
  `aaaa` varchar(255) DEFAULT NULL COMMENT '测试',
  PRIMARY KEY (`id`)
) ENGINE=InnoDB DEFAULT CHARSET=utf8 COMMENT='测试代码生成';

/*Data for the table `sys_ceshi_gen_web` */

/*Table structure for table `sys_code` */

DROP TABLE IF EXISTS `sys_code`;

CREATE TABLE `sys_code` (
  `id` varchar(32) NOT NULL,
  `mark` varchar(32) DEFAULT '' COMMENT '码值唯一标识, 例如，SEX、SEX_1、SEX_2',
  `name` varchar(128) DEFAULT NULL COMMENT '码值的中文表示， 例如：是、否      、性别',
  `value` varchar(255) DEFAULT NULL COMMENT '码值 的数字表示，例如：1，2，3。。。。。、sex',
  `type` varchar(255) DEFAULT NULL COMMENT '1：目录 2：字典码',
  `parent_id` varchar(32) DEFAULT NULL,
  `sort` varchar(4) DEFAULT NULL COMMENT '在同一级节点中的序号',
  `remark` varchar(255) DEFAULT '' COMMENT '备注，备用字段',
  `create_id` varchar(32) DEFAULT NULL COMMENT '创建人id',
  `create_time` date DEFAULT NULL,
  `update_id` varchar(32) DEFAULT NULL,
  `update_time` date DEFAULT NULL,
  `open` varchar(5) DEFAULT NULL COMMENT '是否展开 true是 false否',
  PRIMARY KEY (`id`)
) ENGINE=InnoDB DEFAULT CHARSET=utf8 COMMENT='系统数据字典';

/*Data for the table `sys_code` */

insert  into `sys_code`(`id`,`mark`,`name`,`value`,`type`,`parent_id`,`sort`,`remark`,`create_id`,`create_time`,`update_id`,`update_time`,`open`) values ('008517347a0447a08b7f6faab1fea325','act_judg_大于','大于','大于','2','c11c36c32e17411c8ec5ba638ad28731','2','大于','026a564bbfd84861ac4b65393644beef','2017-07-28','026a564bbfd84861ac4b65393644beef','2017-11-08','false'),('03a63d9c56474fe1ae183f31bf3933fc','act_judg_大于等于','大于等于','大于等于','2','c11c36c32e17411c8ec5ba638ad28731','3','大于等于','026a564bbfd84861ac4b65393644beef','2017-07-28','026a564bbfd84861ac4b65393644beef','2017-11-08','false'),('04e15aa31a1049f6a153601fa02ee719','artcle_type_2','散文','2','2','a5263b007feb4d05881b1ddc7220de10','2','散文','026a564bbfd84861ac4b65393644beef','2017-10-26','026a564bbfd84861ac4b65393644beef','2017-10-27','false'),('103df6829961455ca09bb9a2b9987daf','act_el_operator','逻辑运算符','','1','e8a9e485ff8947718f43706c6de85c60','1','逻辑运算符','026a564bbfd84861ac4b65393644beef','2017-08-09','9270fc07603e457aba1c74d586615e64','2018-12-05','false'),('107d1d36e7444f8cb1a3320de7f1ed02','YES_NO_1','否','1','2','2b0281e730ac4923a1f02b4cea3ec03c','2','否','026a564bbfd84861ac4b65393644beef','2017-07-19',NULL,NULL,'0'),('10e83c28de58444eaf2cb8135225bcf9','artcle_type_1','小说','1','2','a5263b007feb4d05881b1ddc7220de10','1','小说','026a564bbfd84861ac4b65393644beef','2017-10-26','026a564bbfd84861ac4b65393644beef','2017-10-27','false'),('1178fe5df7d64a55ae5b896776ce0684','act_task_result_1','同意','1','2','c19fd8a436714d8d922726df6d97d5fc','10','同意','026a564bbfd84861ac4b65393644beef','2017-08-15',NULL,NULL,'false'),('1ba2cfd026c14174b6a25a17b8c00cc1','artcle_type_4','互联技术','4','2','a5263b007feb4d05881b1ddc7220de10','4','互联技术','026a564bbfd84861ac4b65393644beef','2017-10-26','026a564bbfd84861ac4b65393644beef','2017-11-02','false'),('1c4d727d678d44bba18c880f85ad647a','act_task_result_2','反对','2','2','c19fd8a436714d8d922726df6d97d5fc','2','反对','026a564bbfd84861ac4b65393644beef','2017-08-15',NULL,NULL,'false'),('24647e27317a4c9d983a0b423d1aca15','act_node_type_4','连线','4','2','8532ec46674b44498ee08f4cefbcf6dd','4','连线','026a564bbfd84861ac4b65393644beef','2017-08-09',NULL,NULL,'false'),('2611ad193d244c1fb4f50b4a2463f617','act_result_1','同意','1','2','3cc90674a0d5416594cf5afcaca10a6e','1','同意','026a564bbfd84861ac4b65393644beef','2017-08-15',NULL,NULL,'false'),('2b0281e730ac4923a1f02b4cea3ec03c','YES_NO','是否',NULL,'1','c5e12bdfd1cf4789981406323924854a','1','','026a564bbfd84861ac4b65393644beef','2017-07-19',NULL,NULL,'0'),('2f06861a28ff4fd68e73203ca2757b00','act_Bus_type','业务树类型',NULL,'1','e8a9e485ff8947718f43706c6de85c60','5','1=根节点 2=分组 3=业务类 4=回调','026a564bbfd84861ac4b65393644beef','2017-07-25','026a564bbfd84861ac4b65393644beef','2017-07-25','false'),('325d95a84e6c46c0a37b2534815e6d8d','act_process_status','流程状态',NULL,'1','e8a9e485ff8947718f43706c6de85c60','1','流程状态','026a564bbfd84861ac4b65393644beef','2017-08-14','026a564bbfd84861ac4b65393644beef','2017-09-26','false'),('327dedbd595e4214807f83e6c72ae858','act_node_type_5','结束节点','5','2','8532ec46674b44498ee08f4cefbcf6dd','5','结束节点','026a564bbfd84861ac4b65393644beef','2017-08-09',NULL,NULL,'false'),('33d7ab2f4ebd49c2a0201629ff85e3d6','act_node_action_2','会签','2','2','5d477b1523df4fb7811e2648e9bd2086','2','会签','026a564bbfd84861ac4b65393644beef','2017-07-21',NULL,NULL,'false'),('3515c8053cbd47f0b8bc513b06ca550e','act_examine_type_2','角色','2','2','fe58d909108f4fbda7ee78e9bde849ea','2','','026a564bbfd84861ac4b65393644beef','2017-07-24',NULL,NULL,'false'),('3cc90674a0d5416594cf5afcaca10a6e','act_result','整个流程审批结果',NULL,'1','e8a9e485ff8947718f43706c6de85c60','1','整个流程审批结果','026a564bbfd84861ac4b65393644beef','2017-08-15','026a564bbfd84861ac4b65393644beef','2017-08-15','false'),('46e6913c00c541319ee005ab4c419ac0','act_result_3','审批中','3','2','3cc90674a0d5416594cf5afcaca10a6e','3','审批中','026a564bbfd84861ac4b65393644beef','2017-08-15',NULL,NULL,'false'),('46e85988afa24fe4acaa90addec3046a','act_user_type','审批用户类型',NULL,'1','e8a9e485ff8947718f43706c6de85c60','1','审批用户类型','026a564bbfd84861ac4b65393644beef','2017-07-21','026a564bbfd84861ac4b65393644beef','2017-07-21','false'),('4df5534dc25f43f5a0d3ae2c2baf9325','初始化','字典管理树',NULL,'1','0','1','字典根据结点','026a564bbfd84861ac4b65393644beef','2017-07-19',NULL,NULL,'true'),('4f9ceb9c07394193815ef027a285b186','artcle_type_3','诗歌','3','2','a5263b007feb4d05881b1ddc7220de10','3','诗歌','026a564bbfd84861ac4b65393644beef','2017-10-26','026a564bbfd84861ac4b65393644beef','2017-10-26','false'),('53a6e83f9da7431c9733df4ff6d04510','act_node_type_3','分支','3','2','8532ec46674b44498ee08f4cefbcf6dd','3','分支','026a564bbfd84861ac4b65393644beef','2017-08-09',NULL,NULL,'false'),('5d477b1523df4fb7811e2648e9bd2086','act_node_action','节点行为',NULL,'1','e8a9e485ff8947718f43706c6de85c60','1','节点行为','026a564bbfd84861ac4b65393644beef','2017-07-21',NULL,NULL,'false'),('68eaec38d48b40d6b7174c56d1d51374','is_open_false','否','false','2','cd9212fa11174570a2714d47658e9548','2','是','026a564bbfd84861ac4b65393644beef','2017-07-26','026a564bbfd84861ac4b65393644beef','2017-07-26','false'),('6db40ee31e4f4bab8f0fb3740587f13f','act_judg_小于','小于','小于','2','c11c36c32e17411c8ec5ba638ad28731','4','小于','026a564bbfd84861ac4b65393644beef','2017-07-28','026a564bbfd84861ac4b65393644beef','2017-11-08','false'),('6fe9345581964c209e7ff866739d13fb','notice_soucre','通知来源',NULL,'1','e5ce8103550c4044a11bdb285b88fcc0','1','通知来源','026a564bbfd84861ac4b65393644beef','2017-09-01','026a564bbfd84861ac4b65393644beef','2017-08-22','false'),('7851704fbf5946bda39cb3f2136f2f8e','act_el_operator_或','或','或','2','103df6829961455ca09bb9a2b9987daf','2','或','026a564bbfd84861ac4b65393644beef','2017-08-09','026a564bbfd84861ac4b65393644beef','2017-11-08','false'),('8453516b986948c692e2ceac54521a66','act_task_result_3','弃权','3','2','c19fd8a436714d8d922726df6d97d5fc','3','弃权','026a564bbfd84861ac4b65393644beef','2017-08-15',NULL,NULL,'false'),('8532ec46674b44498ee08f4cefbcf6dd','act_node_type','流程节点类型',NULL,'1','e8a9e485ff8947718f43706c6de85c60','7','流程节点类型','026a564bbfd84861ac4b65393644beef','2017-08-09',NULL,NULL,'false'),('853c64f4c537463eb994929c946d4616','act_Bus_type_3','业务类','3','2','2f06861a28ff4fd68e73203ca2757b00','3','业务类','026a564bbfd84861ac4b65393644beef','2017-07-25',NULL,NULL,'false'),('88ba5d41c8e9412ea1d6026db65fcbf7','act_el_operator_并且','并且','并且','2','103df6829961455ca09bb9a2b9987daf','1','并且','026a564bbfd84861ac4b65393644beef','2017-08-09','026a564bbfd84861ac4b65393644beef','2017-11-08','false'),('88edb13ce29147d59561a6e34f7d7c47','act_task_result_4','驳回到发起人','4','2','c19fd8a436714d8d922726df6d97d5fc','4','驳回','026a564bbfd84861ac4b65393644beef','2017-08-15','026a564bbfd84861ac4b65393644beef','2017-08-15','false'),('8baeff44925245ec91650d38dd728c35','artcle_type_5','其它','5','2','a5263b007feb4d05881b1ddc7220de10','5','其它','026a564bbfd84861ac4b65393644beef','2017-10-26','026a564bbfd84861ac4b65393644beef','2017-10-26','false'),('9aec9385da7641bc8c283d49d780028f','act_process_status_1','草稿','1','2','325d95a84e6c46c0a37b2534815e6d8d','1','草稿','026a564bbfd84861ac4b65393644beef','2017-08-14',NULL,NULL,'false'),('a33c03f863674b49b1a40dd8a56a554c','is_open_true','是','true','2','cd9212fa11174570a2714d47658e9548','2','是','026a564bbfd84861ac4b65393644beef','2017-07-26','026a564bbfd84861ac4b65393644beef','2017-07-26','false'),('a5263b007feb4d05881b1ddc7220de10','artcle_type','文章类型','','1','adffbaacc25543129abc86352ecf7b52','3','文章管理','026a564bbfd84861ac4b65393644beef','2017-10-26','026a564bbfd84861ac4b65393644beef','2017-10-27','false'),('a5ff0e83e4ad4e8d90f060bf49118182','act_process_status_2','审批中','2','2','325d95a84e6c46c0a37b2534815e6d8d','2','审批中','026a564bbfd84861ac4b65393644beef','2017-08-14',NULL,NULL,'false'),('adffbaacc25543129abc86352ecf7b52','sys','系统码',NULL,'1','4df5534dc25f43f5a0d3ae2c2baf9325','1','系统码','026a564bbfd84861ac4b65393644beef','2017-07-19','026a564bbfd84861ac4b65393644beef','2017-08-22','true'),('aecdbfbb7b0749f0b882ff5c06ad3753','YES_NO_0','是','0','2','2b0281e730ac4923a1f02b4cea3ec03c','0','是','026a564bbfd84861ac4b65393644beef','2017-07-19',NULL,NULL,'0'),('af73bb0b04ea47d9ab8ac0e8435e11d9','act_field_type_2','参与连线判断','2','2','b8dbfbe5ebc740e2a621aaf8e9f93e14','2','参与连线判断','026a564bbfd84861ac4b65393644beef','2017-07-21',NULL,NULL,'false'),('b432d1d4a5154c519c8c426cbceb2446','act_task_result_5','转办',NULL,'1','c19fd8a436714d8d922726df6d97d5fc','5','转办','026a564bbfd84861ac4b65393644beef','2017-09-01',NULL,NULL,'false'),('b8dbfbe5ebc740e2a621aaf8e9f93e14','act_field_type','节点对应的字段类型',NULL,'1','e8a9e485ff8947718f43706c6de85c60','3','字段类型  1=可写(可写的也能读) 2=参与连线判断','026a564bbfd84861ac4b65393644beef','2017-07-21','026a564bbfd84861ac4b65393644beef','2017-09-26','false'),('b8e054a4fcc0444ab6907c457511d982','notice_soucre_2','流程通知','2','2','6fe9345581964c209e7ff866739d13fb','2','流程通知','026a564bbfd84861ac4b65393644beef','2017-09-01','026a564bbfd84861ac4b65393644beef','2017-11-02','false'),('bd3a3edd45db4129a946a3f34f68c186','act_node_type_1','开始节点','1','2','8532ec46674b44498ee08f4cefbcf6dd','7','开始节点','026a564bbfd84861ac4b65393644beef','2017-08-09',NULL,NULL,'false'),('c06463daea244c2980aa6a68ae0dde0c','act_user_type_1','用户','1','2','46e85988afa24fe4acaa90addec3046a','1','用户','026a564bbfd84861ac4b65393644beef','2017-07-21','026a564bbfd84861ac4b65393644beef','2017-07-21','false'),('c11c36c32e17411c8ec5ba638ad28731','act_judg','流程条件运算符',NULL,'1','e8a9e485ff8947718f43706c6de85c60','6','流程条件运算符','026a564bbfd84861ac4b65393644beef','2017-07-28','026a564bbfd84861ac4b65393644beef','2017-07-28','false'),('c12863d73db64db98be1a5eff382db70','act_examine_type_3','组织','3','2','fe58d909108f4fbda7ee78e9bde849ea','3','','026a564bbfd84861ac4b65393644beef','2017-07-24',NULL,NULL,'false'),('c15231e57f554821a58fd233ccb8af7f','act_Bus_type_4','回调','4','2','2f06861a28ff4fd68e73203ca2757b00','4','回调','026a564bbfd84861ac4b65393644beef','2017-07-25',NULL,NULL,'false'),('c19fd8a436714d8d922726df6d97d5fc','act_task_result','流程任务审批结果',NULL,'1','e8a9e485ff8947718f43706c6de85c60','10','流程任务审批结果','026a564bbfd84861ac4b65393644beef','2017-08-15','026a564bbfd84861ac4b65393644beef','2017-09-04','false'),('c3f2ff1b592c439f8b18fd36413f7f48','act_process_status_3','结束','3','2','325d95a84e6c46c0a37b2534815e6d8d','3','结束','026a564bbfd84861ac4b65393644beef','2017-08-14',NULL,NULL,'false'),('c5e12bdfd1cf4789981406323924854a','public','公用码',NULL,'1','4df5534dc25f43f5a0d3ae2c2baf9325','2','公用码','026a564bbfd84861ac4b65393644beef','2017-07-19',NULL,NULL,'0'),('c695e4c42fb0417d849af2f90af3b4a0','act_Bus_type_1','根节点','1','2','2f06861a28ff4fd68e73203ca2757b00','1','根节点','026a564bbfd84861ac4b65393644beef','2017-07-25',NULL,NULL,'false'),('c9be0d393d9d4e838a6dc3aa8e788a0d','act_result_2','不同意','2','2','3cc90674a0d5416594cf5afcaca10a6e','2','不同意','026a564bbfd84861ac4b65393644beef','2017-08-15',NULL,NULL,'false'),('cd9212fa11174570a2714d47658e9548','is_open','是否打开',NULL,'1','c5e12bdfd1cf4789981406323924854a','2','','026a564bbfd84861ac4b65393644beef','2017-07-26',NULL,NULL,'false'),('ceaa6974c53048938dbef6e8411e9399','act_user_type_3','组织','3','2','46e85988afa24fe4acaa90addec3046a','3','组织','026a564bbfd84861ac4b65393644beef','2017-07-21','026a564bbfd84861ac4b65393644beef','2017-07-21','false'),('dd3b72a16c634783814c668a3f5d82ed','act_judg_小于等于','小于等于','小于等于','2','c11c36c32e17411c8ec5ba638ad28731','5','小于等于','026a564bbfd84861ac4b65393644beef','2017-07-28','9270fc07603e457aba1c74d586615e64','2018-12-06','true'),('dd8c2aadb7aa4d9d824ab85988a4670d','act_Bus_type_2','分组','2','2','2f06861a28ff4fd68e73203ca2757b00','2','分组','026a564bbfd84861ac4b65393644beef','2017-07-25',NULL,NULL,'false'),('e0e88d6f79ff41d5958e21205dc93e28','act_user_type_2','角色','2','2','46e85988afa24fe4acaa90addec3046a','2','角色','026a564bbfd84861ac4b65393644beef','2017-07-21','026a564bbfd84861ac4b65393644beef','2017-07-21','false'),('e23bb5e7bf6b495b835b9d25f73676d7','act_node_action_1','审批','1','2','5d477b1523df4fb7811e2648e9bd2086','1','审批','026a564bbfd84861ac4b65393644beef','2017-07-21',NULL,NULL,'true'),('e5ce8103550c4044a11bdb285b88fcc0','notice','通知',NULL,'1','adffbaacc25543129abc86352ecf7b52','2','通知','026a564bbfd84861ac4b65393644beef','2017-09-01','026a564bbfd84861ac4b65393644beef','2017-09-01','false'),('e8a9e485ff8947718f43706c6de85c60','activiti','工作流',NULL,'1','adffbaacc25543129abc86352ecf7b52','1','工作流','026a564bbfd84861ac4b65393644beef','2017-07-21','026a564bbfd84861ac4b65393644beef','2017-09-26','true'),('f053291c0c654237b280c44580581a3e','notice_soucre_1','普通通知（人工发起）','1','2','6fe9345581964c209e7ff866739d13fb','1','普通通知','026a564bbfd84861ac4b65393644beef','2017-09-01','026a564bbfd84861ac4b65393644beef','2017-11-02','false'),('f2196b74abc84786843f57f1c5d0da13','act_judg_等于','等于','等于','2','c11c36c32e17411c8ec5ba638ad28731','1','等于','026a564bbfd84861ac4b65393644beef','2017-07-28','026a564bbfd84861ac4b65393644beef','2017-11-08','false'),('f37cdb5ece184b249543ef2f521b8b55','act_examine_type_1','用户','1','2','fe58d909108f4fbda7ee78e9bde849ea','1','','026a564bbfd84861ac4b65393644beef','2017-07-24',NULL,NULL,'false'),('f6df754090bc4db3846ca51c84df4563','act_node_type_2','审批节点','2','2','8532ec46674b44498ee08f4cefbcf6dd','2','审批节点','026a564bbfd84861ac4b65393644beef','2017-08-09',NULL,NULL,'false'),('f9a61a2364ed400e94f1acb88e271360','act_field_type_1','可写','1','2','b8dbfbe5ebc740e2a621aaf8e9f93e14','1','可写(可写的也能读)','026a564bbfd84861ac4b65393644beef','2017-07-21',NULL,NULL,'false'),('fe58d909108f4fbda7ee78e9bde849ea','act_examine_type','审批者类型',NULL,'1','e8a9e485ff8947718f43706c6de85c60','4','流程审批者类型','026a564bbfd84861ac4b65393644beef','2017-07-24',NULL,NULL,'false');

/*Table structure for table `sys_config` */

DROP TABLE IF EXISTS `sys_config`;

CREATE TABLE `sys_config` (
  `id` bigint(20) NOT NULL AUTO_INCREMENT,
  `key` varchar(50) DEFAULT NULL COMMENT 'key',
  `value` varchar(2000) DEFAULT NULL COMMENT 'value',
  `status` tinyint(4) DEFAULT '1' COMMENT '状态   0：隐藏   1：显示',
  `remark` varchar(500) DEFAULT NULL COMMENT '备注',
  PRIMARY KEY (`id`),
  UNIQUE KEY `key` (`key`)
) ENGINE=InnoDB AUTO_INCREMENT=5 DEFAULT CHARSET=utf8 COMMENT='系统配置信息表';

/*Data for the table `sys_config` */

insert  into `sys_config`(`id`,`key`,`value`,`status`,`remark`) values (2,'CLOUD_STORAGE_CONFIG_KEY','{\"aliyunAccessKeyId\":\"213\",\"aliyunAccessKeySecret\":\"123\",\"aliyunBucketName\":\"3\",\"aliyunDomain\":\"http://lill@13.com\",\"aliyunEndPoint\":\"123\",\"aliyunPrefix\":\"123\",\"localPrefix\":\"http://192.168.0.120\",\"qiniuAccessKey\":\"trytyyt\",\"qiniuBucketName\":\"quickIt\",\"qiniuDomain\":\"http://osaowv4s0.bkt.clouddn.com\",\"qiniuPrefix\":\"upload\",\"qiniuSecretKey\":\"trrtr\",\"type\":1}',0,NULL),(3,'啊','啊',1,'啊'),(4,'21','12',1,'12');

/*Table structure for table `sys_log` */

DROP TABLE IF EXISTS `sys_log`;

CREATE TABLE `sys_log` (
  `id` bigint(20) NOT NULL AUTO_INCREMENT,
  `username` varchar(50) DEFAULT NULL COMMENT '用户名',
  `operation` varchar(50) DEFAULT NULL COMMENT '用户操作',
  `method` varchar(200) DEFAULT NULL COMMENT '请求方法',
  `params` varchar(5000) DEFAULT NULL COMMENT '请求参数',
  `ip` varchar(64) DEFAULT NULL COMMENT 'IP地址',
  `create_date` datetime DEFAULT NULL COMMENT '创建时间',
  PRIMARY KEY (`id`)
) ENGINE=InnoDB AUTO_INCREMENT=2960 DEFAULT CHARSET=utf8 COMMENT='系统日志';

/*Data for the table `sys_log` */

insert  into `sys_log`(`id`,`username`,`operation`,`method`,`params`,`ip`,`create_date`) values (417,'超级管理员','查看定时任务列表','com.lmdsoft.sys.controller.ScheduleJobController.list()','{\"_search\":\"false\",\"nd\":\"1504505741741\",\"limit\":\"10\",\"page\":\"1\",\"sidx\":\"\",\"order\":\"asc\",\"_\":\"1504505741570\"}','0:0:0:0:0:0:0:1','2017-09-04 14:15:42'),(418,'超级管理员','查看云文件上传列表','com.lmdsoft.sys.controller.SysOssController.list()','{\"_search\":\"false\",\"nd\":\"1504505742658\",\"limit\":\"10\",\"page\":\"1\",\"sidx\":\"\",\"order\":\"asc\",\"_\":\"1504505742499\"}','0:0:0:0:0:0:0:1','2017-09-04 14:15:43'),(419,'超级管理员','查看配置列表','com.lmdsoft.sys.controller.SysConfigController.list()','{\"_search\":\"false\",\"nd\":\"1504505752658\",\"limit\":\"10\",\"page\":\"1\",\"sidx\":\"\",\"order\":\"asc\",\"_\":\"1504505752528\"}','0:0:0:0:0:0:0:1','2017-09-04 14:15:53'),(420,'超级管理员','查看字典','com.lmdsoft.sys.controller.CodeController.codeTree()',NULL,'0:0:0:0:0:0:0:1','2017-09-04 14:19:28'),(421,'超级管理员','查看字典','com.lmdsoft.sys.controller.CodeController.codeTree()',NULL,'0:0:0:0:0:0:0:1','2017-09-04 14:19:36'),(422,'超级管理员','查看字典','com.lmdsoft.sys.controller.CodeController.codeTree()',NULL,'0:0:0:0:0:0:0:1','2017-09-04 14:19:52'),(423,'超级管理员','查看字典','com.lmdsoft.sys.controller.CodeController.info()',NULL,'0:0:0:0:0:0:0:1','2017-09-04 14:20:01'),(424,'超级管理员','修改字典','com.lmdsoft.sys.controller.CodeController.update()',NULL,'0:0:0:0:0:0:0:1','2017-09-04 14:20:02'),(425,'超级管理员','查看字典','com.lmdsoft.sys.controller.CodeController.codeTree()',NULL,'0:0:0:0:0:0:0:1','2017-09-04 14:20:05'),(426,'超级管理员','查看字典','com.lmdsoft.sys.controller.CodeController.info()',NULL,'0:0:0:0:0:0:0:1','2017-09-04 14:20:50'),(427,'超级管理员','修改字典','com.lmdsoft.sys.controller.CodeController.update()',NULL,'0:0:0:0:0:0:0:1','2017-09-04 14:21:04'),(428,'超级管理员','查看字典','com.lmdsoft.sys.controller.CodeController.codeTree()',NULL,'0:0:0:0:0:0:0:1','2017-09-04 14:21:08'),(429,'超级管理员','查看字典','com.lmdsoft.sys.controller.CodeController.info()','\"c19fd8a436714d8d922726df6d97d5fc\"','0:0:0:0:0:0:0:1','2017-09-04 14:21:10'),(430,'超级管理员','修改字典','com.lmdsoft.sys.controller.CodeController.update()','{\"createId\":\"026a564bbfd84861ac4b65393644beef\",\"createTime\":1502726400000,\"id\":\"c19fd8a436714d8d922726df6d97d5fc\",\"mark\":\"act_task_result\",\"name\":\"流程任务审批结果\",\"open\":\"false\",\"parentId\":\"e8a9e485ff8947718f43706c6de85c60\",\"parentName\":\"工作流\",\"remark\":\"流程任务审批结果\",\"sort\":\"10\",\"type\":\"1\"}','0:0:0:0:0:0:0:1','2017-09-04 14:21:11'),(431,'超级管理员','查看角色列表','com.lmdsoft.sys.controller.RoleController.list()','{\"_search\":\"false\",\"nd\":\"1504506166916\",\"limit\":\"10\",\"page\":\"1\",\"sidx\":\"\",\"order\":\"asc\",\"_\":\"1504506166768\"}','0:0:0:0:0:0:0:1','2017-09-04 14:22:47'),(432,'超级管理员','查看系统用户列表','com.lmdsoft.sys.controller.UserController.list()','{\"_search\":\"false\",\"nd\":\"1504506167411\",\"limit\":\"10\",\"page\":\"1\",\"sidx\":\"\",\"order\":\"asc\",\"_\":\"1504506167242\"}','0:0:0:0:0:0:0:1','2017-09-04 14:22:47'),(2912,'admin','查看角色列表','com.lmdsoft.modules.sys.controller.RoleController.list()','{\"_search\":\"false\",\"nd\":\"1544354714761\",\"limit\":\"10\",\"page\":\"1\",\"sidx\":\"\",\"order\":\"asc\",\"_\":\"1544354714637\"}','0:0:0:0:0:0:0:1','2018-12-09 19:25:15'),(2913,'admin','查看系统用户列表','com.lmdsoft.modules.sys.controller.UserController.list()','{\"_search\":\"false\",\"nd\":\"1544354718538\",\"limit\":\"10\",\"page\":\"1\",\"sidx\":\"\",\"order\":\"asc\",\"_\":\"1544354718387\"}','0:0:0:0:0:0:0:1','2018-12-09 19:25:19'),(2914,'admin','查看字典','com.lmdsoft.modules.sys.controller.CodeController.codeTree()',NULL,'0:0:0:0:0:0:0:1','2018-12-09 19:26:06'),(2915,'admin','查看菜单','com.lmdsoft.modules.sys.controller.MenuController.info()','\"e700f061dae448e58cd81a68e17b3439\"','0:0:0:0:0:0:0:1','2018-12-09 19:26:09'),(2916,'admin','查看菜单','com.lmdsoft.modules.sys.controller.MenuController.info()','\"d15ebea9fba342519fe5ed26d0089e81\"','0:0:0:0:0:0:0:1','2018-12-09 19:26:10'),(2917,'admin','查看配置列表','com.lmdsoft.modules.sys.controller.SysConfigController.list()','{\"_search\":\"false\",\"nd\":\"1544354773021\",\"limit\":\"10\",\"page\":\"1\",\"sidx\":\"\",\"order\":\"asc\",\"_\":\"1544354772881\"}','0:0:0:0:0:0:0:1','2018-12-09 19:26:13'),(2918,'admin','退出系统','com.lmdsoft.modules.sys.controller.LoginController.logOut()',NULL,'0:0:0:0:0:0:0:1','2018-12-09 19:41:52'),(2919,'admin','查看字典','com.lmdsoft.modules.sys.controller.CodeController.codeTree()',NULL,'0:0:0:0:0:0:0:1','2018-12-20 11:48:31'),(2920,'admin','查看字典','com.lmdsoft.modules.sys.controller.CodeController.info()','\"103df6829961455ca09bb9a2b9987daf\"','0:0:0:0:0:0:0:1','2018-12-20 11:48:33'),(2921,'admin','查看字典','com.lmdsoft.modules.sys.controller.CodeController.info()','\"3cc90674a0d5416594cf5afcaca10a6e\"','0:0:0:0:0:0:0:1','2018-12-20 11:48:34'),(2922,'admin','查看配置列表','com.lmdsoft.modules.sys.controller.SysConfigController.list()','{\"_search\":\"false\",\"nd\":\"1545277726255\",\"limit\":\"10\",\"page\":\"1\",\"sidx\":\"\",\"order\":\"asc\",\"_\":\"1545277726191\"}','0:0:0:0:0:0:0:1','2018-12-20 11:48:46'),(2923,'admin','查看角色列表','com.lmdsoft.modules.sys.controller.RoleController.list()','{\"_search\":\"false\",\"nd\":\"1545277729679\",\"limit\":\"10\",\"page\":\"1\",\"sidx\":\"\",\"order\":\"asc\",\"_\":\"1545277729472\"}','0:0:0:0:0:0:0:1','2018-12-20 11:48:50'),(2924,'admin','查看系统用户列表','com.lmdsoft.modules.sys.controller.UserController.list()','{\"_search\":\"false\",\"nd\":\"1545277732777\",\"limit\":\"10\",\"page\":\"1\",\"sidx\":\"\",\"order\":\"asc\",\"_\":\"1545277732573\"}','0:0:0:0:0:0:0:1','2018-12-20 11:48:53'),(2925,'admin','查看组织','com.lmdsoft.modules.sys.controller.OrganController.info()','\"4ec329625a1047ea87a8dfe8dd0750d1\"','0:0:0:0:0:0:0:1','2018-12-20 11:48:59'),(2926,'admin','查看系统用户信息','com.lmdsoft.modules.sys.controller.UserController.info()','\"9270fc07603e457aba1c74d586615e64\"','0:0:0:0:0:0:0:1','2018-12-20 11:49:53'),(2927,'admin','查看系统用户列表','com.lmdsoft.modules.sys.controller.UserController.list()','{\"_search\":\"false\",\"nd\":\"1545277797309\",\"limit\":\"10\",\"page\":\"1\",\"sidx\":\"\",\"order\":\"asc\",\"userName\":\"\",\"_\":\"1545277732576\"}','0:0:0:0:0:0:0:1','2018-12-20 11:49:57'),(2928,'admin','查看定时任务列表','com.lmdsoft.modules.quartz.controller.ScheduleJobController.list()','{\"_search\":\"false\",\"nd\":\"1545278033712\",\"limit\":\"10\",\"page\":\"1\",\"sidx\":\"\",\"order\":\"asc\",\"_\":\"1545278033537\"}','0:0:0:0:0:0:0:1','2018-12-20 11:53:54'),(2929,'admin','查看系统用户列表','com.lmdsoft.modules.sys.controller.UserController.list()','{\"_search\":\"false\",\"nd\":\"1545278916188\",\"limit\":\"10\",\"page\":\"1\",\"sidx\":\"\",\"order\":\"asc\",\"_\":\"1545278915869\"}','0:0:0:0:0:0:0:1','2018-12-20 12:08:36'),(2930,'admin','查看系统用户列表','com.lmdsoft.modules.sys.controller.UserController.list()','{\"_search\":\"false\",\"nd\":\"1545279020932\",\"limit\":\"10\",\"page\":\"1\",\"sidx\":\"\",\"order\":\"asc\",\"_\":\"1545279020588\"}','0:0:0:0:0:0:0:1','2018-12-20 12:10:21'),(2931,'admin','查看系统用户列表','com.lmdsoft.modules.sys.controller.UserController.list()','{\"_search\":\"false\",\"nd\":\"1545282424643\",\"limit\":\"10\",\"page\":\"1\",\"sidx\":\"\",\"order\":\"asc\",\"_\":\"1545282424253\"}','0:0:0:0:0:0:0:1','2018-12-20 13:07:05'),(2932,'admin','查看系统用户列表','com.lmdsoft.modules.sys.controller.UserController.list()','{\"_search\":\"false\",\"nd\":\"1545283317426\",\"limit\":\"10\",\"page\":\"1\",\"sidx\":\"\",\"order\":\"asc\",\"_\":\"1545283317067\"}','0:0:0:0:0:0:0:1','2018-12-20 13:21:58'),(2933,'admin','查看字典','com.lmdsoft.modules.sys.controller.CodeController.codeTree()',NULL,'0:0:0:0:0:0:0:1','2018-12-20 17:17:02'),(2934,'admin','查看菜单','com.lmdsoft.modules.sys.controller.MenuController.info()','\"d15ebea9fba342519fe5ed26d0089e81\"','0:0:0:0:0:0:0:1','2018-12-20 17:17:08'),(2935,'admin','查看定时任务列表','com.lmdsoft.modules.quartz.controller.ScheduleJobController.list()','{\"_search\":\"false\",\"nd\":\"1545297431355\",\"limit\":\"10\",\"page\":\"1\",\"sidx\":\"\",\"order\":\"asc\",\"_\":\"1545297431124\"}','0:0:0:0:0:0:0:1','2018-12-20 17:17:11'),(2936,'admin','查看配置列表','com.lmdsoft.modules.sys.controller.SysConfigController.list()','{\"_search\":\"false\",\"nd\":\"1545297501919\",\"limit\":\"10\",\"page\":\"1\",\"sidx\":\"\",\"order\":\"asc\",\"_\":\"1545297501636\"}','0:0:0:0:0:0:0:1','2018-12-20 17:18:22'),(2937,'admin','查看字典','com.lmdsoft.modules.sys.controller.CodeController.codeTree()',NULL,'0:0:0:0:0:0:0:1','2018-12-20 17:36:16'),(2938,'admin','查看配置列表','com.lmdsoft.modules.sys.controller.SysConfigController.list()','{\"_search\":\"false\",\"nd\":\"1545298580049\",\"limit\":\"10\",\"page\":\"1\",\"sidx\":\"\",\"order\":\"asc\",\"_\":\"1545298579847\"}','0:0:0:0:0:0:0:1','2018-12-20 17:36:20'),(2939,'admin','查看角色列表','com.lmdsoft.modules.sys.controller.RoleController.list()','{\"_search\":\"false\",\"nd\":\"1545298594623\",\"limit\":\"10\",\"page\":\"1\",\"sidx\":\"\",\"order\":\"asc\",\"_\":\"1545298594403\"}','0:0:0:0:0:0:0:1','2018-12-20 17:36:35'),(2940,'admin','查看组织','com.lmdsoft.modules.sys.controller.OrganController.info()','\"ff6d5335b1c7456e9a2e7734062820b2\"','0:0:0:0:0:0:0:1','2018-12-20 17:36:45'),(2941,'admin','修改组织','com.lmdsoft.modules.sys.controller.OrganController.update()','{\"bapid\":\"0\",\"code\":\"0\",\"createId\":\"026a564bbfd84861ac4b65393644beef\",\"createTime\":1502853891000,\"id\":\"ff6d5335b1c7456e9a2e7734062820b2\",\"isDel\":\"1\",\"name\":\"北京LMDSFOT科技公司\",\"open\":\"true\",\"parentId\":\"0\",\"remark\":\"根节点\",\"sort\":\"1\",\"sysmark\":\"ff6d5335b1c7456e9a2e7734062820b2\",\"type\":\"0\",\"updateId\":\"026a564bbfd84861ac4b65393644beef\",\"updateTime\":1538210439000}','0:0:0:0:0:0:0:1','2018-12-20 17:37:08'),(2942,'admin','查看组织','com.lmdsoft.modules.sys.controller.OrganController.info()','\"7180f5a0c3624f4bb6fb758ab2c3bda6\"','0:0:0:0:0:0:0:1','2018-12-20 17:37:14'),(2943,'admin','查看组织','com.lmdsoft.modules.sys.controller.OrganController.info()','\"40ffec9b300c431e890c17beccf8e65c\"','0:0:0:0:0:0:0:1','2018-12-20 17:37:15'),(2944,'admin','查看组织','com.lmdsoft.modules.sys.controller.OrganController.info()','\"a694d140b8e44eb2baa5f26435c6a7f8\"','0:0:0:0:0:0:0:1','2018-12-20 17:37:16'),(2945,'admin','查看组织','com.lmdsoft.modules.sys.controller.OrganController.info()','\"9e6a3c71bcd84d45807aa6641ab1a642\"','0:0:0:0:0:0:0:1','2018-12-20 17:37:16'),(2946,'admin','查看组织','com.lmdsoft.modules.sys.controller.OrganController.info()','\"87242a528564455cad63417f74cd5d72\"','0:0:0:0:0:0:0:1','2018-12-20 17:37:17'),(2947,'admin','查看组织','com.lmdsoft.modules.sys.controller.OrganController.info()','\"f01c7fef659c41e1beceaead75d536c8\"','0:0:0:0:0:0:0:1','2018-12-20 17:37:17'),(2948,'admin','查看组织','com.lmdsoft.modules.sys.controller.OrganController.info()','\"58ecec3bba4447bf88f9079212b8e69e\"','0:0:0:0:0:0:0:1','2018-12-20 17:37:18'),(2949,'admin','查看组织','com.lmdsoft.modules.sys.controller.OrganController.info()','\"ff6d5335b1c7456e9a2e7734062820b2\"','0:0:0:0:0:0:0:1','2018-12-20 17:37:20'),(2950,'admin','查看组织','com.lmdsoft.modules.sys.controller.OrganController.info()','\"0eec919538bd4cd7bf3b1aebd54808f5\"','0:0:0:0:0:0:0:1','2018-12-20 17:37:21'),(2951,'admin','查看组织','com.lmdsoft.modules.sys.controller.OrganController.info()','\"40ffec9b300c431e890c17beccf8e65c\"','0:0:0:0:0:0:0:1','2018-12-20 17:37:21'),(2952,'admin','查看组织','com.lmdsoft.modules.sys.controller.OrganController.info()','\"4ec329625a1047ea87a8dfe8dd0750d1\"','0:0:0:0:0:0:0:1','2018-12-20 17:37:21'),(2953,'admin','查看组织','com.lmdsoft.modules.sys.controller.OrganController.info()','\"87242a528564455cad63417f74cd5d72\"','0:0:0:0:0:0:0:1','2018-12-20 17:37:22'),(2954,'admin','查看组织','com.lmdsoft.modules.sys.controller.OrganController.info()','\"f01c7fef659c41e1beceaead75d536c8\"','0:0:0:0:0:0:0:1','2018-12-20 17:37:22'),(2955,'admin','查看组织','com.lmdsoft.modules.sys.controller.OrganController.info()','\"40ffec9b300c431e890c17beccf8e65c\"','0:0:0:0:0:0:0:1','2018-12-20 17:37:24'),(2956,'admin','查看组织','com.lmdsoft.modules.sys.controller.OrganController.info()','\"0eec919538bd4cd7bf3b1aebd54808f5\"','0:0:0:0:0:0:0:1','2018-12-20 17:37:25'),(2957,'admin','查看组织','com.lmdsoft.modules.sys.controller.OrganController.info()','\"ff6d5335b1c7456e9a2e7734062820b2\"','0:0:0:0:0:0:0:1','2018-12-20 17:37:26'),(2958,'admin','修改组织','com.lmdsoft.modules.sys.controller.OrganController.update()','{\"bapid\":\"0\",\"code\":\"0\",\"createId\":\"026a564bbfd84861ac4b65393644beef\",\"createTime\":1502853891000,\"id\":\"ff6d5335b1c7456e9a2e7734062820b2\",\"isDel\":\"1\",\"name\":\"LMDSFOT科技公司\",\"open\":\"true\",\"parentId\":\"0\",\"remark\":\"根节点\",\"sort\":\"1\",\"sysmark\":\"ff6d5335b1c7456e9a2e7734062820b2\",\"type\":\"0\",\"updateId\":\"9270fc07603e457aba1c74d586615e64\",\"updateTime\":1545298628000}','0:0:0:0:0:0:0:1','2018-12-20 17:37:31'),(2959,'admin','查看系统用户列表','com.lmdsoft.modules.sys.controller.UserController.list()','{\"_search\":\"false\",\"nd\":\"1545298653970\",\"limit\":\"10\",\"page\":\"1\",\"sidx\":\"\",\"order\":\"asc\",\"_\":\"1545298653814\"}','0:0:0:0:0:0:0:1','2018-12-20 17:37:34');

/*Table structure for table `sys_menu` */

DROP TABLE IF EXISTS `sys_menu`;

CREATE TABLE `sys_menu` (
  `id` varchar(32) NOT NULL COMMENT '主键id',
  `parent_id` varchar(32) DEFAULT NULL COMMENT '父菜单id',
  `parent_ids` varchar(2000) DEFAULT NULL COMMENT '所有父id',
  `name` varchar(100) DEFAULT NULL COMMENT '菜单名称',
  `url` varchar(1000) DEFAULT NULL COMMENT '菜单链接',
  `icon` varchar(255) DEFAULT NULL COMMENT '菜单图标',
  `sort` int(11) DEFAULT NULL COMMENT '排序',
  `status` varchar(6) DEFAULT NULL COMMENT '状态（0显示，1隐藏)',
  `permission` varchar(255) DEFAULT NULL COMMENT '权限标识',
  `remark` varchar(255) DEFAULT NULL COMMENT '备注',
  `create_time` datetime DEFAULT NULL,
  `create_id` varchar(32) DEFAULT NULL,
  `update_id` varchar(32) DEFAULT NULL,
  `update_time` datetime DEFAULT NULL,
  `type` varchar(255) DEFAULT NULL,
  `open` varchar(5) DEFAULT NULL COMMENT '是否展开 true 是 false 否',
  `bapid` varchar(32) DEFAULT NULL COMMENT '机构',
  `baid` varchar(32) DEFAULT NULL COMMENT '部门',
  PRIMARY KEY (`id`)
) ENGINE=InnoDB DEFAULT CHARSET=utf8 COMMENT='菜单表';

/*Data for the table `sys_menu` */

insert  into `sys_menu`(`id`,`parent_id`,`parent_ids`,`name`,`url`,`icon`,`sort`,`status`,`permission`,`remark`,`create_time`,`create_id`,`update_id`,`update_time`,`type`,`open`,`bapid`,`baid`) values ('0',NULL,NULL,'根目录',NULL,NULL,NULL,'1',NULL,NULL,NULL,NULL,NULL,NULL,'0','true',NULL,NULL),('0c410538dff54d35a1e19c7524c20e47','1eabb55ae2fa4f5e890c7739c1678e44','0','删除','',NULL,17,'1','sys:config:delete',NULL,'2017-08-29 22:03:44','026a564bbfd84861ac4b65393644beef','026a564bbfd84861ac4b65393644beef','2017-06-29 11:36:06','2','false',NULL,NULL),('0c7df2638a464cd5b165547e07dd5409','f4f6af97585d401f918afedd3ca223e9','0','日志列表','',NULL,14,'1','sys:schedule:log',NULL,'2017-08-29 22:06:44','026a564bbfd84861ac4b65393644beef','026a564bbfd84861ac4b65393644beef','2017-06-29 11:32:31','2','false',NULL,NULL),('0e6213b719bd424a9c794ee87f64333e','1e7867f5ef3748bbaa2060b0192b8ff0','0','生成代码','',NULL,20,'1','sys:generator:code',NULL,'2017-08-29 22:00:22','44b66661d5954f36a26465d96e837cf7','026a564bbfd84861ac4b65393644beef','2017-06-26 15:10:40','2','false',NULL,NULL),('1','0','0','系统管理','23','fa fa-cog',1,'1','32',NULL,NULL,NULL,'026a564bbfd84861ac4b65393644beef','2017-10-12 10:20:01','0','false',NULL,NULL),('14c58e44d6754c92806e1b97614c49b9','b7ab517a15b74dea812ee7ef32847a48','0','所有权限','',NULL,1,'1','sys:organ:all',NULL,'2017-08-29 22:11:25','026a564bbfd84861ac4b65393644beef','026a564bbfd84861ac4b65393644beef','2017-08-16 11:30:16','2','false',NULL,NULL),('1515daa136ba41f783e82318f851d343','1','0','字典管理','sys/code.htm','fa fa-bell-o',6,'1','sys:code:codeTree',NULL,'2017-07-14 15:14:04','026a564bbfd84861ac4b65393644beef','026a564bbfd84861ac4b65393644beef','2017-09-26 11:45:35','1',NULL,NULL,NULL),('15d2074a502f443cb760f613a40df598','8b1f46f8ba6e455790a515c32e0329c5',NULL,'保存/更新',NULL,NULL,0,'1','sys:user:update',NULL,'2017-05-18 19:31:05','026a564bbfd84861ac4b65393644beef','026a564bbfd84861ac4b65393644beef','2017-08-29 22:08:39','2','false',NULL,NULL),('1cabf71492834ffa9eb5fb85aeca9f14','f4f6af97585d401f918afedd3ca223e9','0','查看信息','',NULL,14,'1','sys:schedule:info',NULL,'2017-10-11 19:25:17','026a564bbfd84861ac4b65393644beef','026a564bbfd84861ac4b65393644beef','2017-06-29 11:32:31','2','false',NULL,NULL),('1e7867f5ef3748bbaa2060b0192b8ff0','1','0','代码生成','gen/generator.htm','fa fa-check-circle',20,'1','sys:generator:list',NULL,'2017-06-28 17:35:34','026a564bbfd84861ac4b65393644beef','026a564bbfd84861ac4b65393644beef','2017-12-27 14:09:29','1','false',NULL,NULL),('1eabb55ae2fa4f5e890c7739c1678e44','1','0','系统参数','sys/config.htm','fa fa-cog',17,'1','sys:config:list',NULL,'2017-06-29 11:33:47','026a564bbfd84861ac4b65393644beef','026a564bbfd84861ac4b65393644beef','2017-06-29 11:36:06','1',NULL,NULL,NULL),('1f936af47d064ab4989aadf6373e6502','1515daa136ba41f783e82318f851d343','0','保存/更新','',NULL,6,'1','sys:code:update',NULL,'2017-07-24 09:46:51','026a564bbfd84861ac4b65393644beef','026a564bbfd84861ac4b65393644beef','2017-08-29 21:54:24','2','false',NULL,NULL),('2','1','1','菜单','sys/menu.htm','fa fa-bullhorn',12,'1','sys:menu:list',NULL,NULL,NULL,'026a564bbfd84861ac4b65393644beef','2017-09-26 10:40:07','1','false',NULL,NULL),('239474f2afbf4196a6fc755c88be008d','1','0','sql监控','druid/sql.htm','fa fa-tachometer',8,'1','',NULL,'2017-10-11 21:07:45','026a564bbfd84861ac4b65393644beef','026a564bbfd84861ac4b65393644beef','2017-10-11 21:24:21','1','false',NULL,NULL),('3733b9170b1e4994bddcf1ce62c4c082','a226fea7f33245bcb3fc50159accfe7d',NULL,'查看',NULL,NULL,6,NULL,'gentest:info',NULL,NULL,NULL,NULL,NULL,'2',NULL,NULL,NULL),('39cb0308a7fc4f7fb6c49440224ac2a4','9e8dc02fe5614580bdf5f6ca9a852b70',NULL,'启用','',NULL,0,'1','sys:role:enabled',NULL,'2017-09-15 14:11:24','026a564bbfd84861ac4b65393644beef','026a564bbfd84861ac4b65393644beef','2017-06-29 17:32:59','2','false',NULL,NULL),('4','2','2','保存/更新',NULL,NULL,NULL,'1','sys:menu:update',NULL,NULL,NULL,'026a564bbfd84861ac4b65393644beef','2017-08-29 22:04:39','2','false',NULL,NULL),('4565ee01959c478d96c4071d3bb2a36f','f4f6af97585d401f918afedd3ca223e9','0','立即执行','sys/schedule.htm',NULL,11,'1','sys:schedule:run',NULL,'2017-06-26 15:57:14','026a564bbfd84861ac4b65393644beef','026a564bbfd84861ac4b65393644beef','2017-08-29 22:05:58','2','false',NULL,NULL),('4e053e35bfed492fa6248e4888addd67','1515daa136ba41f783e82318f851d343','0','查看信息','',NULL,6,'1','sys:code:info',NULL,'2017-07-24 09:46:36','026a564bbfd84861ac4b65393644beef','026a564bbfd84861ac4b65393644beef','2017-06-29 17:32:36','2','false',NULL,NULL),('5584eb27178048c6acd7ddef0b173047','a226fea7f33245bcb3fc50159accfe7d',NULL,'新增',NULL,NULL,6,NULL,'gentest:save',NULL,NULL,NULL,NULL,NULL,'2',NULL,NULL,NULL),('6','2','2','删除',NULL,NULL,NULL,'1','sys:menu:delete',NULL,NULL,NULL,'026a564bbfd84861ac4b65393644beef','2017-08-29 22:05:01','2','false',NULL,NULL),('624b686dd7884be48f41fcb6bf86c272','e700f061dae448e58cd81a68e17b3439','0','我的待办','act/deal/myUpcoming','fa fa-comment-o',6,'1','act:model:myUpcoming',NULL,'2017-08-07 13:21:36','026a564bbfd84861ac4b65393644beef','026a564bbfd84861ac4b65393644beef','2017-09-26 21:36:01','1','false',NULL,NULL),('62bdcab5fe5f4e5fa7ab79fcd8cb47c4','8b1f46f8ba6e455790a515c32e0329c5',NULL,'禁用',NULL,NULL,0,'1','sys:user:delete',NULL,'2017-05-18 19:31:29','026a564bbfd84861ac4b65393644beef','026a564bbfd84861ac4b65393644beef','2017-09-15 14:29:22','2','false',NULL,NULL),('690b7470fe394a6a8d9d0fa1340f18dc','f4f6af97585d401f918afedd3ca223e9','0','暂停定时','sys/schedule.htm',NULL,11,'1','sys:schedule:pause',NULL,'2017-06-26 15:57:30','026a564bbfd84861ac4b65393644beef','026a564bbfd84861ac4b65393644beef','2017-08-29 22:06:04','2',NULL,NULL,NULL),('695388220b704cdaa72539c5f82fb254','1eabb55ae2fa4f5e890c7739c1678e44','0','保存/更新','',NULL,17,'1','sys:config:update',NULL,'2017-08-29 22:03:32','026a564bbfd84861ac4b65393644beef','026a564bbfd84861ac4b65393644beef','2017-06-29 11:36:06','2','false',NULL,NULL),('7','2','2','查看信息',NULL,NULL,NULL,NULL,'sys:menu:info',NULL,NULL,NULL,'026a564bbfd84861ac4b65393644beef','2017-08-29 22:05:10','2','false',NULL,NULL),('7cec2d46083c47bba323436cb409693f','8b1f46f8ba6e455790a515c32e0329c5',NULL,'启用','',NULL,1,'1','sys:user:enabled',NULL,'2017-09-15 12:02:40','026a564bbfd84861ac4b65393644beef','026a564bbfd84861ac4b65393644beef','2017-09-15 14:29:55','2','false',NULL,NULL),('80030434d10548968beaaeed79c3408b','8b1f46f8ba6e455790a515c32e0329c5',NULL,'查看信息','',NULL,1,'1','sys:user:info',NULL,'2017-08-29 22:09:38','026a564bbfd84861ac4b65393644beef','026a564bbfd84861ac4b65393644beef','2017-06-29 17:33:35','2','false',NULL,NULL),('84999d96d67a423abde2870ac553798b','a226fea7f33245bcb3fc50159accfe7d',NULL,'删除',NULL,NULL,6,NULL,'gentest:delete',NULL,NULL,NULL,NULL,NULL,'2',NULL,NULL,NULL),('866aa98844be494bbe669d29a76aff7b','8ae83f604d394671ae78d763c3f41ded',NULL,'收到通知','sys/notice/myList','fa fa-comment-o',1,'1','sys:notice:all',NULL,'2017-09-01 11:38:55','026a564bbfd84861ac4b65393644beef','026a564bbfd84861ac4b65393644beef','2017-09-27 09:31:36','1','false',NULL,NULL),('8ae83f604d394671ae78d763c3f41ded','0',NULL,'通知管理','','fa fa-bullhorn',4,'1','',NULL,'2017-09-01 11:35:46','026a564bbfd84861ac4b65393644beef','026a564bbfd84861ac4b65393644beef','2017-09-01 11:39:33','0','false',NULL,NULL),('8b1f46f8ba6e455790a515c32e0329c5','feb235067fd7400090b0aa5451e4a5a4',NULL,'系统用户','sys/user.htm','fa fa-bar-chart-o',1,'1','sys:user:list',NULL,'2017-05-10 14:01:31','026a564bbfd84861ac4b65393644beef','026a564bbfd84861ac4b65393644beef','2017-09-26 11:52:05','1',NULL,NULL,NULL),('90ca98befe9f4a67a07d5ab5fb2f3de3','1515daa136ba41f783e82318f851d343','0','删除','',NULL,6,'1','sys:code:delete',NULL,'2017-07-24 09:47:19','026a564bbfd84861ac4b65393644beef','026a564bbfd84861ac4b65393644beef','2017-06-29 17:32:36','2','false',NULL,NULL),('9181aafab10044d99267598e54f0057b','e700f061dae448e58cd81a68e17b3439','0','请假流程测试','demo/leave/list','fa fa-archive',3,'1','act:model:all',NULL,'2017-07-31 14:09:32','026a564bbfd84861ac4b65393644beef','026a564bbfd84861ac4b65393644beef','2017-09-26 21:37:37','1','false',NULL,NULL),('9193197e3e0b470d9a18a68e3b0357e6','a226fea7f33245bcb3fc50159accfe7d',NULL,'修改',NULL,NULL,6,NULL,'gentest:update',NULL,NULL,NULL,NULL,NULL,'2',NULL,NULL,NULL),('9d22510a1b1a40459619c5b2fdddfdc2','9e8dc02fe5614580bdf5f6ca9a852b70',NULL,'禁用',NULL,NULL,0,'1','sys:role:delete',NULL,'2017-05-18 21:35:21','026a564bbfd84861ac4b65393644beef','026a564bbfd84861ac4b65393644beef','2017-09-15 14:29:28','2','false',NULL,NULL),('9e8dc02fe5614580bdf5f6ca9a852b70','feb235067fd7400090b0aa5451e4a5a4',NULL,'系统角色','sys/role.htm','fa fa-rouble',0,'1','sys:role:list',NULL,'2017-05-12 09:31:31','026a564bbfd84861ac4b65393644beef','026a564bbfd84861ac4b65393644beef','2017-09-26 11:51:52','1','false',NULL,NULL),('a226fea7f33245bcb3fc50159accfe7d','1',NULL,'测试代码生成器','gen/gentest.htm','fa fa-file-code-o',6,NULL,'gentest:list',NULL,NULL,NULL,NULL,NULL,'1',NULL,NULL,NULL),('a73be9e0371848e18135652f632a117f','e700f061dae448e58cd81a68e17b3439','0','业务树管理','act/bus/busTree','fa fa-archive',2,'1','act:bus:all',NULL,'2017-07-25 19:57:31','026a564bbfd84861ac4b65393644beef','026a564bbfd84861ac4b65393644beef','2017-09-26 21:40:52','1','false',NULL,NULL),('b7ab517a15b74dea812ee7ef32847a48','feb235067fd7400090b0aa5451e4a5a4','0','组织机构','sys/organ.htm','fa fa-cog',1,'1','sys:organ:all',NULL,'2017-07-19 19:42:23','026a564bbfd84861ac4b65393644beef','026a564bbfd84861ac4b65393644beef','2017-09-26 11:52:28','1',NULL,NULL,NULL),('bb5bc94a71a546aba5d9f813b6a352bb','8b1f46f8ba6e455790a515c32e0329c5',NULL,'重置密码','',NULL,1,'1','sys:user:reset',NULL,'2017-09-15 12:23:29','026a564bbfd84861ac4b65393644beef','026a564bbfd84861ac4b65393644beef','2017-09-15 14:31:32','2','false',NULL,NULL),('bbe03cab3b4a45c2a4dd972c80ef4224','e700f061dae448e58cd81a68e17b3439','0','流程设计','act/model/list','fa fa-archive',1,'1','act:model:all',NULL,'2017-07-12 15:19:56','026a564bbfd84861ac4b65393644beef','026a564bbfd84861ac4b65393644beef','2017-09-26 19:25:27','1',NULL,NULL,NULL),('bc82a59fa9034622a66e13fd830def06','e700f061dae448e58cd81a68e17b3439','0','我的已办','act/deal/myDoneList','fa fa-puzzle-piece',5,'1','act:model:myUpcoming',NULL,'2017-08-14 11:23:37','026a564bbfd84861ac4b65393644beef','026a564bbfd84861ac4b65393644beef','2017-09-26 21:35:46','1','false',NULL,NULL),('c898d73ff1fb49dc89909ed13452103a','9e8dc02fe5614580bdf5f6ca9a852b70',NULL,'保存/更新',NULL,NULL,0,'1','sys:role:update',NULL,'2017-05-18 20:37:18','026a564bbfd84861ac4b65393644beef','026a564bbfd84861ac4b65393644beef','2017-08-29 22:10:19','2','false',NULL,NULL),('ce4a2b7afad24616abd283f4741fe3e0','9e8dc02fe5614580bdf5f6ca9a852b70',NULL,'查看信息','',NULL,NULL,'1','sys:role:info',NULL,'2017-05-18 20:34:07','026a564bbfd84861ac4b65393644beef','026a564bbfd84861ac4b65393644beef','2017-08-29 22:10:47','2','false',NULL,NULL),('cefab951f1474646b9419828db47c362','f4f6af97585d401f918afedd3ca223e9','0','保存/更新','',NULL,14,'1','sys:schedule:update',NULL,'2017-08-25 09:29:35','026a564bbfd84861ac4b65393644beef','026a564bbfd84861ac4b65393644beef','2017-10-11 18:01:02','2','false',NULL,NULL),('d15ebea9fba342519fe5ed26d0089e81','0',NULL,'内容管理','','fa fa-book',5,'1','',NULL,'2018-09-20 15:23:49','026a564bbfd84861ac4b65393644beef',NULL,NULL,'1','true',NULL,NULL),('e700f061dae448e58cd81a68e17b3439','0','0','工作流管理','test/testjsp','fa fa-archive',3,'1','',NULL,'2017-07-10 14:10:15','026a564bbfd84861ac4b65393644beef','026a564bbfd84861ac4b65393644beef','2017-09-01 11:36:24','0',NULL,NULL,NULL),('f161e717976340e89c68b93abb87419d','f8524c36e2584ff5a2e374c3727c39c5','0','所有权限','',NULL,16,'1','sys:oss:all',NULL,'2017-08-29 22:07:42','026a564bbfd84861ac4b65393644beef','026a564bbfd84861ac4b65393644beef','2017-06-29 11:35:45','2','false',NULL,NULL),('f4d418f7f9174338acc595151daa020f','f4f6af97585d401f918afedd3ca223e9','0','恢复定时','sys/schedule.htm',NULL,11,'1','sys:schedule:resume',NULL,'2017-06-26 15:57:44','026a564bbfd84861ac4b65393644beef','026a564bbfd84861ac4b65393644beef','2017-08-29 22:06:12','2','false',NULL,NULL),('f4f6af97585d401f918afedd3ca223e9','1','0','定时任务','quartz/schedule.htm','fa fa-rub',14,'1','sys:schedule:list',NULL,'2017-06-26 11:42:14','026a564bbfd84861ac4b65393644beef','026a564bbfd84861ac4b65393644beef','2017-12-27 13:52:30','1',NULL,NULL,NULL),('f7a850cb503c4b2cb5dc27081aca3325','f4f6af97585d401f918afedd3ca223e9','0','删除','sys/schedule.htm',NULL,11,'1','sys:schedule:delete',NULL,'2017-06-26 15:56:53','026a564bbfd84861ac4b65393644beef','026a564bbfd84861ac4b65393644beef','2017-08-29 22:06:16','2','false',NULL,NULL),('f8524c36e2584ff5a2e374c3727c39c5','1','0','云文件上传','oss/oss.htm','fa fa-camera',16,'1','sys:oss:all',NULL,'2017-06-29 11:35:30','026a564bbfd84861ac4b65393644beef','026a564bbfd84861ac4b65393644beef','2017-12-27 13:52:44','1',NULL,NULL,NULL),('fdd70e08ae994de18009bc95f4f51fff','1','0','系统日志','sys/log.htm','fa fa-fighter-jet',30,'1','sys:log:list',NULL,'2017-06-29 21:47:49','026a564bbfd84861ac4b65393644beef','026a564bbfd84861ac4b65393644beef','2017-09-26 11:50:23','1','false',NULL,NULL),('feb235067fd7400090b0aa5451e4a5a4','0',NULL,'权限管理',NULL,'fa fa-certificate',2,'1',NULL,NULL,'2017-06-29 17:31:31','026a564bbfd84861ac4b65393644beef','026a564bbfd84861ac4b65393644beef','2017-09-27 11:04:21','0','false',NULL,NULL);

/*Table structure for table `sys_notice` */

DROP TABLE IF EXISTS `sys_notice`;

CREATE TABLE `sys_notice` (
  `id` varchar(32) NOT NULL,
  `context` varchar(512) DEFAULT NULL COMMENT '通知内容',
  `title` varchar(255) DEFAULT NULL COMMENT '通知标题',
  `soucre` varchar(3) DEFAULT NULL COMMENT '通知来源 1=普通通知（人工发起） 2=流程通知',
  `status` varchar(3) DEFAULT NULL COMMENT '通知状态 0=已发布 1=草稿 ',
  `is_urgent` varchar(3) DEFAULT NULL COMMENT '是否紧急 0是1否',
  `release_timee` datetime DEFAULT NULL COMMENT '发布时间',
  `create_time` datetime DEFAULT NULL,
  `update_time` datetime DEFAULT NULL,
  `create_id` varchar(32) DEFAULT NULL,
  `update_id` varchar(32) DEFAULT NULL,
  `remark` varchar(255) DEFAULT NULL COMMENT '备用字段',
  PRIMARY KEY (`id`)
) ENGINE=InnoDB DEFAULT CHARSET=utf8 COMMENT='通知';

/*Data for the table `sys_notice` */

insert  into `sys_notice`(`id`,`context`,`title`,`soucre`,`status`,`is_urgent`,`release_timee`,`create_time`,`update_time`,`create_id`,`update_id`,`remark`) values ('71c9f07ae7934eb881b051cb139ed764','亲，你提交的流程【请假】已经审批结束了,请查阅对应模块！','流程通知【请假】','2','0','0','2017-09-04 13:13:52','2017-09-04 13:13:52',NULL,NULL,NULL,NULL);

/*Table structure for table `sys_notice_user` */

DROP TABLE IF EXISTS `sys_notice_user`;

CREATE TABLE `sys_notice_user` (
  `id` varchar(32) NOT NULL,
  `user_id` varchar(32) DEFAULT NULL COMMENT '用户id',
  `notice_id` varchar(32) DEFAULT NULL,
  `status` varchar(3) DEFAULT NULL COMMENT '0已读 1未读',
  `remark` varchar(255) DEFAULT NULL COMMENT '备用字段',
  PRIMARY KEY (`id`)
) ENGINE=InnoDB DEFAULT CHARSET=utf8 COMMENT='通知和用户关系表';

/*Data for the table `sys_notice_user` */

insert  into `sys_notice_user`(`id`,`user_id`,`notice_id`,`status`,`remark`) values ('e9fed829a40645feb2bddbf3532bd527','026a564bbfd84861ac4b65393644beef','71c9f07ae7934eb881b051cb139ed764','0',NULL);

/*Table structure for table `sys_organ` */

DROP TABLE IF EXISTS `sys_organ`;

CREATE TABLE `sys_organ` (
  `id` varchar(32) NOT NULL,
  `bapid` varchar(32) DEFAULT NULL COMMENT '该部门的归属机构ID ，只有当是部门的时候才生效',
  `type` varchar(1) DEFAULT NULL COMMENT '结点类型：0=根节点 ，1=机构，2=部门',
  `code` varchar(64) DEFAULT NULL COMMENT '编号',
  `name` varchar(64) DEFAULT NULL COMMENT '节点的名字',
  `parent_id` varchar(32) DEFAULT NULL COMMENT '节点的父节点',
  `is_del` varchar(1) DEFAULT NULL COMMENT '是否删除 0 是 1 否',
  `sysmark` varchar(1024) DEFAULT NULL COMMENT '系统标识，32*10+9 最多支持10级节点。用户具体一批数据的控制',
  `sort` varchar(4) DEFAULT NULL COMMENT '在同一级节点中的序号',
  `open` varchar(5) DEFAULT NULL COMMENT '是否展开 true 是 false 否',
  `remark` varchar(255) DEFAULT NULL,
  `create_id` varchar(32) DEFAULT NULL,
  `create_time` datetime DEFAULT NULL,
  `update_id` varchar(32) DEFAULT NULL,
  `update_time` datetime DEFAULT NULL,
  PRIMARY KEY (`id`)
) ENGINE=InnoDB DEFAULT CHARSET=utf8 COMMENT='组织表';

/*Data for the table `sys_organ` */

insert  into `sys_organ`(`id`,`bapid`,`type`,`code`,`name`,`parent_id`,`is_del`,`sysmark`,`sort`,`open`,`remark`,`create_id`,`create_time`,`update_id`,`update_time`) values ('0682f9937a414384ab63cd1026a64247',NULL,'2','3002','后端部','cc94bb0c7d744aba90ba00149bf96984','0','ff6d5335b1c7456e9a2e7734062820b2','2','true','','9270fc07603e457aba1c74d586615e64','2018-09-29 13:32:32','9270fc07603e457aba1c74d586615e64','2018-09-29 13:27:58'),('076cb63f2c9445259042295e5cf0dfaa',NULL,'2','3001','移动部','cc94bb0c7d744aba90ba00149bf96984','0','ff6d5335b1c7456e9a2e7734062820b2','1','true','','9270fc07603e457aba1c74d586615e64','2018-09-29 13:31:33','9270fc07603e457aba1c74d586615e64','2018-09-29 13:27:58'),('0eec919538bd4cd7bf3b1aebd54808f5','7180f5a0c3624f4bb6fb758ab2c3bda6','2','101','销售部','7180f5a0c3624f4bb6fb758ab2c3bda6','1','ff6d5335b1c7456e9a2e7734062820b2','1','true','销售部','026a564bbfd84861ac4b65393644beef','2017-08-16 11:27:39','026a564bbfd84861ac4b65393644beef','2018-09-29 16:39:12'),('40ffec9b300c431e890c17beccf8e65c','7180f5a0c3624f4bb6fb758ab2c3bda6','2','102','运营部','7180f5a0c3624f4bb6fb758ab2c3bda6','1','ff6d5335b1c7456e9a2e7734062820b2','2','true','运营部','026a564bbfd84861ac4b65393644beef','2017-08-16 11:28:03','026a564bbfd84861ac4b65393644beef','2018-09-29 16:39:26'),('4df0426bb7014e95b945ec960917c247',NULL,'1','300','IT信息中心','ff6d5335b1c7456e9a2e7734062820b2','1','ff6d5335b1c7456e9a2e7734062820b2','3','true','IT信息中心','026a564bbfd84861ac4b65393644beef','2018-09-29 16:41:34','026a564bbfd84861ac4b65393644beef','2018-09-29 16:40:39'),('4ec329625a1047ea87a8dfe8dd0750d1','a694d140b8e44eb2baa5f26435c6a7f8','2','201','风控部','a694d140b8e44eb2baa5f26435c6a7f8','1','ff6d5335b1c7456e9a2e7734062820b2','1','true','风控部门','026a564bbfd84861ac4b65393644beef','2017-08-16 11:28:49','026a564bbfd84861ac4b65393644beef','2018-09-29 16:44:35'),('58ecec3bba4447bf88f9079212b8e69e',NULL,'2','302','后台服务端部','4df0426bb7014e95b945ec960917c247','1','ff6d5335b1c7456e9a2e7734062820b2','2','true','后台服务端部','026a564bbfd84861ac4b65393644beef','2018-09-29 16:42:56','026a564bbfd84861ac4b65393644beef','2018-09-29 16:40:39'),('7180f5a0c3624f4bb6fb758ab2c3bda6','0','1','001','深圳分公司','ff6d5335b1c7456e9a2e7734062820b2','1','ff6d5335b1c7456e9a2e7734062820b2','1','true','深圳分公司','026a564bbfd84861ac4b65393644beef','2017-08-16 11:25:43','026a564bbfd84861ac4b65393644beef','2018-09-29 16:38:07'),('815f7cbe4c0243ba80d906e08504b02e','a694d140b8e44eb2baa5f26435c6a7f8','1','2342','234','82b83e9b275b48ff9278a8b697d4ae5b','0','ff6d5335b1c7456e9a2e7734062820b2','32','true','423','026a564bbfd84861ac4b65393644beef','2017-11-16 21:59:33','026a564bbfd84861ac4b65393644beef','2017-08-22 18:41:27'),('82b83e9b275b48ff9278a8b697d4ae5b','a694d140b8e44eb2baa5f26435c6a7f8','1','tes','234','ff6d5335b1c7456e9a2e7734062820b2','0','ff6d5335b1c7456e9a2e7734062820b2','324','true','','026a564bbfd84861ac4b65393644beef','2017-11-16 21:59:25','026a564bbfd84861ac4b65393644beef','2017-08-22 18:41:27'),('87242a528564455cad63417f74cd5d72',NULL,'2','301','测试部','4df0426bb7014e95b945ec960917c247','1','ff6d5335b1c7456e9a2e7734062820b2','1','true','测试部','026a564bbfd84861ac4b65393644beef','2018-09-29 16:42:00','026a564bbfd84861ac4b65393644beef','2018-09-29 16:40:39'),('8a726eabdc8d4bff880b7d6f6ed59d52','a694d140b8e44eb2baa5f26435c6a7f8','2','2','2','ff6d5335b1c7456e9a2e7734062820b2','0','ff6d5335b1c7456e9a2e7734062820b2','2','true','','026a564bbfd84861ac4b65393644beef','2017-09-04 10:30:37','026a564bbfd84861ac4b65393644beef','2017-08-22 18:41:27'),('988fed2319e14ebbb1ecf6ddc74e594c','a694d140b8e44eb2baa5f26435c6a7f8','1','1','1','ff6d5335b1c7456e9a2e7734062820b2','0','ff6d5335b1c7456e9a2e7734062820b2','1','true','1','026a564bbfd84861ac4b65393644beef','2017-09-04 10:30:27','026a564bbfd84861ac4b65393644beef','2017-08-22 18:41:27'),('99c08a6b4b3e40edb291e6dffc0b2e3c','a694d140b8e44eb2baa5f26435c6a7f8','1','xx','xx','ff6d5335b1c7456e9a2e7734062820b2','0','ff6d5335b1c7456e9a2e7734062820b2','1','true','xx','026a564bbfd84861ac4b65393644beef','2017-11-14 16:14:48','026a564bbfd84861ac4b65393644beef','2017-08-22 18:41:27'),('9c34a5db339f462d8c55b6217fcfa764',NULL,'1','xx','xx','ff6d5335b1c7456e9a2e7734062820b2','0','ff6d5335b1c7456e9a2e7734062820b2','','true','xx','026a564bbfd84861ac4b65393644beef','2017-11-14 16:16:52','026a564bbfd84861ac4b65393644beef','2017-08-22 18:41:27'),('9e6a3c71bcd84d45807aa6641ab1a642','a694d140b8e44eb2baa5f26435c6a7f8','2','202','市场部','a694d140b8e44eb2baa5f26435c6a7f8','1','ff6d5335b1c7456e9a2e7734062820b2','2','true','测试部门','026a564bbfd84861ac4b65393644beef','2017-08-16 11:29:10','026a564bbfd84861ac4b65393644beef','2018-09-29 16:44:26'),('a694d140b8e44eb2baa5f26435c6a7f8','0','1','002','重庆分公司','ff6d5335b1c7456e9a2e7734062820b2','1','ff6d5335b1c7456e9a2e7734062820b2','2','true','重庆分公司','026a564bbfd84861ac4b65393644beef','2017-08-16 11:26:16','026a564bbfd84861ac4b65393644beef','2018-09-29 16:39:43'),('b416c33a10674690b2fbf77c639aeb5d','a694d140b8e44eb2baa5f26435c6a7f8','1','320','test','ff6d5335b1c7456e9a2e7734062820b2','0','ff6d5335b1c7456e9a2e7734062820b2','3','true','','026a564bbfd84861ac4b65393644beef','2017-09-04 10:08:01','026a564bbfd84861ac4b65393644beef','2017-08-22 18:41:27'),('c8aff5338a574ac881d3a4ed2cadb7b9',NULL,'1','a','a','ff6d5335b1c7456e9a2e7734062820b2','0','ff6d5335b1c7456e9a2e7734062820b2','','true','a','026a564bbfd84861ac4b65393644beef','2017-11-16 22:03:41','026a564bbfd84861ac4b65393644beef','2017-08-22 18:41:27'),('cc94bb0c7d744aba90ba00149bf96984',NULL,'2','003','产品研发部','ff6d5335b1c7456e9a2e7734062820b2','0','ff6d5335b1c7456e9a2e7734062820b2','1','true','','9270fc07603e457aba1c74d586615e64','2018-09-29 13:30:46','9270fc07603e457aba1c74d586615e64','2018-09-29 13:27:58'),('d3a2d739512040a6a7608de76baeef97','0','1','23','23','ff6d5335b1c7456e9a2e7734062820b2','0','ff6d5335b1c7456e9a2e7734062820b2','23','true','32','026a564bbfd84861ac4b65393644beef','2017-08-22 18:41:19','026a564bbfd84861ac4b65393644beef','2017-08-22 18:36:12'),('ed67b908a3454079b009b64aa95a6147',NULL,'1','234','234','ff6d5335b1c7456e9a2e7734062820b2','0','ff6d5335b1c7456e9a2e7734062820b2','234','true','234','026a564bbfd84861ac4b65393644beef','2017-10-18 09:50:29','026a564bbfd84861ac4b65393644beef','2017-08-22 18:41:27'),('f01c7fef659c41e1beceaead75d536c8',NULL,'2','303','外包部','4df0426bb7014e95b945ec960917c247','1','ff6d5335b1c7456e9a2e7734062820b2','3','true','外包部','026a564bbfd84861ac4b65393644beef','2018-09-29 16:43:17','026a564bbfd84861ac4b65393644beef','2018-09-29 16:40:39'),('ff6d5335b1c7456e9a2e7734062820b2','0','0','0','LMDSFOT科技公司','0','1','ff6d5335b1c7456e9a2e7734062820b2','1','true','根节点','026a564bbfd84861ac4b65393644beef','2017-08-16 11:24:51','9270fc07603e457aba1c74d586615e64','2018-12-20 17:37:31');

/*Table structure for table `sys_organ_role` */

DROP TABLE IF EXISTS `sys_organ_role`;

CREATE TABLE `sys_organ_role` (
  `organ_id` varchar(32) NOT NULL COMMENT '组织id',
  `role_id` varchar(32) NOT NULL COMMENT '角色id',
  PRIMARY KEY (`organ_id`,`role_id`)
) ENGINE=InnoDB DEFAULT CHARSET=utf8 COMMENT='组织角色关系表';

/*Data for the table `sys_organ_role` */

insert  into `sys_organ_role`(`organ_id`,`role_id`) values ('0eec919538bd4cd7bf3b1aebd54808f5','172f51773a854fe1b7c5b42f53eb7f8a'),('0eec919538bd4cd7bf3b1aebd54808f5','3f4f819d494c469295d197afea323233'),('0eec919538bd4cd7bf3b1aebd54808f5','695a97ae34b94d57899833a3ebcd656a'),('0eec919538bd4cd7bf3b1aebd54808f5','f6e67f1c5d9d4ac29fd8d6aab81c3aab'),('40ffec9b300c431e890c17beccf8e65c','172f51773a854fe1b7c5b42f53eb7f8a'),('40ffec9b300c431e890c17beccf8e65c','3f4f819d494c469295d197afea323233'),('40ffec9b300c431e890c17beccf8e65c','695a97ae34b94d57899833a3ebcd656a'),('40ffec9b300c431e890c17beccf8e65c','f6e67f1c5d9d4ac29fd8d6aab81c3aab'),('4df0426bb7014e95b945ec960917c247','172f51773a854fe1b7c5b42f53eb7f8a'),('4df0426bb7014e95b945ec960917c247','56b973c097854d58888e8e13e1b57bf2'),('4ec329625a1047ea87a8dfe8dd0750d1','172f51773a854fe1b7c5b42f53eb7f8a'),('4ec329625a1047ea87a8dfe8dd0750d1','3f4f819d494c469295d197afea323233'),('4ec329625a1047ea87a8dfe8dd0750d1','f6e67f1c5d9d4ac29fd8d6aab81c3aab'),('58ecec3bba4447bf88f9079212b8e69e','172f51773a854fe1b7c5b42f53eb7f8a'),('58ecec3bba4447bf88f9079212b8e69e','56b973c097854d58888e8e13e1b57bf2'),('7180f5a0c3624f4bb6fb758ab2c3bda6','172f51773a854fe1b7c5b42f53eb7f8a'),('7180f5a0c3624f4bb6fb758ab2c3bda6','3f4f819d494c469295d197afea323233'),('7180f5a0c3624f4bb6fb758ab2c3bda6','695a97ae34b94d57899833a3ebcd656a'),('7180f5a0c3624f4bb6fb758ab2c3bda6','f6e67f1c5d9d4ac29fd8d6aab81c3aab'),('87242a528564455cad63417f74cd5d72','172f51773a854fe1b7c5b42f53eb7f8a'),('87242a528564455cad63417f74cd5d72','56b973c097854d58888e8e13e1b57bf2'),('9e6a3c71bcd84d45807aa6641ab1a642','0c3245b565c84f639ab9e05a6d1eedfd'),('9e6a3c71bcd84d45807aa6641ab1a642','172f51773a854fe1b7c5b42f53eb7f8a'),('9e6a3c71bcd84d45807aa6641ab1a642','3f4f819d494c469295d197afea323233'),('9e6a3c71bcd84d45807aa6641ab1a642','f6e67f1c5d9d4ac29fd8d6aab81c3aab'),('a694d140b8e44eb2baa5f26435c6a7f8','172f51773a854fe1b7c5b42f53eb7f8a'),('a694d140b8e44eb2baa5f26435c6a7f8','3f4f819d494c469295d197afea323233'),('a694d140b8e44eb2baa5f26435c6a7f8','f6e67f1c5d9d4ac29fd8d6aab81c3aab'),('f01c7fef659c41e1beceaead75d536c8','172f51773a854fe1b7c5b42f53eb7f8a'),('f01c7fef659c41e1beceaead75d536c8','56b973c097854d58888e8e13e1b57bf2'),('ff6d5335b1c7456e9a2e7734062820b2','172f51773a854fe1b7c5b42f53eb7f8a'),('ff6d5335b1c7456e9a2e7734062820b2','3f4f819d494c469295d197afea323233'),('ff6d5335b1c7456e9a2e7734062820b2','f6e67f1c5d9d4ac29fd8d6aab81c3aab');

/*Table structure for table `sys_oss` */

DROP TABLE IF EXISTS `sys_oss`;

CREATE TABLE `sys_oss` (
  `id` bigint(20) NOT NULL AUTO_INCREMENT,
  `url` varchar(200) DEFAULT NULL COMMENT 'URL地址',
  `create_date` datetime DEFAULT NULL COMMENT '创建时间',
  PRIMARY KEY (`id`)
) ENGINE=InnoDB AUTO_INCREMENT=11 DEFAULT CHARSET=utf8 COMMENT='文件上传';

/*Data for the table `sys_oss` */

insert  into `sys_oss`(`id`,`url`,`create_date`) values (8,'group1/M00/00/00/wKgAeFwGwf2ALQZEAA1rItoq8fI415.jpg','2018-12-04 19:02:06'),(9,'null/group1/M00/00/00/wKgAeFwHMQmASl0yAAzodXNDJVY602.jpg','2018-12-05 09:59:37'),(10,'http://192.168.0.120/group1/M00/00/00/wKgAeFwHMfqAKXI-AAzodXNDJVY869.jpg','2018-12-05 10:03:39');

/*Table structure for table `sys_role` */

DROP TABLE IF EXISTS `sys_role`;

CREATE TABLE `sys_role` (
  `id` varchar(32) NOT NULL COMMENT '角色id',
  `bapid` varchar(32) DEFAULT NULL COMMENT '机构id',
  `name` varchar(64) DEFAULT NULL COMMENT '角色名称',
  `code` varchar(64) DEFAULT NULL COMMENT '角色代码',
  `status` varchar(6) DEFAULT NULL COMMENT '角色状态(0正常 1禁用）',
  `role_type` varchar(6) DEFAULT NULL COMMENT '角色类型',
  `remark` varchar(255) DEFAULT NULL COMMENT '备注',
  `update_time` datetime DEFAULT NULL COMMENT '更新时间',
  `create_time` datetime DEFAULT NULL COMMENT '新增时间',
  `update_id` varchar(32) DEFAULT NULL COMMENT '更新人',
  `create_id` varchar(32) DEFAULT NULL COMMENT '新增人',
  `baid` varchar(255) DEFAULT NULL COMMENT '部门id',
  PRIMARY KEY (`id`)
) ENGINE=InnoDB DEFAULT CHARSET=utf8 COMMENT='角色表';

/*Data for the table `sys_role` */

insert  into `sys_role`(`id`,`bapid`,`name`,`code`,`status`,`role_type`,`remark`,`update_time`,`create_time`,`update_id`,`create_id`,`baid`) values ('0c3245b565c84f639ab9e05a6d1eedfd',NULL,'重庆分公司市场部',NULL,'0',NULL,'重庆分公司市场部','2018-09-29 16:51:18','2017-08-16 13:51:21',NULL,'026a564bbfd84861ac4b65393644beef',NULL),('172f51773a854fe1b7c5b42f53eb7f8a',NULL,'系统管理员',NULL,'0',NULL,'系统管理员','2018-09-29 16:47:38','2018-09-29 13:26:59',NULL,'9270fc07603e457aba1c74d586615e64',NULL),('56b973c097854d58888e8e13e1b57bf2',NULL,'IT信息中心',NULL,'0',NULL,'IT信息中心',NULL,'2018-09-29 16:52:19',NULL,'026a564bbfd84861ac4b65393644beef',NULL),('695a97ae34b94d57899833a3ebcd656a',NULL,'深圳分公司销售部',NULL,'0',NULL,'深圳分公司销售部','2018-09-29 16:50:20','2017-07-20 11:49:42',NULL,'026a564bbfd84861ac4b65393644beef',NULL);

/*Table structure for table `sys_role_menu` */

DROP TABLE IF EXISTS `sys_role_menu`;

CREATE TABLE `sys_role_menu` (
  `role_id` varchar(32) NOT NULL COMMENT '角色id',
  `menu_id` varchar(32) NOT NULL COMMENT '权限id',
  PRIMARY KEY (`menu_id`,`role_id`)
) ENGINE=InnoDB DEFAULT CHARSET=utf8 COMMENT='权限角色表';

/*Data for the table `sys_role_menu` */

insert  into `sys_role_menu`(`role_id`,`menu_id`) values ('0c3245b565c84f639ab9e05a6d1eedfd','0'),('172f51773a854fe1b7c5b42f53eb7f8a','0'),('56b973c097854d58888e8e13e1b57bf2','0'),('695a97ae34b94d57899833a3ebcd656a','0'),('172f51773a854fe1b7c5b42f53eb7f8a','0c410538dff54d35a1e19c7524c20e47'),('56b973c097854d58888e8e13e1b57bf2','0c410538dff54d35a1e19c7524c20e47'),('172f51773a854fe1b7c5b42f53eb7f8a','0c7df2638a464cd5b165547e07dd5409'),('56b973c097854d58888e8e13e1b57bf2','0c7df2638a464cd5b165547e07dd5409'),('172f51773a854fe1b7c5b42f53eb7f8a','0e6213b719bd424a9c794ee87f64333e'),('56b973c097854d58888e8e13e1b57bf2','0e6213b719bd424a9c794ee87f64333e'),('172f51773a854fe1b7c5b42f53eb7f8a','1'),('56b973c097854d58888e8e13e1b57bf2','1'),('172f51773a854fe1b7c5b42f53eb7f8a','14c58e44d6754c92806e1b97614c49b9'),('172f51773a854fe1b7c5b42f53eb7f8a','1515daa136ba41f783e82318f851d343'),('56b973c097854d58888e8e13e1b57bf2','1515daa136ba41f783e82318f851d343'),('0c3245b565c84f639ab9e05a6d1eedfd','15d2074a502f443cb760f613a40df598'),('172f51773a854fe1b7c5b42f53eb7f8a','15d2074a502f443cb760f613a40df598'),('695a97ae34b94d57899833a3ebcd656a','15d2074a502f443cb760f613a40df598'),('172f51773a854fe1b7c5b42f53eb7f8a','1cabf71492834ffa9eb5fb85aeca9f14'),('56b973c097854d58888e8e13e1b57bf2','1cabf71492834ffa9eb5fb85aeca9f14'),('172f51773a854fe1b7c5b42f53eb7f8a','1e7867f5ef3748bbaa2060b0192b8ff0'),('56b973c097854d58888e8e13e1b57bf2','1e7867f5ef3748bbaa2060b0192b8ff0'),('172f51773a854fe1b7c5b42f53eb7f8a','1eabb55ae2fa4f5e890c7739c1678e44'),('56b973c097854d58888e8e13e1b57bf2','1eabb55ae2fa4f5e890c7739c1678e44'),('172f51773a854fe1b7c5b42f53eb7f8a','1f936af47d064ab4989aadf6373e6502'),('56b973c097854d58888e8e13e1b57bf2','1f936af47d064ab4989aadf6373e6502'),('172f51773a854fe1b7c5b42f53eb7f8a','2'),('56b973c097854d58888e8e13e1b57bf2','2'),('172f51773a854fe1b7c5b42f53eb7f8a','239474f2afbf4196a6fc755c88be008d'),('56b973c097854d58888e8e13e1b57bf2','239474f2afbf4196a6fc755c88be008d'),('172f51773a854fe1b7c5b42f53eb7f8a','3733b9170b1e4994bddcf1ce62c4c082'),('56b973c097854d58888e8e13e1b57bf2','3733b9170b1e4994bddcf1ce62c4c082'),('172f51773a854fe1b7c5b42f53eb7f8a','39cb0308a7fc4f7fb6c49440224ac2a4'),('172f51773a854fe1b7c5b42f53eb7f8a','4'),('56b973c097854d58888e8e13e1b57bf2','4'),('172f51773a854fe1b7c5b42f53eb7f8a','4565ee01959c478d96c4071d3bb2a36f'),('56b973c097854d58888e8e13e1b57bf2','4565ee01959c478d96c4071d3bb2a36f'),('172f51773a854fe1b7c5b42f53eb7f8a','4e053e35bfed492fa6248e4888addd67'),('56b973c097854d58888e8e13e1b57bf2','4e053e35bfed492fa6248e4888addd67'),('172f51773a854fe1b7c5b42f53eb7f8a','5584eb27178048c6acd7ddef0b173047'),('56b973c097854d58888e8e13e1b57bf2','5584eb27178048c6acd7ddef0b173047'),('172f51773a854fe1b7c5b42f53eb7f8a','6'),('56b973c097854d58888e8e13e1b57bf2','6'),('172f51773a854fe1b7c5b42f53eb7f8a','624b686dd7884be48f41fcb6bf86c272'),('56b973c097854d58888e8e13e1b57bf2','624b686dd7884be48f41fcb6bf86c272'),('0c3245b565c84f639ab9e05a6d1eedfd','62bdcab5fe5f4e5fa7ab79fcd8cb47c4'),('172f51773a854fe1b7c5b42f53eb7f8a','62bdcab5fe5f4e5fa7ab79fcd8cb47c4'),('695a97ae34b94d57899833a3ebcd656a','62bdcab5fe5f4e5fa7ab79fcd8cb47c4'),('172f51773a854fe1b7c5b42f53eb7f8a','690b7470fe394a6a8d9d0fa1340f18dc'),('56b973c097854d58888e8e13e1b57bf2','690b7470fe394a6a8d9d0fa1340f18dc'),('172f51773a854fe1b7c5b42f53eb7f8a','695388220b704cdaa72539c5f82fb254'),('56b973c097854d58888e8e13e1b57bf2','695388220b704cdaa72539c5f82fb254'),('172f51773a854fe1b7c5b42f53eb7f8a','7'),('56b973c097854d58888e8e13e1b57bf2','7'),('0c3245b565c84f639ab9e05a6d1eedfd','7cec2d46083c47bba323436cb409693f'),('172f51773a854fe1b7c5b42f53eb7f8a','7cec2d46083c47bba323436cb409693f'),('695a97ae34b94d57899833a3ebcd656a','7cec2d46083c47bba323436cb409693f'),('0c3245b565c84f639ab9e05a6d1eedfd','80030434d10548968beaaeed79c3408b'),('172f51773a854fe1b7c5b42f53eb7f8a','80030434d10548968beaaeed79c3408b'),('695a97ae34b94d57899833a3ebcd656a','80030434d10548968beaaeed79c3408b'),('172f51773a854fe1b7c5b42f53eb7f8a','84999d96d67a423abde2870ac553798b'),('56b973c097854d58888e8e13e1b57bf2','84999d96d67a423abde2870ac553798b'),('0c3245b565c84f639ab9e05a6d1eedfd','866aa98844be494bbe669d29a76aff7b'),('172f51773a854fe1b7c5b42f53eb7f8a','866aa98844be494bbe669d29a76aff7b'),('695a97ae34b94d57899833a3ebcd656a','866aa98844be494bbe669d29a76aff7b'),('0c3245b565c84f639ab9e05a6d1eedfd','8ae83f604d394671ae78d763c3f41ded'),('172f51773a854fe1b7c5b42f53eb7f8a','8ae83f604d394671ae78d763c3f41ded'),('695a97ae34b94d57899833a3ebcd656a','8ae83f604d394671ae78d763c3f41ded'),('0c3245b565c84f639ab9e05a6d1eedfd','8b1f46f8ba6e455790a515c32e0329c5'),('172f51773a854fe1b7c5b42f53eb7f8a','8b1f46f8ba6e455790a515c32e0329c5'),('695a97ae34b94d57899833a3ebcd656a','8b1f46f8ba6e455790a515c32e0329c5'),('172f51773a854fe1b7c5b42f53eb7f8a','90ca98befe9f4a67a07d5ab5fb2f3de3'),('56b973c097854d58888e8e13e1b57bf2','90ca98befe9f4a67a07d5ab5fb2f3de3'),('172f51773a854fe1b7c5b42f53eb7f8a','9181aafab10044d99267598e54f0057b'),('56b973c097854d58888e8e13e1b57bf2','9181aafab10044d99267598e54f0057b'),('172f51773a854fe1b7c5b42f53eb7f8a','9193197e3e0b470d9a18a68e3b0357e6'),('56b973c097854d58888e8e13e1b57bf2','9193197e3e0b470d9a18a68e3b0357e6'),('172f51773a854fe1b7c5b42f53eb7f8a','9d22510a1b1a40459619c5b2fdddfdc2'),('172f51773a854fe1b7c5b42f53eb7f8a','9e8dc02fe5614580bdf5f6ca9a852b70'),('172f51773a854fe1b7c5b42f53eb7f8a','a226fea7f33245bcb3fc50159accfe7d'),('56b973c097854d58888e8e13e1b57bf2','a226fea7f33245bcb3fc50159accfe7d'),('172f51773a854fe1b7c5b42f53eb7f8a','a73be9e0371848e18135652f632a117f'),('56b973c097854d58888e8e13e1b57bf2','a73be9e0371848e18135652f632a117f'),('172f51773a854fe1b7c5b42f53eb7f8a','b7ab517a15b74dea812ee7ef32847a48'),('0c3245b565c84f639ab9e05a6d1eedfd','bb5bc94a71a546aba5d9f813b6a352bb'),('172f51773a854fe1b7c5b42f53eb7f8a','bb5bc94a71a546aba5d9f813b6a352bb'),('695a97ae34b94d57899833a3ebcd656a','bb5bc94a71a546aba5d9f813b6a352bb'),('172f51773a854fe1b7c5b42f53eb7f8a','bbe03cab3b4a45c2a4dd972c80ef4224'),('56b973c097854d58888e8e13e1b57bf2','bbe03cab3b4a45c2a4dd972c80ef4224'),('172f51773a854fe1b7c5b42f53eb7f8a','bc82a59fa9034622a66e13fd830def06'),('56b973c097854d58888e8e13e1b57bf2','bc82a59fa9034622a66e13fd830def06'),('172f51773a854fe1b7c5b42f53eb7f8a','c898d73ff1fb49dc89909ed13452103a'),('172f51773a854fe1b7c5b42f53eb7f8a','ce4a2b7afad24616abd283f4741fe3e0'),('172f51773a854fe1b7c5b42f53eb7f8a','cefab951f1474646b9419828db47c362'),('56b973c097854d58888e8e13e1b57bf2','cefab951f1474646b9419828db47c362'),('0c3245b565c84f639ab9e05a6d1eedfd','d15ebea9fba342519fe5ed26d0089e81'),('172f51773a854fe1b7c5b42f53eb7f8a','d15ebea9fba342519fe5ed26d0089e81'),('56b973c097854d58888e8e13e1b57bf2','d15ebea9fba342519fe5ed26d0089e81'),('695a97ae34b94d57899833a3ebcd656a','d15ebea9fba342519fe5ed26d0089e81'),('172f51773a854fe1b7c5b42f53eb7f8a','e700f061dae448e58cd81a68e17b3439'),('56b973c097854d58888e8e13e1b57bf2','e700f061dae448e58cd81a68e17b3439'),('172f51773a854fe1b7c5b42f53eb7f8a','f161e717976340e89c68b93abb87419d'),('56b973c097854d58888e8e13e1b57bf2','f161e717976340e89c68b93abb87419d'),('172f51773a854fe1b7c5b42f53eb7f8a','f4d418f7f9174338acc595151daa020f'),('56b973c097854d58888e8e13e1b57bf2','f4d418f7f9174338acc595151daa020f'),('172f51773a854fe1b7c5b42f53eb7f8a','f4f6af97585d401f918afedd3ca223e9'),('56b973c097854d58888e8e13e1b57bf2','f4f6af97585d401f918afedd3ca223e9'),('172f51773a854fe1b7c5b42f53eb7f8a','f7a850cb503c4b2cb5dc27081aca3325'),('56b973c097854d58888e8e13e1b57bf2','f7a850cb503c4b2cb5dc27081aca3325'),('172f51773a854fe1b7c5b42f53eb7f8a','f8524c36e2584ff5a2e374c3727c39c5'),('56b973c097854d58888e8e13e1b57bf2','f8524c36e2584ff5a2e374c3727c39c5'),('172f51773a854fe1b7c5b42f53eb7f8a','fdd70e08ae994de18009bc95f4f51fff'),('56b973c097854d58888e8e13e1b57bf2','fdd70e08ae994de18009bc95f4f51fff'),('0c3245b565c84f639ab9e05a6d1eedfd','feb235067fd7400090b0aa5451e4a5a4'),('172f51773a854fe1b7c5b42f53eb7f8a','feb235067fd7400090b0aa5451e4a5a4'),('695a97ae34b94d57899833a3ebcd656a','feb235067fd7400090b0aa5451e4a5a4');

/*Table structure for table `sys_user` */

DROP TABLE IF EXISTS `sys_user`;

CREATE TABLE `sys_user` (
  `id` varchar(32) NOT NULL COMMENT 'id主键',
  `bapid` varchar(32) NOT NULL COMMENT '机构id',
  `user_name` varchar(64) DEFAULT NULL COMMENT '用户名',
  `login_name` varchar(64) NOT NULL COMMENT '登陆帐户',
  `pass_word` varchar(128) DEFAULT NULL COMMENT '密码',
  `create_time` datetime DEFAULT NULL COMMENT '新建时间',
  `update_time` datetime DEFAULT NULL COMMENT '更新时间',
  `status` varchar(6) DEFAULT NULL COMMENT '状态(1正常 -1禁用)',
  `phone` varchar(64) DEFAULT NULL COMMENT '电话',
  `photo` varchar(255) DEFAULT NULL COMMENT '头像',
  `email` varchar(128) DEFAULT NULL COMMENT '邮箱',
  `create_id` varchar(32) DEFAULT NULL COMMENT '创建者',
  `update_id` varchar(32) DEFAULT NULL COMMENT '更新者',
  `remark` varchar(255) DEFAULT NULL COMMENT '备注',
  `baid` varchar(32) DEFAULT NULL COMMENT '部门id',
  `salt` varchar(64) DEFAULT NULL COMMENT '盐',
  PRIMARY KEY (`id`)
) ENGINE=InnoDB DEFAULT CHARSET=utf8 COMMENT='系统用户表';

/*Data for the table `sys_user` */

insert  into `sys_user`(`id`,`bapid`,`user_name`,`login_name`,`pass_word`,`create_time`,`update_time`,`status`,`phone`,`photo`,`email`,`create_id`,`update_id`,`remark`,`baid`,`salt`) values ('2408ef8373e94a20a2156bdfa8047e37','4df0426bb7014e95b945ec960917c247','lmd','lmd','ae2de6bc369e62f801ef7995d9fdc0a6576de2937ac7530db51ac57e7e8b69cd','2018-09-29 13:33:56','2018-09-29 16:54:04','',NULL,NULL,NULL,'9270fc07603e457aba1c74d586615e64','026a564bbfd84861ac4b65393644beef',NULL,'58ecec3bba4447bf88f9079212b8e69e','rAs0qFA78bmbW8nneDcb'),('3328c9841cee4c7caafabde8085f4204','7180f5a0c3624f4bb6fb758ab2c3bda6','123','123','71338f497c8060677d3851b8acb935cc1f69b4b0cc86144d9f90cbd78638e45f','2018-12-06 13:33:57',NULL,'',NULL,NULL,NULL,'9270fc07603e457aba1c74d586615e64',NULL,NULL,'0eec919538bd4cd7bf3b1aebd54808f5','PMY6YDk7CRDenZXIt9Ub'),('9270fc07603e457aba1c74d586615e64','4df0426bb7014e95b945ec960917c247','admin','admin','0666bd76f5b4d91dcd0a01eb2cc637c8ad8ee67ca812f20e14f7e8192e877584','2018-09-20 15:07:34','2018-09-29 16:54:47','',NULL,NULL,NULL,'026a564bbfd84861ac4b65393644beef','026a564bbfd84861ac4b65393644beef',NULL,'58ecec3bba4447bf88f9079212b8e69e','3iJ8SchYhXyw5nYTCd7C'),('9390b6e3683c425ca389efe7aa6af4b1','a694d140b8e44eb2baa5f26435c6a7f8','test','a','df0c3232d80716e2c83e4d57fefcc548857e6431a187cc44fe293e877f9dbe19','2017-11-16 21:41:54','2018-09-29 16:56:29','','12531',NULL,NULL,'f68afc12a1924deaa2051154fe0efecc','026a564bbfd84861ac4b65393644beef',NULL,'9e6a3c71bcd84d45807aa6641ab1a642','pzzmRGjppiSuHr8Dshf4'),('98df0e92788c416a9fb983e89a8d01ce','a694d140b8e44eb2baa5f26435c6a7f8','小五','xw','c1659ce220b8a91c5c3ad15c136fe1a7607e63c44f11740183888135b33a1971','2017-09-15 11:04:12','2018-09-29 17:01:37','0','32477',NULL,NULL,'026a564bbfd84861ac4b65393644beef','9270fc07603e457aba1c74d586615e64',NULL,'9e6a3c71bcd84d45807aa6641ab1a642','bdlM6f3QQkbVDtkATTMF'),('f68afc12a1924deaa2051154fe0efecc','7180f5a0c3624f4bb6fb758ab2c3bda6','小马','xm','c918267d1103b2c1a2544c69d0b46098343db7dd6d434ef35ba854441adda0cc','2017-09-15 14:43:25','2018-09-29 16:55:29','0','1522',NULL,NULL,'026a564bbfd84861ac4b65393644beef','026a564bbfd84861ac4b65393644beef',NULL,'0eec919538bd4cd7bf3b1aebd54808f5','WXLGqcNau9uuPR1uI7vj');

/*Table structure for table `sys_user_role` */

DROP TABLE IF EXISTS `sys_user_role`;

CREATE TABLE `sys_user_role` (
  `user_id` varchar(32) NOT NULL COMMENT '用户id',
  `role_id` varchar(32) NOT NULL COMMENT '角色id',
  PRIMARY KEY (`role_id`,`user_id`)
) ENGINE=InnoDB DEFAULT CHARSET=utf8 COMMENT='用户角色关系表';

/*Data for the table `sys_user_role` */

insert  into `sys_user_role`(`user_id`,`role_id`) values ('026a564bbfd84861ac4b65393644beef','0c3245b565c84f639ab9e05a6d1eedfd'),('3328c9841cee4c7caafabde8085f4204','0c3245b565c84f639ab9e05a6d1eedfd'),('9390b6e3683c425ca389efe7aa6af4b1','0c3245b565c84f639ab9e05a6d1eedfd'),('98df0e92788c416a9fb983e89a8d01ce','0c3245b565c84f639ab9e05a6d1eedfd'),('10cc7da2f77e416f818f40e86c556400','172f51773a854fe1b7c5b42f53eb7f8a'),('2408ef8373e94a20a2156bdfa8047e37','172f51773a854fe1b7c5b42f53eb7f8a'),('9270fc07603e457aba1c74d586615e64','172f51773a854fe1b7c5b42f53eb7f8a'),('d19a4b70f7ae42529ff6a1dc88b60aa8','172f51773a854fe1b7c5b42f53eb7f8a'),('98df0e92788c416a9fb983e89a8d01ce','695a97ae34b94d57899833a3ebcd656a'),('f68afc12a1924deaa2051154fe0efecc','695a97ae34b94d57899833a3ebcd656a');

/*!40101 SET SQL_MODE=@OLD_SQL_MODE */;
/*!40014 SET FOREIGN_KEY_CHECKS=@OLD_FOREIGN_KEY_CHECKS */;
/*!40014 SET UNIQUE_CHECKS=@OLD_UNIQUE_CHECKS */;
/*!40111 SET SQL_NOTES=@OLD_SQL_NOTES */;
